case,rank,tier,dataset,obj_id,name,scene,im,gt_idx,visib,condition,cad,cad_units_m,pose_source,fp_conf,fp_fail,dsym_mm,dsym_norm,f05,place_mm,settle_mm,world,plane_inlier,plane_angle_deg,bottom_gap_mm,n_cand,n_reach,n_blocked,n_att,n_succ,first_succ,succ,lift_cm,att_seq,fail_reason,runtime_s,ts,yaw_deg,graspable_pose
ycbv2,1,0,ycbv,2,cracker box,54,1,0,,gt,gt,0,fp_solo_render,46.906,,3.48,0.0129,1.0,7.1,4.0,solo,,,,40,21,0,1,1,1,1,14.2,S,,5.1,2026-09-11T21:42:51,0.0,1
ycbv2,1,0,ycbv,2,cracker box,54,1,0,,proxy,housecat6d/bottle-dettol_washing_machine,1,fp_solo_render,134.969,,29.94,0.1111,0.199,23.6,4.0,solo,,,,40,2,0,2,0,0,0,0.0,"F,F",grasp_failed,34.3,2026-09-11T21:42:56,0.0,1
ycbv2,1,0,ycbv,2,cracker box,54,38,0,,gt,gt,0,fp_solo_render,55.219,,5.57,0.0207,1.0,8.7,4.0,solo,,,,40,1,0,1,0,0,0,0.0,F,grasp_failed,3.3,2026-09-11T21:43:34,36.0,1
ycbv2,1,0,ycbv,2,cracker box,54,38,0,,proxy,housecat6d/bottle-dettol_washing_machine,1,fp_solo_render,118.266,,34.53,0.1281,0.2606,76.4,4.0,solo,,,,40,10,6,4,0,0,0,0.0,"B,F,B,F,F,B,B,F,B,B",grasp_failed,4.5,2026-09-11T21:43:37,36.0,1
ycbv2,1,0,ycbv,2,cracker box,54,56,0,,gt,gt,0,fp_solo_render,57.031,,5.95,0.0221,1.0,7.9,4.0,solo,,,,40,5,0,5,0,0,0,0.0,"F,F,F,F,F",grasp_failed,3.5,2026-09-11T21:43:47,72.0,1
ycbv2,1,0,ycbv,2,cracker box,54,56,0,,proxy,housecat6d/bottle-dettol_washing_machine,1,fp_solo_render,124.188,,40.52,0.1503,0.2889,78.6,4.0,solo,,,,40,15,1,1,1,1,1,12.6,"B,S",,4.1,2026-09-11T21:43:50,72.0,1
ycbv2,1,0,ycbv,2,cracker box,54,86,0,,gt,gt,0,fp_solo_render,56.594,,6.06,0.0225,1.0,8.3,4.0,solo,,,,40,2,0,2,0,0,0,0.0,"F,F",grasp_failed,3.3,2026-09-11T21:43:58,108.0,1
ycbv2,1,0,ycbv,2,cracker box,54,86,0,,proxy,housecat6d/bottle-dettol_washing_machine,1,fp_solo_render,136.656,,32.71,0.1213,0.2571,62.6,4.0,solo,,,,40,16,0,1,1,1,1,11.0,S,,4.1,2026-09-11T21:44:02,108.0,1
ycbv2,1,0,ycbv,2,cracker box,54,202,0,,gt,gt,0,fp_solo_render,52.969,,4.61,0.0171,0.9771,8.7,4.0,solo,,,,40,0,0,0,0,0,0,0.0,,unreachable,3.2,2026-09-11T21:44:10,144.0,1
ycbv2,1,0,ycbv,2,cracker box,54,202,0,,proxy,housecat6d/bottle-dettol_washing_machine,1,fp_solo_render,133.969,,29.24,0.1085,0.2002,32.4,4.0,solo,,,,40,14,0,1,1,1,1,10.1,S,,4.2,2026-09-11T21:44:13,144.0,1
ycbv2,1,0,ycbv,2,cracker box,54,1178,0,,gt,gt,0,fp_solo_render,44.469,,7.01,0.026,1.0,8.5,4.0,solo,,,,40,1,1,0,0,0,0,0.0,B,all_blocked,3.2,2026-09-11T21:44:21,180.0,1
ycbv2,1,0,ycbv,2,cracker box,54,1178,0,,proxy,housecat6d/bottle-dettol_washing_machine,1,fp_solo_render,126.172,,32.36,0.1201,0.2646,54.0,4.0,solo,,,,40,0,0,0,0,0,0,0.0,,unreachable,3.9,2026-09-11T21:44:25,180.0,1
ycbv2,1,0,ycbv,2,cracker box,54,1539,0,,gt,gt,0,fp_solo_render,49.938,,6.34,0.0235,1.0,7.5,4.0,solo,,,,40,3,0,3,0,0,0,0.0,"F,F,F",grasp_failed,3.4,2026-09-11T21:44:33,216.0,1
ycbv2,1,0,ycbv,2,cracker box,54,1539,0,,proxy,housecat6d/bottle-dettol_washing_machine,1,fp_solo_render,126.516,,30.42,0.1128,0.2321,35.4,4.0,solo,,,,40,13,8,5,0,0,0,0.0,"B,B,B,F,F,B,B,B,B,B,F,F,F",grasp_failed,4.5,2026-09-11T21:44:36,216.0,1
ycbv2,1,0,ycbv,2,cracker box,54,1550,0,,gt,gt,0,fp_solo_render,57.844,,4.71,0.0175,1.0,7.3,4.0,solo,,,,40,2,0,1,1,1,1,13.0,S,,3.3,2026-09-11T21:44:45,252.0,1
ycbv2,1,0,ycbv,2,cracker box,54,1550,0,,proxy,housecat6d/bottle-dettol_washing_machine,1,fp_solo_render,147.0,,28.87,0.1071,0.2303,39.4,4.0,solo,,,,40,15,4,1,1,1,1,10.6,"B,B,B,B,S",,4.3,2026-09-11T21:44:48,252.0,1
ycbv2,1,0,ycbv,2,cracker box,54,1568,0,,gt,gt,0,fp_solo_render,58.562,,2.84,0.0105,1.0,7.1,4.0,solo,,,,40,0,0,0,0,0,0,0.0,,unreachable,3.2,2026-09-11T21:44:57,288.0,1
ycbv2,1,0,ycbv,2,cracker box,54,1568,0,,proxy,housecat6d/bottle-dettol_washing_machine,1,fp_solo_render,135.188,,28.21,0.1046,0.2468,44.3,4.0,solo,,,,40,13,12,1,0,0,0,0.0,"B,B,B,B,B,B,B,B,B,B,F,B,B",grasp_failed,4.6,2026-09-11T21:45:00,288.0,1
ycbv2,1,0,ycbv,2,cracker box,54,1585,0,,gt,gt,0,fp_solo_render,51.219,,3.75,0.0139,1.0,6.8,4.0,solo,,,,40,14,0,1,1,1,1,14.3,S,,3.3,2026-09-11T21:45:09,324.0,1
ycbv2,1,0,ycbv,2,cracker box,54,1585,0,,proxy,housecat6d/bottle-dettol_washing_machine,1,fp_solo_render,130.219,,30.35,0.1126,0.1769,24.5,4.0,solo,,,,40,2,1,1,0,0,0,0.0,"F,B",grasp_failed,4.0,2026-09-11T21:45:13,324.0,1
ycbv3,2,0,ycbv,3,sugar box,49,36,0,,gt,gt,0,fp_solo_render,39.031,,3.43,0.0173,0.9578,6.3,2.5,solo,,,,40,25,0,5,0,0,0,0.0,"F,F,F,F,F",grasp_failed,2.2,2026-09-11T21:45:23,0.0,1
ycbv3,2,0,ycbv,3,sugar box,49,36,0,,proxy,gso/Ultra_JarroDophilus,1,fp_solo_render,134.812,,36.3,0.183,0.1521,62.8,2.5,solo,,,,40,0,0,0,0,0,0,0.0,,unreachable,6.0,2026-09-11T21:45:25,0.0,1
ycbv3,2,0,ycbv,3,sugar box,51,1,1,,gt,gt,0,fp_solo_render,44.031,,2.55,0.0128,1.0,6.2,2.5,solo,,,,40,30,0,1,1,1,1,14.8,S,,1.9,2026-09-11T21:45:33,36.0,1
ycbv3,2,0,ycbv,3,sugar box,51,1,1,,proxy,gso/Ultra_JarroDophilus,1,fp_solo_render,118.969,,13.97,0.0704,0.504,26.3,2.5,solo,,,,40,4,4,0,0,0,0,0.0,"B,B,B,B",all_blocked,1.8,2026-09-11T21:45:35,36.0,1
ycbv3,2,0,ycbv,3,sugar box,54,1,1,,gt,gt,0,fp_solo_render,50.375,,4.53,0.0229,1.0,6.4,2.5,solo,,,,40,1,0,1,1,1,1,12.6,S,,1.8,2026-09-11T21:45:39,72.0,1
ycbv3,2,0,ycbv,3,sugar box,54,1,1,,proxy,gso/Ultra_JarroDophilus,1,fp_solo_render,122.781,,20.04,0.101,0.4095,47.4,2.5,solo,,,,40,0,0,0,0,0,0,0.0,,unreachable,1.6,2026-09-11T21:45:41,72.0,1
ycbv3,2,0,ycbv,3,sugar box,55,638,1,,gt,gt,0,fp_solo_render,58.938,,2.95,0.0148,0.8927,8.3,2.5,solo,,,,40,13,0,2,1,0,1,14.0,"F,S",,1.9,2026-09-11T21:45:45,108.0,1
ycbv3,2,0,ycbv,3,sugar box,55,638,1,,proxy,gso/Ultra_JarroDophilus,1,fp_solo_render,133.625,,18.15,0.0915,0.3738,11.7,2.5,solo,,,,40,10,3,5,0,0,0,0.0,"B,F,F,B,B,F,F,F",grasp_failed,2.0,2026-09-11T21:45:47,108.0,1
ycbv3,2,0,ycbv,3,sugar box,49,537,0,,gt,gt,0,fp_solo_render,53.062,,4.87,0.0245,1.0,6.0,2.5,solo,,,,40,29,0,1,1,1,1,14.6,S,,1.9,2026-09-11T21:45:51,144.0,1
ycbv3,2,0,ycbv,3,sugar box,49,537,0,,proxy,gso/Ultra_JarroDophilus,1,fp_solo_render,124.156,,15.27,0.077,0.4441,22.7,2.5,solo,,,,40,0,0,0,0,0,0,0.0,,unreachable,1.6,2026-09-11T21:45:53,144.0,1
ycbv3,2,0,ycbv,3,sugar box,51,116,1,,gt,gt,0,fp_solo_render,54.75,,2.59,0.0131,0.9007,6.8,2.5,solo,,,,40,29,0,1,1,1,1,14.6,S,,1.8,2026-09-11T21:45:56,180.0,1
ycbv3,2,0,ycbv,3,sugar box,51,116,1,,proxy,gso/Ultra_JarroDophilus,1,fp_solo_render,133.75,,54.28,0.2736,0.0,80.9,2.5,solo,,,,40,1,0,1,0,0,0,0.0,F,grasp_failed,1.6,2026-09-11T21:45:58,180.0,1
ycbv3,2,0,ycbv,3,sugar box,54,63,1,,gt,gt,0,fp_solo_render,46.844,,5.38,0.0271,0.9885,7.1,2.5,solo,,,,40,20,0,1,1,1,1,12.4,S,,1.8,2026-09-11T21:46:01,216.0,1
ycbv3,2,0,ycbv,3,sugar box,54,63,1,,proxy,gso/Ultra_JarroDophilus,1,fp_solo_render,120.109,,19.06,0.0961,0.4181,43.3,2.5,solo,,,,40,4,1,3,0,0,0,0.0,"B,F,F,F",grasp_failed,1.7,2026-09-11T21:46:03,216.0,1
ycbv3,2,0,ycbv,3,sugar box,55,641,1,,gt,gt,0,fp_solo_render,53.062,,3.69,0.0186,1.0,7.4,2.5,solo,,,,40,33,0,1,1,1,1,14.5,S,,1.8,2026-09-11T21:46:06,252.0,1
ycbv3,2,0,ycbv,3,sugar box,55,641,1,,proxy,gso/Ultra_JarroDophilus,1,fp_solo_render,113.695,,16.85,0.0849,0.4686,39.3,2.5,solo,,,,40,0,0,0,0,0,0,0.0,,unreachable,1.5,2026-09-11T21:46:08,252.0,1
ycbv3,2,0,ycbv,3,sugar box,49,576,0,,gt,gt,0,fp_solo_render,44.438,,3.22,0.0162,1.0,5.9,2.5,solo,,,,40,17,0,1,1,1,1,14.8,S,,1.8,2026-09-11T21:46:11,288.0,1
ycbv3,2,0,ycbv,3,sugar box,49,576,0,,proxy,gso/Ultra_JarroDophilus,1,fp_solo_render,122.578,,16.94,0.0854,0.4559,45.6,2.5,solo,,,,40,4,2,1,1,1,1,12.4,"B,B,S",,1.8,2026-09-11T21:46:13,288.0,1
ycbv3,2,0,ycbv,3,sugar box,51,553,1,,gt,gt,0,fp_solo_render,45.281,,4.7,0.0237,1.0,6.8,2.5,solo,,,,40,30,0,1,1,1,1,14.8,S,,1.8,2026-09-11T21:46:16,324.0,1
ycbv3,2,0,ycbv,3,sugar box,51,553,1,,proxy,gso/Ultra_JarroDophilus,1,fp_solo_render,125.359,,19.18,0.0967,0.3291,38.2,2.5,solo,,,,40,12,0,1,1,1,1,8.8,S,,1.7,2026-09-11T21:46:18,324.0,1
ycbv4,3,0,ycbv,4,tomato soup can,50,1125,1,,gt,gt,0,fp_solo_render,71.469,,4.6,0.0381,0.751,6.3,1.9,solo,,,,40,10,0,1,1,1,1,8.0,S,,9.8,2026-09-11T21:46:25,0.0,1
ycbv4,3,0,ycbv,4,tomato soup can,50,1125,1,,proxy,gso/Don_Franciscos_Gourmet_Coffee_Medium_Decaf_100_Colombian_12_oz_340_g,1,fp_solo_render,131.125,,17.86,0.1482,0.2528,30.7,1.9,solo,,,,1,1,0,1,0,0,0,0.0,F,grasp_failed,2.9,2026-09-11T21:46:34,0.0,1
ycbv4,3,0,ycbv,4,tomato soup can,51,1,2,,gt,gt,0,fp_solo_render,75.703,,5.14,0.0426,0.7156,6.8,1.9,solo,,,,40,8,0,1,1,1,1,7.4,S,,1.4,2026-09-11T21:46:42,36.0,1
ycbv4,3,0,ycbv,4,tomato soup can,51,1,2,,proxy,gso/Don_Franciscos_Gourmet_Coffee_Medium_Decaf_100_Colombian_12_oz_340_g,1,fp_solo_render,131.625,,17.65,0.1464,0.2297,28.2,1.9,solo,,,,1,0,0,0,0,0,0,0.0,,unreachable,1.8,2026-09-11T21:46:43,36.0,1
ycbv4,3,0,ycbv,4,tomato soup can,53,1,0,,gt,gt,0,fp_solo_render,65.656,,4.81,0.0399,0.7367,5.9,1.9,solo,,,,40,12,0,1,1,1,1,15.0,S,,1.4,2026-09-11T21:46:49,72.0,1
ycbv4,3,0,ycbv,4,tomato soup can,53,1,0,,proxy,gso/Don_Franciscos_Gourmet_Coffee_Medium_Decaf_100_Colombian_12_oz_340_g,1,fp_solo_render,137.344,,18.03,0.1496,0.1058,29.1,1.9,solo,,,,1,0,0,0,0,0,0,0.0,,unreachable,1.8,2026-09-11T21:46:50,72.0,1
ycbv4,3,0,ycbv,4,tomato soup can,55,22,2,,gt,gt,0,fp_solo_render,81.938,,5.92,0.0491,0.4539,8.2,1.9,solo,,,,40,12,0,1,1,1,1,14.8,S,,1.5,2026-09-11T21:46:55,108.0,1
ycbv4,3,0,ycbv,4,tomato soup can,55,22,2,,proxy,gso/Don_Franciscos_Gourmet_Coffee_Medium_Decaf_100_Colombian_12_oz_340_g,1,fp_solo_render,135.875,,17.99,0.1493,0.1884,30.0,1.9,solo,,,,1,0,0,0,0,0,0,0.0,,unreachable,1.8,2026-09-11T21:46:57,108.0,1
ycbv4,3,0,ycbv,4,tomato soup can,57,24,0,,gt,gt,0,fp_solo_render,68.922,,6.18,0.0513,0.452,7.1,1.9,solo,,,,40,11,0,1,1,1,1,14.9,S,,1.5,2026-09-11T21:47:03,144.0,1
ycbv4,3,0,ycbv,4,tomato soup can,57,24,0,,proxy,gso/Don_Franciscos_Gourmet_Coffee_Medium_Decaf_100_Colombian_12_oz_340_g,1,fp_solo_render,136.812,,18.0,0.1493,0.2138,30.0,1.9,solo,,,,1,0,0,0,0,0,0,0.0,,unreachable,1.8,2026-09-11T21:47:05,144.0,1
ycbv4,3,0,ycbv,4,tomato soup can,59,1,1,,gt,gt,0,fp_solo_render,75.234,,5.81,0.0482,0.499,6.3,1.9,solo,,,,40,10,0,1,1,1,1,14.9,S,,1.4,2026-09-11T21:47:10,180.0,1
ycbv4,3,0,ycbv,4,tomato soup can,59,1,1,,proxy,gso/Don_Franciscos_Gourmet_Coffee_Medium_Decaf_100_Colombian_12_oz_340_g,1,fp_solo_render,135.969,,17.84,0.148,0.2282,29.2,1.9,solo,,,,1,1,0,1,0,0,0,0.0,F,grasp_failed,1.8,2026-09-11T21:47:12,180.0,1
ycbv4,3,0,ycbv,4,tomato soup can,50,1216,1,,gt,gt,0,fp_solo_render,76.328,,5.28,0.0438,0.5447,6.3,1.9,solo,,,,40,7,0,1,1,1,1,14.9,S,,1.4,2026-09-11T21:47:17,216.0,1
ycbv4,3,0,ycbv,4,tomato soup can,50,1216,1,,proxy,gso/Don_Franciscos_Gourmet_Coffee_Medium_Decaf_100_Colombian_12_oz_340_g,1,fp_solo_render,129.328,,17.68,0.1467,0.2533,29.0,1.9,solo,,,,1,0,0,0,0,0,0,0.0,,unreachable,1.8,2026-09-11T21:47:18,216.0,1
ycbv4,3,0,ycbv,4,tomato soup can,51,169,2,,gt,gt,0,fp_solo_render,73.656,,5.94,0.0492,0.4425,6.7,1.9,solo,,,,40,5,0,1,1,1,1,14.4,S,,1.5,2026-09-11T21:47:24,252.0,1
ycbv4,3,0,ycbv,4,tomato soup can,51,169,2,,proxy,gso/Don_Franciscos_Gourmet_Coffee_Medium_Decaf_100_Colombian_12_oz_340_g,1,fp_solo_render,131.531,,17.84,0.148,0.2634,31.0,1.9,solo,,,,1,0,0,0,0,0,0,0.0,,unreachable,1.8,2026-09-11T21:47:25,252.0,1
ycbv4,3,0,ycbv,4,tomato soup can,53,84,0,,gt,gt,0,fp_solo_render,78.219,,5.17,0.0429,0.6596,6.1,1.9,solo,,,,40,11,0,1,1,1,1,7.1,S,,1.5,2026-09-11T21:47:31,288.0,1
ycbv4,3,0,ycbv,4,tomato soup can,53,84,0,,proxy,gso/Don_Franciscos_Gourmet_Coffee_Medium_Decaf_100_Colombian_12_oz_340_g,1,fp_solo_render,138.0,,18.14,0.1505,0.2101,31.2,1.9,solo,,,,1,0,0,0,0,0,0,0.0,,unreachable,1.8,2026-09-11T21:47:32,288.0,1
ycbv4,3,0,ycbv,4,tomato soup can,55,205,2,,gt,gt,0,fp_solo_render,72.016,,5.82,0.0483,0.4905,8.1,1.9,solo,,,,40,11,0,1,1,1,1,14.8,S,,1.4,2026-09-11T21:47:37,324.0,1
ycbv4,3,0,ycbv,4,tomato soup can,55,205,2,,proxy,gso/Don_Franciscos_Gourmet_Coffee_Medium_Decaf_100_Colombian_12_oz_340_g,1,fp_solo_render,133.688,,17.73,0.1471,0.218,28.0,1.9,solo,,,,1,0,0,0,0,0,0,0.0,,unreachable,1.8,2026-09-11T21:47:39,324.0,1
ycbv5,4,0,ycbv,5,mustard bottle,50,620,2,,gt,gt,0,fp_solo_render,52.281,,6.98,0.0355,0.8849,6.4,16.2,solo,,,,40,19,0,5,0,0,0,0.0,"F,F,F,F,F",grasp_failed,2.4,2026-09-11T21:47:45,0.0,1
ycbv5,4,0,ycbv,5,mustard bottle,50,620,2,,proxy,gso/Nestle_Nesquik_Chocolate_Powder_Flavored_Milk_Additive_109_Oz_Canister,1,fp_solo_render,108.242,,9.43,0.048,0.5676,10.7,16.2,solo,,,,40,22,0,5,0,0,0,0.0,"F,F,F,F,F",grasp_failed,3.5,2026-09-11T21:47:47,0.0,1
ycbv5,4,0,ycbv,5,mustard bottle,52,21,0,,gt,gt,0,fp_solo_render,43.438,,5.7,0.029,0.9928,6.9,16.1,solo,,,,40,30,0,5,0,0,0,0.0,"F,F,F,F,F",grasp_failed,2.1,2026-09-11T21:47:54,36.0,1
ycbv5,4,0,ycbv,5,mustard bottle,52,21,0,,proxy,gso/Nestle_Nesquik_Chocolate_Powder_Flavored_Milk_Additive_109_Oz_Canister,1,fp_solo_render,114.609,,9.19,0.0468,0.6192,17.3,16.1,solo,,,,40,29,0,3,1,0,1,14.9,"F,F,S",,3.0,2026-09-11T21:47:56,36.0,1
ycbv5,4,0,ycbv,5,mustard bottle,50,644,2,,gt,gt,0,fp_solo_render,46.281,,2.92,0.0149,1.0,6.5,16.4,solo,,,,40,31,0,5,0,0,0,0.0,"F,F,F,F,F",grasp_failed,2.1,2026-09-11T21:48:02,72.0,1
ycbv5,4,0,ycbv,5,mustard bottle,50,644,2,,proxy,gso/Nestle_Nesquik_Chocolate_Powder_Flavored_Milk_Additive_109_Oz_Canister,1,fp_solo_render,130.281,,7.27,0.037,0.7544,19.5,16.4,solo,,,,40,28,3,5,0,0,0,0.0,"F,F,B,F,B,F,B,F",grasp_failed,3.2,2026-09-11T21:48:04,72.0,1
ycbv5,4,0,ycbv,5,mustard bottle,52,52,0,,gt,gt,0,fp_solo_render,60.344,,2.72,0.0138,1.0,6.7,15.2,solo,,,,40,0,0,0,0,0,0,0.0,,unreachable,1.8,2026-09-11T21:48:11,108.0,1
ycbv5,4,0,ycbv,5,mustard bottle,52,52,0,,proxy,gso/Nestle_Nesquik_Chocolate_Powder_Flavored_Milk_Additive_109_Oz_Canister,1,fp_solo_render,127.891,,16.88,0.0859,0.5405,42.7,15.2,solo,,,,40,5,0,4,1,0,1,14.7,"F,F,F,S",,3.2,2026-09-11T21:48:13,108.0,1
ycbv5,4,0,ycbv,5,mustard bottle,50,681,2,,gt,gt,0,fp_solo_render,56.531,,4.17,0.0212,0.9532,6.4,16.0,solo,,,,40,1,1,0,0,0,0,0.0,B,all_blocked,1.9,2026-09-11T21:48:19,144.0,1
ycbv5,4,0,ycbv,5,mustard bottle,50,681,2,,proxy,gso/Nestle_Nesquik_Chocolate_Powder_Flavored_Milk_Additive_109_Oz_Canister,1,fp_solo_render,123.469,,6.65,0.0339,0.8037,16.7,16.0,solo,,,,40,0,0,0,0,0,0,0.0,,unreachable,2.6,2026-09-11T21:48:21,144.0,1
ycbv5,4,0,ycbv,5,mustard bottle,52,127,0,,gt,gt,0,fp_solo_render,44.125,,4.71,0.0239,0.8802,6.7,16.2,solo,,,,40,0,0,0,0,0,0,0.0,,unreachable,1.8,2026-09-11T21:48:27,180.0,1
ycbv5,4,0,ycbv,5,mustard bottle,52,127,0,,proxy,gso/Nestle_Nesquik_Chocolate_Powder_Flavored_Milk_Additive_109_Oz_Canister,1,fp_solo_render,128.312,,7.69,0.0392,0.7027,11.4,16.2,solo,,,,40,0,0,0,0,0,0,0.0,,unreachable,2.6,2026-09-11T21:48:28,180.0,1
ycbv5,4,0,ycbv,5,mustard bottle,50,737,2,,gt,gt,0,fp_solo_render,54.375,,4.74,0.0241,0.8505,6.3,16.1,solo,,,,40,0,0,0,0,0,0,0.0,,unreachable,1.8,2026-09-11T21:48:34,216.0,1
ycbv5,4,0,ycbv,5,mustard bottle,50,737,2,,proxy,gso/Nestle_Nesquik_Chocolate_Powder_Flavored_Milk_Additive_109_Oz_Canister,1,fp_solo_render,131.547,,7.87,0.04,0.6702,10.3,16.1,solo,,,,40,0,0,0,0,0,0,0.0,,unreachable,2.6,2026-09-11T21:48:36,216.0,1
ycbv5,4,0,ycbv,5,mustard bottle,52,171,0,,gt,gt,0,fp_solo_render,36.812,,5.96,0.0303,0.8224,6.9,16.4,solo,,,,40,0,0,0,0,0,0,0.0,,unreachable,1.8,2026-09-11T21:48:41,252.0,1
ycbv5,4,0,ycbv,5,mustard bottle,52,171,0,,proxy,gso/Nestle_Nesquik_Chocolate_Powder_Flavored_Milk_Additive_109_Oz_Canister,1,fp_solo_render,131.203,,7.83,0.0398,0.6876,8.5,16.4,solo,,,,40,0,0,0,0,0,0,0.0,,unreachable,2.6,2026-09-11T21:48:43,252.0,1
ycbv5,4,0,ycbv,5,mustard bottle,50,1044,2,,gt,gt,0,fp_solo_render,57.375,,7.15,0.0364,0.8323,6.0,15.2,solo,,,,40,0,0,0,0,0,0,0.0,,unreachable,1.9,2026-09-11T21:48:48,288.0,1
ycbv5,4,0,ycbv,5,mustard bottle,50,1044,2,,proxy,gso/Nestle_Nesquik_Chocolate_Powder_Flavored_Milk_Additive_109_Oz_Canister,1,fp_solo_render,114.055,,8.84,0.045,0.5772,8.7,15.2,solo,,,,40,7,0,5,0,0,0,0.0,"F,F,F,F,F",grasp_failed,3.0,2026-09-11T21:48:50,288.0,1
ycbv5,4,0,ycbv,5,mustard bottle,52,516,0,,gt,gt,0,fp_solo_render,58.656,,7.32,0.0373,0.817,6.2,16.0,solo,,,,40,19,0,3,1,0,1,14.4,"F,F,S",,2.1,2026-09-11T21:48:56,324.0,1
ycbv5,4,0,ycbv,5,mustard bottle,52,516,0,,proxy,gso/Nestle_Nesquik_Chocolate_Powder_Flavored_Milk_Additive_109_Oz_Canister,1,fp_solo_render,109.586,,8.51,0.0433,0.5827,14.1,16.0,solo,,,,40,0,0,0,0,0,0,0.0,,unreachable,2.6,2026-09-11T21:48:58,324.0,1
ycbv6,5,0,ycbv,6,tuna fish can,48,1,1,,gt,gt,0,fp_solo_render,56.625,,1.74,0.0193,0.9941,6.1,2.0,solo,,,,40,20,0,1,1,1,1,14.7,S,,3.7,2026-09-11T21:49:07,0.0,1
ycbv6,5,0,ycbv,6,tuna fish can,48,1,1,,proxy,gso/Don_Franciscos_Gourmet_Coffee_Medium_Decaf_100_Colombian_12_oz_340_g,1,fp_solo_render,131.156,,31.21,0.3476,0.0992,66.0,2.0,solo,,,,1,1,0,1,0,0,0,0.0,F,grasp_failed,1.8,2026-09-11T21:49:11,0.0,1
ycbv6,5,0,ycbv,6,tuna fish can,49,1,1,,gt,gt,0,fp_solo_render,58.312,,6.17,0.0687,0.4052,6.4,2.0,solo,,,,40,19,0,1,1,1,1,14.9,S,,1.4,2026-09-11T21:49:16,36.0,1
ycbv6,5,0,ycbv,6,tuna fish can,49,1,1,,proxy,gso/Don_Franciscos_Gourmet_Coffee_Medium_Decaf_100_Colombian_12_oz_340_g,1,fp_solo_render,133.625,,33.58,0.374,0.0975,62.9,2.0,solo,,,,1,0,0,0,0,0,0,0.0,,unreachable,1.8,2026-09-11T21:49:18,36.0,1
ycbv6,5,0,ycbv,6,tuna fish can,52,1,1,,gt,gt,0,fp_solo_render,60.375,,6.41,0.0713,0.4018,6.9,2.0,solo,,,,40,0,0,0,0,0,0,0.0,,unreachable,1.2,2026-09-11T21:49:23,72.0,1
ycbv6,5,0,ycbv,6,tuna fish can,52,1,1,,proxy,gso/Don_Franciscos_Gourmet_Coffee_Medium_Decaf_100_Colombian_12_oz_340_g,1,fp_solo_render,143.781,,25.59,0.285,0.1019,39.8,2.0,solo,,,,1,0,0,0,0,0,0,0.0,,unreachable,1.8,2026-09-11T21:49:24,72.0,1
ycbv6,5,0,ycbv,6,tuna fish can,59,1,2,,gt,gt,0,fp_solo_render,65.844,,6.39,0.0711,0.4005,6.8,2.0,solo,,,,40,23,0,1,1,1,1,14.8,S,,1.4,2026-09-11T21:49:30,108.0,1
ycbv6,5,0,ycbv,6,tuna fish can,59,1,2,,proxy,gso/Don_Franciscos_Gourmet_Coffee_Medium_Decaf_100_Colombian_12_oz_340_g,1,fp_solo_render,141.625,,25.56,0.2846,0.0743,35.5,2.0,solo,,,,1,0,0,0,0,0,0,0.0,,unreachable,1.8,2026-09-11T21:49:31,108.0,1
ycbv6,5,0,ycbv,6,tuna fish can,48,1059,1,,gt,gt,0,fp_solo_render,61.438,,6.2,0.069,0.409,6.7,2.0,solo,,,,40,23,0,1,1,1,1,14.9,S,,1.3,2026-09-11T21:49:36,144.0,1
ycbv6,5,0,ycbv,6,tuna fish can,48,1059,1,,proxy,gso/Don_Franciscos_Gourmet_Coffee_Medium_Decaf_100_Colombian_12_oz_340_g,1,fp_solo_render,140.438,,28.38,0.3161,0.0847,50.7,2.0,solo,,,,1,0,0,0,0,0,0,0.0,,unreachable,1.8,2026-09-11T21:49:38,144.0,1
ycbv6,5,0,ycbv,6,tuna fish can,49,109,1,,gt,gt,0,fp_solo_render,59.719,,2.25,0.0251,0.9996,7.1,2.0,solo,,,,40,0,0,0,0,0,0,0.0,,unreachable,1.1,2026-09-11T21:49:43,180.0,1
ycbv6,5,0,ycbv,6,tuna fish can,49,109,1,,proxy,gso/Don_Franciscos_Gourmet_Coffee_Medium_Decaf_100_Colombian_12_oz_340_g,1,fp_solo_render,143.375,,26.07,0.2903,0.0626,35.9,2.0,solo,,,,1,0,0,0,0,0,0,0.0,,unreachable,1.8,2026-09-11T21:49:44,180.0,1
ycbv6,5,0,ycbv,6,tuna fish can,52,61,1,,gt,gt,0,fp_solo_render,56.469,,2.11,0.0235,0.8667,7.1,2.0,solo,,,,40,15,0,1,1,1,1,14.9,S,,1.3,2026-09-11T21:49:50,216.0,1
ycbv6,5,0,ycbv,6,tuna fish can,52,61,1,,proxy,gso/Don_Franciscos_Gourmet_Coffee_Medium_Decaf_100_Colombian_12_oz_340_g,1,fp_solo_render,141.219,,25.91,0.2885,0.1064,35.3,2.0,solo,,,,1,0,0,0,0,0,0,0.0,,unreachable,1.8,2026-09-11T21:49:51,216.0,1
ycbv6,5,0,ycbv,6,tuna fish can,59,99,2,,gt,gt,0,fp_solo_render,56.0,,1.97,0.0219,0.8762,6.7,2.0,solo,,,,40,8,0,1,1,1,1,14.2,S,,1.3,2026-09-11T21:49:56,252.0,1
ycbv6,5,0,ycbv,6,tuna fish can,59,99,2,,proxy,gso/Don_Franciscos_Gourmet_Coffee_Medium_Decaf_100_Colombian_12_oz_340_g,1,fp_solo_render,138.219,,27.78,0.3094,0.0886,45.4,2.0,solo,,,,1,0,0,0,0,0,0,0.0,,unreachable,1.8,2026-09-11T21:49:57,252.0,1
ycbv6,5,0,ycbv,6,tuna fish can,48,1097,1,,gt,gt,0,fp_solo_render,65.781,,2.95,0.0329,0.7544,8.1,2.0,solo,,,,40,18,0,1,1,1,1,14.9,S,,1.3,2026-09-11T21:50:03,288.0,1
ycbv6,5,0,ycbv,6,tuna fish can,48,1097,1,,proxy,gso/Don_Franciscos_Gourmet_Coffee_Medium_Decaf_100_Colombian_12_oz_340_g,1,fp_solo_render,129.984,,33.59,0.3741,0.1265,66.0,2.0,solo,,,,1,0,0,0,0,0,0,0.0,,unreachable,1.8,2026-09-11T21:50:04,288.0,1
ycbv6,5,0,ycbv,6,tuna fish can,49,537,1,,gt,gt,0,fp_solo_render,56.656,,4.03,0.0449,0.5186,6.2,2.0,solo,,,,40,21,0,1,1,1,1,14.9,S,,1.3,2026-09-11T21:50:10,324.0,1
ycbv6,5,0,ycbv,6,tuna fish can,49,537,1,,proxy,gso/Don_Franciscos_Gourmet_Coffee_Medium_Decaf_100_Colombian_12_oz_340_g,1,fp_solo_render,128.547,,30.23,0.3366,0.1154,62.3,2.0,solo,,,,1,0,0,0,0,0,0,0.0,,unreachable,1.8,2026-09-11T21:50:11,324.0,1
ycbv7,6,0,ycbv,7,pudding box,58,86,1,,gt,gt,0,fp_solo_render,43.031,,2.8,0.0197,0.9953,6.7,2.6,solo,,,,40,7,0,1,1,1,1,14.4,S,,4.4,2026-09-11T21:50:18,0.0,1
ycbv7,6,0,ycbv,7,pudding box,58,86,1,,proxy,gso/Nestle_Pure_Life_Exotics_Sparkling_Water_Strawberry_Dragon_Fruit_8_count_12_fl_oz_can,1,fp_solo_render,125.703,,59.13,0.4148,0.0634,116.7,2.6,solo,,,,0,0,0,0,0,0,0,0.0,,no_candidates,2.2,2026-09-11T21:50:22,0.0,1
ycbv7,6,0,ycbv,7,pudding box,58,114,1,,gt,gt,0,fp_solo_render,45.5,,4.12,0.0289,0.9911,6.8,2.6,solo,,,,40,5,0,1,1,1,1,14.6,S,,1.5,2026-09-11T21:50:28,36.0,1
ycbv7,6,0,ycbv,7,pudding box,58,114,1,,proxy,gso/Nestle_Pure_Life_Exotics_Sparkling_Water_Strawberry_Dragon_Fruit_8_count_12_fl_oz_can,1,fp_solo_render,136.844,,59.05,0.4142,0.0577,115.5,2.6,solo,,,,0,0,0,0,0,0,0,0.0,,no_candidates,1.4,2026-09-11T21:50:30,36.0,1
ycbv7,6,0,ycbv,7,pudding box,58,215,1,,gt,gt,0,fp_solo_render,42.156,,5.71,0.0401,0.9223,6.9,2.6,solo,,,,40,4,0,1,1,1,1,14.3,S,,1.5,2026-09-11T21:50:34,72.0,1
ycbv7,6,0,ycbv,7,pudding box,58,215,1,,proxy,gso/Nestle_Pure_Life_Exotics_Sparkling_Water_Strawberry_Dragon_Fruit_8_count_12_fl_oz_can,1,fp_solo_render,144.625,,54.49,0.3823,0.0611,100.7,2.6,solo,,,,0,0,0,0,0,0,0,0.0,,no_candidates,1.4,2026-09-11T21:50:35,72.0,1
ycbv7,6,0,ycbv,7,pudding box,58,553,1,,gt,gt,0,fp_solo_render,58.75,,6.41,0.045,0.4652,6.4,2.6,solo,,,,40,8,0,1,1,1,1,13.9,S,,1.4,2026-09-11T21:50:40,108.0,1
ycbv7,6,0,ycbv,7,pudding box,58,553,1,,proxy,gso/Nestle_Pure_Life_Exotics_Sparkling_Water_Strawberry_Dragon_Fruit_8_count_12_fl_oz_can,1,fp_solo_render,147.594,,86.97,0.6101,0.037,159.9,2.6,solo,,,,0,0,0,0,0,0,0,0.0,,no_candidates,1.4,2026-09-11T21:50:41,108.0,1
ycbv7,6,0,ycbv,7,pudding box,58,583,1,,gt,gt,0,fp_solo_render,45.438,,6.94,0.0487,0.4435,6.7,2.6,solo,,,,40,21,0,1,1,1,1,14.7,S,,1.5,2026-09-11T21:50:45,144.0,1
ycbv7,6,0,ycbv,7,pudding box,58,583,1,,proxy,gso/Nestle_Pure_Life_Exotics_Sparkling_Water_Strawberry_Dragon_Fruit_8_count_12_fl_oz_can,1,fp_solo_render,146.688,,90.99,0.6383,0.0266,175.4,2.6,solo,,,,0,0,0,0,0,0,0,0.0,,no_candidates,1.4,2026-09-11T21:50:47,144.0,1
ycbv7,6,0,ycbv,7,pudding box,58,610,1,,gt,gt,0,fp_solo_render,49.0,,6.78,0.0475,0.4497,6.4,2.6,solo,,,,40,21,0,1,1,1,1,15.0,S,,1.5,2026-09-11T21:50:51,180.0,1
ycbv7,6,0,ycbv,7,pudding box,58,610,1,,proxy,gso/Nestle_Pure_Life_Exotics_Sparkling_Water_Strawberry_Dragon_Fruit_8_count_12_fl_oz_can,1,fp_solo_render,136.969,,58.68,0.4117,0.048,110.1,2.6,solo,,,,0,0,0,0,0,0,0,0.0,,no_candidates,1.4,2026-09-11T21:50:52,180.0,1
ycbv7,6,0,ycbv,7,pudding box,58,642,1,,gt,gt,0,fp_solo_render,44.031,,5.76,0.0404,0.9323,6.5,2.6,solo,,,,40,9,0,1,1,1,1,14.7,S,,1.4,2026-09-11T21:50:57,216.0,1
ycbv7,6,0,ycbv,7,pudding box,58,642,1,,proxy,gso/Nestle_Pure_Life_Exotics_Sparkling_Water_Strawberry_Dragon_Fruit_8_count_12_fl_oz_can,1,fp_solo_render,124.266,,62.19,0.4363,0.0885,120.5,2.6,solo,,,,0,0,0,0,0,0,0,0.0,,no_candidates,1.4,2026-09-11T21:50:58,216.0,1
ycbv7,6,0,ycbv,7,pudding box,58,660,1,,gt,gt,0,fp_solo_render,50.812,,4.07,0.0286,0.8949,6.8,2.6,solo,,,,40,7,0,1,1,1,1,14.5,S,,1.4,2026-09-11T21:51:02,252.0,1
ycbv7,6,0,ycbv,7,pudding box,58,660,1,,proxy,gso/Nestle_Pure_Life_Exotics_Sparkling_Water_Strawberry_Dragon_Fruit_8_count_12_fl_oz_can,1,fp_solo_render,131.922,,61.6,0.4321,0.0768,118.3,2.6,solo,,,,0,0,0,0,0,0,0,0.0,,no_candidates,1.4,2026-09-11T21:51:04,252.0,1
ycbv7,6,0,ycbv,7,pudding box,58,691,1,,gt,gt,0,fp_solo_render,36.469,,3.06,0.0215,0.9954,6.4,2.6,solo,,,,40,4,0,4,0,0,0,0.0,"F,F,F,F",grasp_failed,1.5,2026-09-11T21:51:08,288.0,1
ycbv7,6,0,ycbv,7,pudding box,58,691,1,,proxy,gso/Nestle_Pure_Life_Exotics_Sparkling_Water_Strawberry_Dragon_Fruit_8_count_12_fl_oz_can,1,fp_solo_render,144.625,,54.85,0.3848,0.0795,99.3,2.6,solo,,,,0,0,0,0,0,0,0,0.0,,no_candidates,1.4,2026-09-11T21:51:10,288.0,1
ycbv7,6,0,ycbv,7,pudding box,58,1051,1,,gt,gt,0,fp_solo_render,71.812,,3.1,0.0218,1.0,5.8,2.6,solo,,,,40,2,0,2,1,0,1,14.2,"F,S",,1.4,2026-09-11T21:51:14,324.0,1
ycbv7,6,0,ycbv,7,pudding box,58,1051,1,,proxy,gso/Nestle_Pure_Life_Exotics_Sparkling_Water_Strawberry_Dragon_Fruit_8_count_12_fl_oz_can,1,fp_solo_render,149.719,,60.68,0.4257,0.0429,90.2,2.6,solo,,,,0,0,0,0,0,0,0,0.0,,no_candidates,1.4,2026-09-11T21:51:15,324.0,1
ycbv8,7,0,ycbv,8,gelatin box,58,30,2,,gt,gt,0,fp_solo_render,51.406,,2.16,0.019,0.8615,6.4,2.1,solo,,,,40,16,0,1,1,1,1,14.9,S,,4.3,2026-09-11T21:51:20,0.0,1
ycbv8,7,0,ycbv,8,gelatin box,58,30,2,,proxy,gso/Nestle_Pure_Life_Exotics_Sparkling_Water_Strawberry_Dragon_Fruit_8_count_12_fl_oz_can,1,fp_solo_render,138.094,,66.79,0.5856,0.0489,130.6,2.1,solo,,,,0,0,0,0,0,0,0,0.0,,no_candidates,1.4,2026-09-11T21:51:25,0.0,1
ycbv8,7,0,ycbv,8,gelatin box,58,121,2,,gt,gt,0,fp_solo_render,53.906,,3.67,0.0322,0.8487,6.3,2.1,solo,,,,40,11,0,1,1,1,1,14.5,S,,1.3,2026-09-11T21:51:30,36.0,1
ycbv8,7,0,ycbv,8,gelatin box,58,121,2,,proxy,gso/Nestle_Pure_Life_Exotics_Sparkling_Water_Strawberry_Dragon_Fruit_8_count_12_fl_oz_can,1,fp_solo_render,143.406,,63.85,0.5598,0.0419,118.9,2.1,solo,,,,0,0,0,0,0,0,0,0.0,,no_candidates,1.4,2026-09-11T21:51:31,36.0,1
ycbv8,7,0,ycbv,8,gelatin box,58,215,2,,gt,gt,0,fp_solo_render,43.312,,5.25,0.0461,0.3829,6.0,2.1,solo,,,,40,7,0,1,1,1,1,14.6,S,,1.3,2026-09-11T21:51:35,72.0,1
ycbv8,7,0,ycbv,8,gelatin box,58,215,2,,proxy,gso/Nestle_Pure_Life_Exotics_Sparkling_Water_Strawberry_Dragon_Fruit_8_count_12_fl_oz_can,1,fp_solo_render,146.969,,81.28,0.7127,0.0,117.8,2.1,solo,,,,0,0,0,0,0,0,0,0.0,,no_candidates,1.4,2026-09-11T21:51:37,72.0,1
ycbv8,7,0,ycbv,8,gelatin box,58,583,2,,gt,gt,0,fp_solo_render,52.969,,5.78,0.0507,0.413,6.2,2.1,solo,,,,40,10,0,1,1,1,1,14.8,S,,1.3,2026-09-11T21:51:41,108.0,1
ycbv8,7,0,ycbv,8,gelatin box,58,583,2,,proxy,gso/Nestle_Pure_Life_Exotics_Sparkling_Water_Strawberry_Dragon_Fruit_8_count_12_fl_oz_can,1,fp_solo_render,149.5,,79.12,0.6937,0.0294,131.9,2.1,solo,,,,0,0,0,0,0,0,0,0.0,,no_candidates,1.4,2026-09-11T21:51:42,108.0,1
ycbv8,7,0,ycbv,8,gelatin box,58,642,2,,gt,gt,0,fp_solo_render,54.094,,6.42,0.0563,0.4147,6.6,2.1,solo,,,,40,0,0,0,0,0,0,0.0,,unreachable,1.1,2026-09-11T21:51:46,144.0,1
ycbv8,7,0,ycbv,8,gelatin box,58,642,2,,proxy,gso/Nestle_Pure_Life_Exotics_Sparkling_Water_Strawberry_Dragon_Fruit_8_count_12_fl_oz_can,1,fp_solo_render,149.281,,81.7,0.7164,0.0182,154.1,2.1,solo,,,,0,0,0,0,0,0,0,0.0,,no_candidates,1.3,2026-09-11T21:51:48,144.0,1
ycbv8,7,0,ycbv,8,gelatin box,58,677,2,,gt,gt,0,fp_solo_render,45.0,,5.99,0.0525,0.424,6.3,2.1,solo,,,,40,0,0,0,0,0,0,0.0,,unreachable,1.1,2026-09-11T21:51:52,180.0,1
ycbv8,7,0,ycbv,8,gelatin box,58,677,2,,proxy,gso/Nestle_Pure_Life_Exotics_Sparkling_Water_Strawberry_Dragon_Fruit_8_count_12_fl_oz_can,1,fp_solo_render,146.562,,64.34,0.5642,0.035,117.9,2.1,solo,,,,0,0,0,0,0,0,0,0.0,,no_candidates,1.4,2026-09-11T21:51:53,180.0,1
ycbv8,7,0,ycbv,8,gelatin box,58,1036,2,,gt,gt,0,fp_solo_render,76.906,,4.84,0.0424,0.461,5.2,2.1,solo,,,,40,20,0,1,1,1,1,14.5,S,,1.3,2026-09-11T21:51:57,216.0,1
ycbv8,7,0,ycbv,8,gelatin box,58,1036,2,,proxy,gso/Nestle_Pure_Life_Exotics_Sparkling_Water_Strawberry_Dragon_Fruit_8_count_12_fl_oz_can,1,fp_solo_render,146.375,,63.78,0.5592,0.0563,117.8,2.1,solo,,,,0,0,0,0,0,0,0,0.0,,no_candidates,1.4,2026-09-11T21:51:58,216.0,1
ycbv8,7,0,ycbv,8,gelatin box,58,1084,2,,gt,gt,0,fp_solo_render,79.016,,3.89,0.0341,0.9559,5.7,2.1,solo,,,,40,17,0,1,1,1,1,14.9,S,,1.3,2026-09-11T21:52:03,252.0,1
ycbv8,7,0,ycbv,8,gelatin box,58,1084,2,,proxy,gso/Nestle_Pure_Life_Exotics_Sparkling_Water_Strawberry_Dragon_Fruit_8_count_12_fl_oz_can,1,fp_solo_render,140.844,,65.12,0.571,0.0589,115.8,2.1,solo,,,,0,0,0,0,0,0,0,0.0,,no_candidates,1.3,2026-09-11T21:52:04,252.0,1
ycbv8,7,0,ycbv,8,gelatin box,58,1144,2,,gt,gt,0,fp_solo_render,58.594,,2.11,0.0185,1.0,5.7,2.1,solo,,,,40,23,0,1,1,1,1,14.9,S,,1.2,2026-09-11T21:52:08,288.0,1
ycbv8,7,0,ycbv,8,gelatin box,58,1144,2,,proxy,gso/Nestle_Pure_Life_Exotics_Sparkling_Water_Strawberry_Dragon_Fruit_8_count_12_fl_oz_can,1,fp_solo_render,146.75,,64.54,0.5658,0.0491,116.4,2.1,solo,,,,0,0,0,0,0,0,0,0.0,,no_candidates,1.4,2026-09-11T21:52:09,288.0,1
ycbv8,7,0,ycbv,8,gelatin box,58,1180,2,,gt,gt,0,fp_solo_render,58.844,,1.63,0.0143,1.0,6.1,2.1,solo,,,,40,17,0,1,1,1,1,14.9,S,,1.3,2026-09-11T21:52:14,324.0,1
ycbv8,7,0,ycbv,8,gelatin box,58,1180,2,,proxy,gso/Nestle_Pure_Life_Exotics_Sparkling_Water_Strawberry_Dragon_Fruit_8_count_12_fl_oz_can,1,fp_solo_render,150.5,,76.41,0.6699,0.0261,126.6,2.1,solo,,,,0,0,0,0,0,0,0,0.0,,no_candidates,1.4,2026-09-11T21:52:15,324.0,1
ycbv9,8,0,ycbv,9,potted meat can,49,58,2,,gt,gt,0,fp_solo_render,49.719,,6.37,0.0492,0.6579,6.8,2.6,solo,,,,40,25,0,3,1,0,1,6.2,"F,F,S",,6.5,2026-09-11T21:52:20,0.0,1
ycbv9,8,0,ycbv,9,potted meat can,49,58,2,,proxy,gso/Polar_Herring_Fillets_Smoked_Peppered_705_oz_total,1,fp_solo_render,129.719,,37.42,0.2889,0.1355,64.1,2.6,solo,,,,40,0,0,0,0,0,0,0.0,,unreachable,8.6,2026-09-11T21:52:26,0.0,1
ycbv9,8,0,ycbv,9,potted meat can,53,1,1,,gt,gt,0,fp_solo_render,52.875,,6.77,0.0523,0.5495,6.6,2.6,solo,,,,40,0,0,0,0,0,0,0.0,,unreachable,1.3,2026-09-11T21:52:39,36.0,1
ycbv9,8,0,ycbv,9,potted meat can,53,1,1,,proxy,gso/Polar_Herring_Fillets_Smoked_Peppered_705_oz_total,1,fp_solo_render,137.031,,32.53,0.2511,0.1312,74.5,2.6,solo,,,,40,5,5,0,0,0,0,0.0,"B,B,B,B,B",all_blocked,2.0,2026-09-11T21:52:40,36.0,1
ycbv9,8,0,ycbv,9,potted meat can,59,127,3,,gt,gt,0,fp_solo_render,43.219,,7.03,0.0543,0.5798,7.1,2.6,solo,,,,40,0,0,0,0,0,0,0.0,,unreachable,1.3,2026-09-11T21:52:45,72.0,1
ycbv9,8,0,ycbv,9,potted meat can,59,127,3,,proxy,gso/Polar_Herring_Fillets_Smoked_Peppered_705_oz_total,1,fp_solo_render,136.531,,45.05,0.3477,0.1031,90.7,2.6,solo,,,,40,0,0,0,0,0,0,0.0,,unreachable,1.7,2026-09-11T21:52:47,72.0,1
ycbv9,8,0,ycbv,9,potted meat can,49,73,2,,gt,gt,0,fp_solo_render,62.656,,5.85,0.0452,0.5869,7.1,2.6,solo,,,,40,0,0,0,0,0,0,0.0,,unreachable,1.3,2026-09-11T21:52:51,108.0,1
ycbv9,8,0,ycbv,9,potted meat can,49,73,2,,proxy,gso/Polar_Herring_Fillets_Smoked_Peppered_705_oz_total,1,fp_solo_render,127.516,,33.41,0.2579,0.1057,61.1,2.6,solo,,,,40,0,0,0,0,0,0,0.0,,unreachable,1.7,2026-09-11T21:52:53,108.0,1
ycbv9,8,0,ycbv,9,potted meat can,53,14,1,,gt,gt,0,fp_solo_render,57.344,,6.02,0.0465,0.6715,6.3,2.6,solo,,,,40,0,0,0,0,0,0,0.0,,unreachable,1.3,2026-09-11T21:52:57,144.0,1
ycbv9,8,0,ycbv,9,potted meat can,53,14,1,,proxy,gso/Polar_Herring_Fillets_Smoked_Peppered_705_oz_total,1,fp_solo_render,133.344,,30.41,0.2348,0.1798,58.7,2.6,solo,,,,40,0,0,0,0,0,0,0.0,,unreachable,1.6,2026-09-11T21:52:59,144.0,1
ycbv9,8,0,ycbv,9,potted meat can,59,492,3,,gt,gt,0,fp_solo_render,55.719,,5.78,0.0446,0.6604,6.7,2.6,solo,,,,40,1,0,1,0,0,0,0.0,F,grasp_failed,1.4,2026-09-11T21:53:03,180.0,1
ycbv9,8,0,ycbv,9,potted meat can,59,492,3,,proxy,gso/Polar_Herring_Fillets_Smoked_Peppered_705_oz_total,1,fp_solo_render,133.031,,36.64,0.2829,0.1025,68.9,2.6,solo,,,,40,12,0,5,0,0,0,0.0,"F,F,F,F,F",grasp_failed,1.9,2026-09-11T21:53:05,180.0,1
ycbv9,8,0,ycbv,9,potted meat can,53,33,1,,gt,gt,0,fp_solo_render,49.969,,4.18,0.0323,0.9877,6.2,2.6,solo,,,,40,1,0,1,1,1,1,14.0,S,,1.5,2026-09-11T21:53:10,216.0,1
ycbv9,8,0,ycbv,9,potted meat can,53,33,1,,proxy,gso/Polar_Herring_Fillets_Smoked_Peppered_705_oz_total,1,fp_solo_render,133.906,,30.65,0.2366,0.1547,66.1,2.6,solo,,,,40,6,6,0,0,0,0,0.0,"B,B,B,B,B,B",all_blocked,2.2,2026-09-11T21:53:11,216.0,1
ycbv9,8,0,ycbv,9,potted meat can,59,525,3,,gt,gt,0,fp_solo_render,62.281,,5.89,0.0455,0.6602,6.4,2.6,solo,,,,40,1,0,1,1,1,1,14.1,S,,1.4,2026-09-11T21:53:16,252.0,1
ycbv9,8,0,ycbv,9,potted meat can,59,525,3,,proxy,gso/Polar_Herring_Fillets_Smoked_Peppered_705_oz_total,1,fp_solo_render,130.484,,29.39,0.2268,0.2103,53.5,2.6,solo,,,,40,0,0,0,0,0,0,0.0,,unreachable,1.7,2026-09-11T21:53:18,252.0,1
ycbv9,8,0,ycbv,9,potted meat can,53,43,1,,gt,gt,0,fp_solo_render,58.75,,2.57,0.0198,1.0,6.3,2.6,solo,,,,40,11,0,2,1,0,1,6.0,"F,S",,1.6,2026-09-11T21:53:23,288.0,1
ycbv9,8,0,ycbv,9,potted meat can,53,43,1,,proxy,gso/Polar_Herring_Fillets_Smoked_Peppered_705_oz_total,1,fp_solo_render,132.625,,30.18,0.233,0.2103,70.5,2.6,solo,,,,40,0,0,0,0,0,0,0.0,,unreachable,1.6,2026-09-11T21:53:24,288.0,1
ycbv9,8,0,ycbv,9,potted meat can,59,567,3,,gt,gt,0,fp_solo_render,56.219,,2.97,0.023,1.0,6.0,2.6,solo,,,,40,0,0,0,0,0,0,0.0,,unreachable,1.3,2026-09-11T21:53:29,324.0,1
ycbv9,8,0,ycbv,9,potted meat can,59,567,3,,proxy,gso/Polar_Herring_Fillets_Smoked_Peppered_705_oz_total,1,fp_solo_render,132.656,,17.74,0.1369,0.3888,34.4,2.6,solo,,,,40,10,0,5,0,0,0,0.0,"F,F,F,F,F",grasp_failed,1.9,2026-09-11T21:53:30,324.0,1
ycbv10,9,0,ycbv,10,banana,50,620,3,,gt,gt,0,fp_solo_render,52.688,,12.62,0.0638,0.3988,6.5,2.1,solo,,,,40,14,0,2,1,0,1,14.6,"F,S",,8.0,2026-09-11T21:53:36,0.0,1
ycbv10,9,0,ycbv,10,banana,50,620,3,,proxy,gso/COAST_GUARD_BOAT,1,fp_solo_render,135.562,,28.35,0.1433,0.2048,63.3,2.1,solo,,,,40,5,4,1,0,0,0,0.0,"F,B,B,B,B",grasp_failed,16.7,2026-09-11T21:53:44,0.0,1
ycbv10,9,0,ycbv,10,banana,56,39,1,,gt,gt,0,fp_solo_render,54.719,,12.46,0.063,0.4022,6.9,2.1,solo,,,,40,16,0,2,1,0,1,14.6,"F,S",,1.4,2026-09-11T21:54:03,36.0,1
ycbv10,9,0,ycbv,10,banana,56,39,1,,proxy,gso/COAST_GUARD_BOAT,1,fp_solo_render,135.656,,26.13,0.1321,0.2499,59.4,2.1,solo,,,,40,14,0,1,1,1,1,14.6,S,,2.0,2026-09-11T21:54:05,36.0,1
ycbv10,9,0,ycbv,10,banana,50,644,3,,gt,gt,0,fp_solo_render,59.531,,14.09,0.0712,0.3902,6.2,2.1,solo,,,,40,8,0,1,1,1,1,14.9,S,,1.3,2026-09-11T21:54:09,72.0,1
ycbv10,9,0,ycbv,10,banana,50,644,3,,proxy,gso/COAST_GUARD_BOAT,1,fp_solo_render,141.438,,32.6,0.1648,0.1809,56.6,2.1,solo,,,,40,0,0,0,0,0,0,0.0,,unreachable,1.9,2026-09-11T21:54:10,72.0,1
ycbv10,9,0,ycbv,10,banana,56,62,1,,gt,gt,0,fp_solo_render,68.094,,13.9,0.0703,0.3954,6.2,2.1,solo,,,,40,9,0,3,1,0,1,14.8,"F,F,S",,1.5,2026-09-11T21:54:15,108.0,1
ycbv10,9,0,ycbv,10,banana,56,62,1,,proxy,gso/COAST_GUARD_BOAT,1,fp_solo_render,141.531,,28.84,0.1458,0.2154,46.5,2.1,solo,,,,40,0,0,0,0,0,0,0.0,,unreachable,1.9,2026-09-11T21:54:16,108.0,1
ycbv10,9,0,ycbv,10,banana,50,651,3,,gt,gt,0,fp_solo_render,64.906,,12.01,0.0607,0.4198,6.5,2.1,solo,,,,40,7,0,3,1,0,1,14.5,"F,F,S",,1.4,2026-09-11T21:54:21,144.0,1
ycbv10,9,0,ycbv,10,banana,50,651,3,,proxy,gso/COAST_GUARD_BOAT,1,fp_solo_render,136.812,,79.2,0.4004,0.0,79.7,2.1,solo,,,,40,0,0,0,0,0,0,0.0,,unreachable,1.9,2026-09-11T21:54:22,144.0,1
ycbv10,9,0,ycbv,10,banana,56,98,1,,gt,gt,0,fp_solo_render,61.375,,11.95,0.0604,0.4211,8.6,2.1,solo,,,,40,4,0,4,1,0,1,15.1,"F,F,F,S",,1.5,2026-09-11T21:54:27,180.0,1
ycbv10,9,0,ycbv,10,banana,56,98,1,,proxy,gso/COAST_GUARD_BOAT,1,fp_solo_render,135.75,,22.62,0.1144,0.2579,17.0,2.1,solo,,,,40,6,0,1,1,1,1,13.9,S,,2.0,2026-09-11T21:54:28,180.0,1
ycbv10,9,0,ycbv,10,banana,50,712,3,,gt,gt,0,fp_solo_render,71.594,,9.02,0.0456,0.5285,6.0,2.1,solo,,,,40,0,0,0,0,0,0,0.0,,unreachable,1.2,2026-09-11T21:54:33,216.0,1
ycbv10,9,0,ycbv,10,banana,50,712,3,,proxy,gso/COAST_GUARD_BOAT,1,fp_solo_render,143.094,,57.67,0.2916,0.0187,76.7,2.1,solo,,,,40,1,0,1,0,0,0,0.0,F,grasp_failed,1.9,2026-09-11T21:54:34,216.0,1
ycbv10,9,0,ycbv,10,banana,56,128,1,,gt,gt,0,fp_solo_render,71.969,,8.91,0.045,0.5338,5.7,2.1,solo,,,,40,0,0,0,0,0,0,0.0,,unreachable,1.2,2026-09-11T21:54:38,252.0,1
ycbv10,9,0,ycbv,10,banana,56,128,1,,proxy,gso/COAST_GUARD_BOAT,1,fp_solo_render,141.625,,21.3,0.1077,0.2679,19.1,2.1,solo,,,,40,8,0,3,1,0,1,14.9,"F,F,S",,2.0,2026-09-11T21:54:39,252.0,1
ycbv10,9,0,ycbv,10,banana,50,737,3,,gt,gt,0,fp_solo_render,51.438,,9.7,0.049,0.4976,5.9,2.1,solo,,,,40,12,8,4,0,0,0,0.0,"F,F,F,B,B,F,B,B,B,B,B,B",grasp_failed,2.0,2026-09-11T21:54:44,288.0,1
ycbv10,9,0,ycbv,10,banana,50,737,3,,proxy,gso/COAST_GUARD_BOAT,1,fp_solo_render,138.281,,21.37,0.1081,0.2421,49.9,2.1,solo,,,,40,4,4,0,0,0,0,0.0,"B,B,B,B",all_blocked,2.1,2026-09-11T21:54:46,288.0,1
ycbv10,9,0,ycbv,10,banana,56,143,1,,gt,gt,0,fp_solo_render,55.344,,9.6,0.0485,0.5019,5.6,2.1,solo,,,,40,12,8,4,0,0,0,0.0,"F,F,F,B,B,F,B,B,B,B,B,B",grasp_failed,2.0,2026-09-11T21:54:50,324.0,1
ycbv10,9,0,ycbv,10,banana,56,143,1,,proxy,gso/COAST_GUARD_BOAT,1,fp_solo_render,138.969,,20.89,0.1056,0.2863,52.7,2.1,solo,,,,40,1,0,1,0,0,0,0.0,F,grasp_failed,1.9,2026-09-11T21:54:52,324.0,1
ycbv12,10,0,ycbv,12,bleach cleanser,51,1,3,,gt,gt,0,fp_solo_render,42.688,,6.02,0.0232,0.8907,7.6,4.5,solo,,,,40,29,0,1,1,1,1,14.7,S,,51.1,2026-09-11T21:54:58,0.0,1
ycbv12,10,0,ycbv,12,bleach cleanser,51,1,3,,proxy,housecat6d/bottle-dettol_washing_machine,1,fp_solo_render,136.594,,16.88,0.065,0.5014,13.8,4.5,solo,,,,40,7,0,1,1,1,1,13.1,S,,4.2,2026-09-11T21:55:49,0.0,1
ycbv12,10,0,ycbv,12,bleach cleanser,54,32,2,,gt,gt,0,fp_solo_render,52.812,,8.15,0.0314,0.8822,8.1,3.8,solo,,,,40,13,0,3,1,0,1,14.8,"F,F,S",,2.7,2026-09-11T21:55:58,36.0,1
ycbv12,10,0,ycbv,12,bleach cleanser,54,32,2,,proxy,housecat6d/bottle-dettol_washing_machine,1,fp_solo_render,131.938,,40.54,0.1562,0.2132,96.8,3.8,solo,,,,40,0,0,0,0,0,0,0.0,,unreachable,3.9,2026-09-11T21:56:01,36.0,1
ycbv12,10,0,ycbv,12,bleach cleanser,55,1666,3,,gt,gt,0,fp_solo_render,58.812,,3.39,0.0131,1.0,8.6,3.9,solo,,,,40,26,0,2,1,0,1,14.8,"F,S",,2.5,2026-09-11T21:56:08,72.0,1
ycbv12,10,0,ycbv,12,bleach cleanser,55,1666,3,,proxy,housecat6d/bottle-dettol_washing_machine,1,fp_solo_render,144.156,,50.06,0.1929,0.1328,67.8,3.9,solo,,,,40,6,0,5,0,0,0,0.0,"F,F,F,F,F",grasp_failed,4.2,2026-09-11T21:56:11,72.0,1
ycbv12,10,0,ycbv,12,bleach cleanser,57,1,1,,gt,gt,0,fp_solo_render,31.0,,3.48,0.0134,1.0,8.5,4.6,solo,,,,40,14,0,2,1,0,1,14.9,"F,S",,2.6,2026-09-11T21:56:19,108.0,1
ycbv12,10,0,ycbv,12,bleach cleanser,57,1,1,,proxy,housecat6d/bottle-dettol_washing_machine,1,fp_solo_render,130.484,,16.58,0.0639,0.5341,13.2,4.6,solo,,,,40,12,0,1,1,1,1,5.4,S,,4.0,2026-09-11T21:56:22,108.0,1
ycbv12,10,0,ycbv,12,bleach cleanser,51,407,3,,gt,gt,0,fp_solo_render,50.094,,6.53,0.0252,0.9995,8.1,3.8,solo,,,,40,28,0,1,1,1,1,14.8,S,,2.5,2026-09-11T21:56:30,144.0,1
ycbv12,10,0,ycbv,12,bleach cleanser,51,407,3,,proxy,housecat6d/bottle-dettol_washing_machine,1,fp_solo_render,138.75,,18.25,0.0703,0.4173,16.8,3.8,solo,,,,40,12,0,1,1,1,1,13.4,S,,4.0,2026-09-11T21:56:33,144.0,1
ycbv12,10,0,ycbv,12,bleach cleanser,54,50,2,,gt,gt,0,fp_solo_render,36.875,,3.68,0.0142,1.0,7.7,4.5,solo,,,,40,20,0,1,1,1,1,14.7,S,,2.5,2026-09-11T21:56:41,180.0,1
ycbv12,10,0,ycbv,12,bleach cleanser,54,50,2,,proxy,housecat6d/bottle-dettol_washing_machine,1,fp_solo_render,136.656,,40.04,0.1542,0.2235,46.9,4.5,solo,,,,40,8,0,5,0,0,0,0.0,"F,F,F,F,F",grasp_failed,4.1,2026-09-11T21:56:43,180.0,1
ycbv12,10,0,ycbv,12,bleach cleanser,55,1717,3,,gt,gt,0,fp_solo_render,33.25,,5.5,0.0212,0.899,8.5,3.8,solo,,,,40,26,0,3,1,0,1,14.4,"F,F,S",,2.6,2026-09-11T21:56:52,216.0,1
ycbv12,10,0,ycbv,12,bleach cleanser,55,1717,3,,proxy,housecat6d/bottle-dettol_washing_machine,1,fp_solo_render,138.188,,16.69,0.0643,0.4563,14.4,3.8,solo,,,,40,12,0,1,1,1,1,13.3,S,,4.1,2026-09-11T21:56:54,216.0,1
ycbv12,10,0,ycbv,12,bleach cleanser,57,81,1,,gt,gt,0,fp_solo_render,30.812,,5.08,0.0196,0.8998,7.2,3.9,solo,,,,40,27,0,5,0,0,0,0.0,"F,F,F,F,F",grasp_failed,2.6,2026-09-11T21:57:02,252.0,1
ycbv12,10,0,ycbv,12,bleach cleanser,57,81,1,,proxy,housecat6d/bottle-dettol_washing_machine,1,fp_solo_render,139.062,,20.0,0.0771,0.5152,45.4,3.9,solo,,,,40,14,0,1,1,1,1,14.5,S,,4.0,2026-09-11T21:57:05,252.0,1
ycbv12,10,0,ycbv,12,bleach cleanser,51,553,3,,gt,gt,0,fp_solo_render,54.094,,6.44,0.0248,0.9827,8.5,4.6,solo,,,,40,22,0,1,1,1,1,14.8,S,,2.5,2026-09-11T21:57:13,288.0,1
ycbv12,10,0,ycbv,12,bleach cleanser,51,553,3,,proxy,housecat6d/bottle-dettol_washing_machine,1,fp_solo_render,125.859,,25.88,0.0997,0.4962,61.9,4.6,solo,,,,40,8,8,0,0,0,0,0.0,"B,B,B,B,B,B,B,B",all_blocked,4.4,2026-09-11T21:57:16,288.0,1
ycbv12,10,0,ycbv,12,bleach cleanser,54,69,2,,gt,gt,0,fp_solo_render,41.344,,5.24,0.0202,0.8993,7.0,3.8,solo,,,,40,21,0,1,1,1,1,14.9,S,,2.5,2026-09-11T21:57:25,324.0,1
ycbv12,10,0,ycbv,12,bleach cleanser,54,69,2,,proxy,housecat6d/bottle-dettol_washing_machine,1,fp_solo_render,136.969,,16.2,0.0624,0.5108,11.9,3.8,solo,,,,40,3,0,1,1,1,1,13.0,S,,4.0,2026-09-11T21:57:27,324.0,1
ycbv13,11,0,ycbv,13,bowl,49,1150,3,,gt,gt,0,fp_solo_render,57.125,,3.48,0.0215,1.0,5.9,1.5,solo,,,,0,0,0,0,0,0,0,0.0,,no_candidates,8.2,2026-09-11T21:57:36,0.0,0
ycbv13,11,0,ycbv,13,bowl,49,1150,3,,proxy,housecat6d/cup-red,1,fp_solo_render,137.875,,57.38,0.3543,0.0868,101.4,1.5,solo,,,,40,9,0,2,1,0,1,12.5,"F,S",,329.6,2026-09-11T21:57:44,0.0,0
ycbv13,11,0,ycbv,13,bowl,53,93,2,,gt,gt,0,fp_solo_render,55.031,,3.89,0.024,0.9999,6.1,1.5,solo,,,,0,0,0,0,0,0,0,0.0,,no_candidates,3.1,2026-09-11T22:03:18,36.0,0
ycbv13,11,0,ycbv,13,bowl,53,93,2,,proxy,housecat6d/cup-red,1,fp_solo_render,142.281,,20.0,0.1235,0.3373,43.9,1.5,solo,,,,40,6,3,3,0,0,0,0.0,"F,F,F,B,B,B",grasp_failed,4.7,2026-09-11T22:03:21,36.0,0
ycbv13,11,0,ycbv,13,bowl,49,1582,3,,gt,gt,0,fp_solo_render,58.969,,3.3,0.0204,1.0,6.0,1.5,solo,,,,0,0,0,0,0,0,0,0.0,,no_candidates,3.1,2026-09-11T22:03:31,72.0,0
ycbv13,11,0,ycbv,13,bowl,49,1582,3,,proxy,housecat6d/cup-red,1,fp_solo_render,139.781,,61.3,0.3786,0.0667,106.5,1.5,solo,,,,40,7,0,1,1,1,1,12.2,S,,4.3,2026-09-11T22:03:34,72.0,0
ycbv13,11,0,ycbv,13,bowl,53,519,2,,gt,gt,0,fp_solo_render,46.625,,4.11,0.0254,0.9904,6.9,1.5,solo,,,,0,0,0,0,0,0,0,0.0,,no_candidates,3.0,2026-09-11T22:03:43,108.0,0
ycbv13,11,0,ycbv,13,bowl,53,519,2,,proxy,housecat6d/cup-red,1,fp_solo_render,141.188,,55.63,0.3436,0.0804,102.7,1.5,solo,,,,40,7,2,3,1,0,1,7.5,"F,F,B,B,S",,5.2,2026-09-11T22:03:46,108.0,0
ycbv13,11,0,ycbv,13,bowl,49,1595,3,,gt,gt,0,fp_solo_render,56.156,,3.68,0.0227,0.999,6.1,1.5,solo,,,,0,0,0,0,0,0,0,0.0,,no_candidates,3.1,2026-09-11T22:03:56,144.0,0
ycbv13,11,0,ycbv,13,bowl,49,1595,3,,proxy,housecat6d/cup-red,1,fp_solo_render,136.562,,58.61,0.362,0.0868,103.9,1.5,solo,,,,40,9,0,1,1,1,1,8.4,S,,4.2,2026-09-11T22:03:59,144.0,0
ycbv13,11,0,ycbv,13,bowl,53,533,2,,gt,gt,0,fp_solo_render,50.219,,4.29,0.0265,0.9552,7.0,1.5,solo,,,,0,0,0,0,0,0,0,0.0,,no_candidates,3.0,2026-09-11T22:04:08,180.0,0
ycbv13,11,0,ycbv,13,bowl,53,533,2,,proxy,housecat6d/cup-red,1,fp_solo_render,139.25,,24.41,0.1508,0.3184,43.8,1.5,solo,,,,40,12,1,5,0,0,0,0.0,"F,F,B,F,F,F",grasp_failed,4.5,2026-09-11T22:04:11,180.0,0
ycbv13,11,0,ycbv,13,bowl,49,1671,3,,gt,gt,0,fp_solo_render,52.875,,3.7,0.0229,0.9993,5.6,1.5,solo,,,,0,0,0,0,0,0,0,0.0,,no_candidates,3.0,2026-09-11T22:04:20,216.0,0
ycbv13,11,0,ycbv,13,bowl,49,1671,3,,proxy,housecat6d/cup-red,1,fp_solo_render,141.0,,23.97,0.148,0.3459,42.5,1.5,solo,,,,40,14,0,1,1,1,1,11.6,S,,4.3,2026-09-11T22:04:23,216.0,0
ycbv13,11,0,ycbv,13,bowl,53,539,2,,gt,gt,0,fp_solo_render,51.969,,4.38,0.027,0.9434,6.9,1.5,solo,,,,0,0,0,0,0,0,0,0.0,,no_candidates,3.0,2026-09-11T22:04:32,252.0,0
ycbv13,11,0,ycbv,13,bowl,53,539,2,,proxy,housecat6d/cup-red,1,fp_solo_render,141.156,,59.95,0.3703,0.0718,104.9,1.5,solo,,,,40,5,0,2,1,0,1,5.9,"F,S",,4.9,2026-09-11T22:04:35,252.0,0
ycbv13,11,0,ycbv,13,bowl,49,1881,3,,gt,gt,0,fp_solo_render,54.312,,3.96,0.0245,0.9855,6.0,1.5,solo,,,,0,0,0,0,0,0,0,0.0,,no_candidates,3.0,2026-09-11T22:04:45,288.0,0
ycbv13,11,0,ycbv,13,bowl,49,1881,3,,proxy,housecat6d/cup-red,1,fp_solo_render,143.125,,61.86,0.382,0.0492,105.5,1.5,solo,,,,40,8,0,1,1,1,1,9.0,S,,4.2,2026-09-11T22:04:48,288.0,0
ycbv13,11,0,ycbv,13,bowl,53,550,2,,gt,gt,0,fp_solo_render,54.688,,3.88,0.024,0.9972,6.5,1.5,solo,,,,0,0,0,0,0,0,0,0.0,,no_candidates,3.1,2026-09-11T22:04:56,324.0,0
ycbv13,11,0,ycbv,13,bowl,53,550,2,,proxy,housecat6d/cup-red,1,fp_solo_render,132.906,,58.26,0.3598,0.0864,102.9,1.5,solo,,,,40,6,0,1,1,1,1,13.0,S,,4.2,2026-09-11T22:04:59,324.0,0
ycbv14,12,0,ycbv,14,mug,48,1074,2,,gt,gt,0,fp_solo_render,33.25,,3.67,0.0294,0.8815,7.7,1.6,solo,,,,38,13,0,1,1,1,1,13.0,S,,2.8,2026-09-11T22:05:09,0.0,0
ycbv14,12,0,ycbv,14,mug,48,1074,2,,proxy,housecat6d/cup-red_heart,1,fp_solo_render,95.527,,5.4,0.0432,0.6872,17.2,1.6,solo,,,,40,21,0,1,1,1,1,14.3,S,,5.1,2026-09-11T22:05:12,0.0,0
ycbv14,12,0,ycbv,14,mug,55,22,4,,gt,gt,0,fp_solo_render,47.531,,6.24,0.0499,0.5574,7.3,1.6,solo,,,,38,6,0,1,1,1,1,14.9,S,,2.4,2026-09-11T22:05:22,36.0,0
ycbv14,12,0,ycbv,14,mug,55,22,4,,proxy,housecat6d/cup-red_heart,1,fp_solo_render,97.584,,7.35,0.0588,0.4603,11.4,1.6,solo,,,,40,14,0,1,1,1,1,14.6,S,,4.3,2026-09-11T22:05:24,36.0,0
ycbv14,12,0,ycbv,14,mug,48,1126,2,,gt,gt,0,fp_solo_render,35.188,,6.16,0.0492,0.5667,7.6,1.6,solo,,,,38,12,0,2,1,0,1,14.2,"F,S",,2.5,2026-09-11T22:05:33,72.0,0
ycbv14,12,0,ycbv,14,mug,48,1126,2,,proxy,housecat6d/cup-red_heart,1,fp_solo_render,98.903,,6.92,0.0554,0.4916,11.3,1.6,solo,,,,40,17,0,1,1,1,1,15.0,S,,4.1,2026-09-11T22:05:35,72.0,0
ycbv14,12,0,ycbv,14,mug,55,205,4,,gt,gt,0,fp_solo_render,40.531,,6.02,0.0482,0.5702,7.2,1.6,solo,,,,38,5,0,1,1,1,1,14.3,S,,2.4,2026-09-11T22:05:44,108.0,0
ycbv14,12,0,ycbv,14,mug,55,205,4,,proxy,housecat6d/cup-red_heart,1,fp_solo_render,105.602,,8.4,0.0672,0.4247,10.7,1.6,solo,,,,40,20,0,1,1,1,1,14.9,S,,4.0,2026-09-11T22:05:46,108.0,0
ycbv14,12,0,ycbv,14,mug,48,1133,2,,gt,gt,0,fp_solo_render,23.688,,6.55,0.0524,0.5463,7.6,1.6,solo,,,,38,11,0,1,1,1,1,14.0,S,,2.4,2026-09-11T22:05:54,144.0,0
ycbv14,12,0,ycbv,14,mug,48,1133,2,,proxy,housecat6d/cup-red_heart,1,fp_solo_render,108.422,,9.61,0.0769,0.3701,13.6,1.6,solo,,,,40,20,0,1,1,1,1,15.1,S,,4.0,2026-09-11T22:05:57,144.0,0
ycbv14,12,0,ycbv,14,mug,55,546,4,,gt,gt,0,fp_solo_render,56.344,,4.58,0.0366,0.8067,9.4,1.6,solo,,,,38,6,0,1,1,1,1,13.2,S,,2.4,2026-09-11T22:06:05,180.0,0
ycbv14,12,0,ycbv,14,mug,55,546,4,,proxy,housecat6d/cup-red_heart,1,fp_solo_render,111.93,,6.95,0.0556,0.5473,12.8,1.6,solo,,,,40,23,0,1,1,1,1,14.8,S,,4.1,2026-09-11T22:06:07,180.0,0
ycbv14,12,0,ycbv,14,mug,48,1644,2,,gt,gt,0,fp_solo_render,39.938,,5.97,0.0478,0.5881,7.9,1.6,solo,,,,38,12,0,1,1,1,1,13.5,S,,2.5,2026-09-11T22:06:16,216.0,0
ycbv14,12,0,ycbv,14,mug,48,1644,2,,proxy,housecat6d/cup-red_heart,1,fp_solo_render,103.941,,8.54,0.0684,0.419,13.4,1.6,solo,,,,40,19,0,1,1,1,1,15.0,S,,4.1,2026-09-11T22:06:18,216.0,0
ycbv14,12,0,ycbv,14,mug,55,612,4,,gt,gt,0,fp_solo_render,33.438,,2.12,0.0169,1.0,7.8,1.6,solo,,,,38,13,0,1,1,1,1,13.1,S,,2.4,2026-09-11T22:06:26,252.0,0
ycbv14,12,0,ycbv,14,mug,55,612,4,,proxy,housecat6d/cup-red_heart,1,fp_solo_render,105.965,,5.3,0.0424,0.6993,16.1,1.6,solo,,,,40,21,0,1,1,1,1,14.0,S,,4.2,2026-09-11T22:06:29,252.0,0
ycbv14,12,0,ycbv,14,mug,55,654,4,,gt,gt,0,fp_solo_render,52.25,,3.77,0.0302,0.8633,7.7,1.6,solo,,,,38,11,0,1,1,1,1,14.5,S,,2.4,2026-09-11T22:06:37,288.0,0
ycbv14,12,0,ycbv,14,mug,55,654,4,,proxy,housecat6d/cup-red_heart,1,fp_solo_render,105.895,,5.45,0.0436,0.667,17.0,1.6,solo,,,,40,21,0,1,1,1,1,14.4,S,,4.2,2026-09-11T22:06:40,288.0,0
ycbv14,12,0,ycbv,14,mug,55,1041,4,,gt,gt,0,fp_solo_render,49.469,,5.86,0.0468,0.6021,9.8,1.6,solo,,,,38,6,0,1,1,1,1,13.4,S,,2.4,2026-09-11T22:06:48,324.0,0
ycbv14,12,0,ycbv,14,mug,55,1041,4,,proxy,housecat6d/cup-red_heart,1,fp_solo_render,108.812,,6.5,0.052,0.5825,16.0,1.6,solo,,,,40,23,0,1,1,1,1,14.9,S,,4.2,2026-09-11T22:06:50,324.0,0
ycbv15,13,0,ycbv,15,power drill,50,923,4,,gt,gt,0,fp_solo_render,52.656,,11.45,0.0506,0.5724,6.7,2.6,solo,,,,40,0,0,0,0,0,0,0.0,,unreachable,17.0,2026-09-11T22:07:00,0.0,1
ycbv15,13,0,ycbv,15,power drill,50,923,4,,proxy,gso/Remington_TStudio_Hair_Dryer,1,fp_solo_render,134.094,,71.97,0.3182,0.0344,151.0,2.6,solo,,,,40,3,0,3,0,0,0,0.0,"F,F,F",grasp_failed,38.9,2026-09-11T22:07:17,0.0,1
ycbv15,13,0,ycbv,15,power drill,54,1355,3,,gt,gt,0,fp_solo_render,48.5,,12.04,0.0532,0.5477,7.7,2.6,solo,,,,40,0,0,0,0,0,0,0.0,,unreachable,2.3,2026-09-11T22:07:59,36.0,1
ycbv15,13,0,ycbv,15,power drill,54,1355,3,,proxy,gso/Remington_TStudio_Hair_Dryer,1,fp_solo_render,136.719,,51.76,0.2289,0.1584,77.8,2.6,solo,,,,40,0,0,0,0,0,0,0.0,,unreachable,3.8,2026-09-11T22:08:02,36.0,1
ycbv15,13,0,ycbv,15,power drill,56,254,3,,gt,gt,0,fp_solo_render,58.688,,11.22,0.0496,0.5464,8.1,2.6,solo,,,,40,1,0,1,0,0,0,0.0,F,grasp_failed,2.3,2026-09-11T22:08:09,72.0,1
ycbv15,13,0,ycbv,15,power drill,56,254,3,,proxy,gso/Remington_TStudio_Hair_Dryer,1,fp_solo_render,129.609,,36.93,0.1633,0.2128,70.6,2.6,solo,,,,40,7,0,5,0,0,0,0.0,"F,F,F,F,F",grasp_failed,3.8,2026-09-11T22:08:11,72.0,1
ycbv15,13,0,ycbv,15,power drill,59,61,4,,gt,gt,0,fp_solo_render,78.297,,10.86,0.048,0.5499,8.4,2.6,solo,,,,40,2,0,2,0,0,0,0.0,"F,F",grasp_failed,2.4,2026-09-11T22:08:18,108.0,1
ycbv15,13,0,ycbv,15,power drill,59,61,4,,proxy,gso/Remington_TStudio_Hair_Dryer,1,fp_solo_render,127.953,,33.31,0.1473,0.2664,64.4,2.6,solo,,,,40,7,0,5,0,0,0,0.0,"F,F,F,F,F",grasp_failed,3.8,2026-09-11T22:08:21,108.0,1
ycbv15,13,0,ycbv,15,power drill,50,1052,4,,gt,gt,0,fp_solo_render,38.875,,7.75,0.0343,0.7284,6.0,2.6,solo,,,,40,1,0,1,0,0,0,0.0,F,grasp_failed,2.4,2026-09-11T22:08:28,144.0,1
ycbv15,13,0,ycbv,15,power drill,50,1052,4,,proxy,gso/Remington_TStudio_Hair_Dryer,1,fp_solo_render,128.922,,58.4,0.2582,0.2564,121.2,2.6,solo,,,,40,0,0,0,0,0,0,0.0,,unreachable,3.8,2026-09-11T22:08:30,144.0,1
ycbv15,13,0,ycbv,15,power drill,54,1539,3,,gt,gt,0,fp_solo_render,47.438,,7.39,0.0327,0.7517,7.3,2.6,solo,,,,40,2,0,2,1,0,1,14.4,"F,S",,2.5,2026-09-11T22:08:37,180.0,1
ycbv15,13,0,ycbv,15,power drill,54,1539,3,,proxy,gso/Remington_TStudio_Hair_Dryer,1,fp_solo_render,131.562,,60.22,0.2663,0.2325,111.1,2.6,solo,,,,40,0,0,0,0,0,0,0.0,,unreachable,3.7,2026-09-11T22:08:40,180.0,1
ycbv15,13,0,ycbv,15,power drill,56,517,3,,gt,gt,0,fp_solo_render,51.062,,9.21,0.0407,0.6321,6.8,2.6,solo,,,,40,0,0,0,0,0,0,0.0,,unreachable,2.3,2026-09-11T22:08:47,216.0,1
ycbv15,13,0,ycbv,15,power drill,56,517,3,,proxy,gso/Remington_TStudio_Hair_Dryer,1,fp_solo_render,135.281,,53.51,0.2366,0.1913,139.7,2.6,solo,,,,40,0,0,0,0,0,0,0.0,,unreachable,3.7,2026-09-11T22:08:49,216.0,1
ycbv15,13,0,ycbv,15,power drill,59,242,4,,gt,gt,0,fp_solo_render,52.469,,8.58,0.0379,0.6814,7.5,2.6,solo,,,,40,1,0,1,1,1,1,14.5,S,,2.4,2026-09-11T22:08:56,252.0,1
ycbv15,13,0,ycbv,15,power drill,59,242,4,,proxy,gso/Remington_TStudio_Hair_Dryer,1,fp_solo_render,133.625,,55.86,0.247,0.2383,141.7,2.6,solo,,,,40,0,0,0,0,0,0,0.0,,unreachable,3.7,2026-09-11T22:08:59,252.0,1
ycbv15,13,0,ycbv,15,power drill,50,1077,4,,gt,gt,0,fp_solo_render,41.906,,11.74,0.0519,0.5508,6.2,2.6,solo,,,,40,0,0,0,0,0,0,0.0,,unreachable,2.4,2026-09-11T22:09:06,288.0,1
ycbv15,13,0,ycbv,15,power drill,50,1077,4,,proxy,gso/Remington_TStudio_Hair_Dryer,1,fp_solo_render,122.297,,100.73,0.4454,0.0,140.2,2.6,solo,,,,40,1,1,0,0,0,0,0.0,B,all_blocked,3.9,2026-09-11T22:09:08,288.0,1
ycbv15,13,0,ycbv,15,power drill,54,1543,3,,gt,gt,0,fp_solo_render,48.906,,12.04,0.0533,0.5177,7.7,2.6,solo,,,,40,2,0,2,0,0,0,0.0,"F,F",grasp_failed,2.5,2026-09-11T22:09:15,324.0,1
ycbv15,13,0,ycbv,15,power drill,54,1543,3,,proxy,gso/Remington_TStudio_Hair_Dryer,1,fp_solo_render,133.875,,55.75,0.2465,0.2064,119.9,2.6,solo,,,,40,0,0,0,0,0,0,0.0,,unreachable,3.7,2026-09-11T22:09:18,324.0,1
ycbv19,14,0,ycbv,19,large clamp,48,1059,3,,gt,gt,0,fp_solo_render,43.281,,5.32,0.0304,0.8146,7.0,5.5,solo,,,,40,0,0,0,0,0,0,0.0,,unreachable,8.0,2026-09-11T22:09:25,0.0,1
ycbv19,14,0,ycbv,19,large clamp,48,1059,3,,proxy,gso/HELICOPTER,1,fp_solo_render,131.062,,13.24,0.0757,0.4227,44.4,5.5,solo,,,,40,9,0,5,0,0,0,0.0,"F,F,F,F,F",grasp_failed,82.2,2026-09-11T22:09:33,0.0,1
ycbv19,14,0,ycbv,19,large clamp,54,1,4,,gt,gt,0,fp_solo_render,31.312,,4.91,0.0281,0.8192,7.2,5.2,solo,,,,40,0,0,0,0,0,0,0.0,,unreachable,1.6,2026-09-11T22:11:00,36.0,1
ycbv19,14,0,ycbv,19,large clamp,54,1,4,,proxy,gso/HELICOPTER,1,fp_solo_render,138.906,,16.28,0.0932,0.518,34.7,5.2,solo,,,,40,3,2,1,0,0,0,0.0,"B,B,F",grasp_failed,2.5,2026-09-11T22:11:01,36.0,1
ycbv19,14,0,ycbv,19,large clamp,48,1090,3,,gt,gt,0,fp_solo_render,31.5,,5.01,0.0286,0.8024,7.3,5.3,solo,,,,40,1,1,0,0,0,0,0.0,B,all_blocked,1.7,2026-09-11T22:11:08,72.0,1
ycbv19,14,0,ycbv,19,large clamp,48,1090,3,,proxy,gso/HELICOPTER,1,fp_solo_render,136.188,,60.4,0.3456,0.0626,89.7,5.3,solo,,,,40,13,0,5,0,0,0,0.0,"F,F,F,F,F",grasp_failed,2.5,2026-09-11T22:11:09,72.0,1
ycbv19,14,0,ycbv,19,large clamp,54,56,4,,gt,gt,0,fp_solo_render,50.719,,5.66,0.0324,0.7693,6.8,5.5,solo,,,,40,2,1,1,0,0,0,0.0,"F,B",grasp_failed,1.8,2026-09-11T22:11:15,108.0,1
ycbv19,14,0,ycbv,19,large clamp,54,56,4,,proxy,gso/HELICOPTER,1,fp_solo_render,138.25,,11.33,0.0648,0.5917,36.0,5.5,solo,,,,40,10,1,5,0,0,0,0.0,"B,F,F,F,F,F",grasp_failed,2.7,2026-09-11T22:11:17,108.0,1
ycbv19,14,0,ycbv,19,large clamp,48,1113,3,,gt,gt,0,fp_solo_render,41.875,,5.77,0.033,0.7621,6.9,5.1,solo,,,,40,2,1,1,0,0,0,0.0,"F,B",grasp_failed,1.7,2026-09-11T22:11:23,144.0,1
ycbv19,14,0,ycbv,19,large clamp,48,1113,3,,proxy,gso/HELICOPTER,1,fp_solo_render,131.5,,11.34,0.0649,0.5889,30.9,5.1,solo,,,,40,7,0,5,0,0,0,0.0,"F,F,F,F,F",grasp_failed,2.4,2026-09-11T22:11:25,144.0,1
ycbv19,14,0,ycbv,19,large clamp,54,69,4,,gt,gt,0,fp_solo_render,40.656,,5.67,0.0324,0.7877,7.2,5.5,solo,,,,40,17,0,5,0,0,0,0.0,"F,F,F,F,F",grasp_failed,1.9,2026-09-11T22:11:31,180.0,1
ycbv19,14,0,ycbv,19,large clamp,54,69,4,,proxy,gso/HELICOPTER,1,fp_solo_render,132.75,,13.72,0.0785,0.4597,32.2,5.5,solo,,,,40,8,0,5,0,0,0,0.0,"F,F,F,F,F",grasp_failed,2.7,2026-09-11T22:11:33,180.0,1
ycbv19,14,0,ycbv,19,large clamp,48,1132,3,,gt,gt,0,fp_solo_render,18.5,,5.54,0.0317,0.8016,7.7,5.2,solo,,,,40,2,1,1,0,0,0,0.0,"F,B",grasp_failed,1.8,2026-09-11T22:11:40,216.0,1
ycbv19,14,0,ycbv,19,large clamp,48,1132,3,,proxy,gso/HELICOPTER,1,fp_solo_render,135.531,,18.85,0.1079,0.3441,34.9,5.2,solo,,,,40,8,6,2,0,0,0,0.0,"F,B,B,F,B,B,B,B",grasp_failed,2.9,2026-09-11T22:11:41,216.0,1
ycbv19,14,0,ycbv,19,large clamp,54,86,4,,gt,gt,0,fp_solo_render,36.938,,4.59,0.0263,0.8375,7.1,5.3,solo,,,,40,22,0,4,1,0,1,13.6,"F,F,F,S",,2.1,2026-09-11T22:11:48,252.0,1
ycbv19,14,0,ycbv,19,large clamp,54,86,4,,proxy,gso/HELICOPTER,1,fp_solo_render,141.375,,14.37,0.0822,0.4644,22.6,5.3,solo,,,,40,14,1,5,0,0,0,0.0,"F,F,F,B,F,F",grasp_failed,2.6,2026-09-11T22:11:50,252.0,1
ycbv19,14,0,ycbv,19,large clamp,48,1576,3,,gt,gt,0,fp_solo_render,31.625,,4.61,0.0264,0.8343,7.2,5.5,solo,,,,40,1,0,1,0,0,0,0.0,F,grasp_failed,1.7,2026-09-11T22:11:56,288.0,1
ycbv19,14,0,ycbv,19,large clamp,48,1576,3,,proxy,gso/HELICOPTER,1,fp_solo_render,134.75,,28.87,0.1652,0.2516,53.5,5.5,solo,,,,40,20,0,5,0,0,0,0.0,"F,F,F,F,F",grasp_failed,2.5,2026-09-11T22:11:58,288.0,1
ycbv19,14,0,ycbv,19,large clamp,54,135,4,,gt,gt,0,fp_solo_render,58.938,,5.28,0.0302,0.8295,7.6,5.1,solo,,,,40,0,0,0,0,0,0,0.0,,unreachable,1.6,2026-09-11T22:12:04,324.0,1
ycbv19,14,0,ycbv,19,large clamp,54,135,4,,proxy,gso/HELICOPTER,1,fp_solo_render,133.625,,10.52,0.0602,0.5701,22.3,5.1,solo,,,,40,11,0,5,0,0,0,0.0,"F,F,F,F,F",grasp_failed,2.5,2026-09-11T22:12:05,324.0,1
ycbv20,15,0,ycbv,20,extra large clamp,48,47,4,,gt,gt,0,fp_solo_render,17.625,,4.44,0.0204,0.9422,5.9,3.1,solo,,,,40,11,0,3,1,0,1,13.3,"F,F,S",,8.3,2026-09-11T22:12:12,0.0,1
ycbv20,15,0,ycbv,20,extra large clamp,48,47,4,,proxy,gso/HeavyDuty_Flashlight,1,fp_solo_render,137.938,,22.44,0.1034,0.3296,67.4,3.1,solo,,,,40,14,0,5,0,0,0,0.0,"F,F,F,F,F",grasp_failed,55.6,2026-09-11T22:12:20,0.0,1
ycbv20,15,0,ycbv,20,extra large clamp,48,1083,4,,gt,gt,0,fp_solo_render,21.688,,4.68,0.0216,0.9378,6.9,3.0,solo,,,,40,12,0,1,1,1,1,14.8,S,,2.3,2026-09-11T22:13:20,36.0,1
ycbv20,15,0,ycbv,20,extra large clamp,48,1083,4,,proxy,gso/HeavyDuty_Flashlight,1,fp_solo_render,134.344,,60.35,0.278,0.1905,143.5,3.0,solo,,,,40,1,0,1,0,0,0,0.0,F,grasp_failed,3.5,2026-09-11T22:13:23,36.0,1
ycbv20,15,0,ycbv,20,extra large clamp,48,1126,4,,gt,gt,0,fp_solo_render,34.562,,4.42,0.0204,0.913,6.7,3.0,solo,,,,40,11,1,1,1,1,1,14.9,"B,S",,2.3,2026-09-11T22:13:29,72.0,1
ycbv20,15,0,ycbv,20,extra large clamp,48,1126,4,,proxy,gso/HeavyDuty_Flashlight,1,fp_solo_render,139.156,,67.63,0.3115,0.0867,85.3,3.0,solo,,,,40,7,4,3,0,0,0,0.0,"F,F,F,B,B,B,B",grasp_failed,4.2,2026-09-11T22:13:32,72.0,1
ycbv20,15,0,ycbv,20,extra large clamp,48,1137,4,,gt,gt,0,fp_solo_render,32.688,,4.69,0.0216,0.9061,7.5,3.1,solo,,,,40,14,0,1,1,1,1,14.7,S,,2.3,2026-09-11T22:13:40,108.0,1
ycbv20,15,0,ycbv,20,extra large clamp,48,1137,4,,proxy,gso/HeavyDuty_Flashlight,1,fp_solo_render,142.875,,58.76,0.2706,0.279,96.1,3.1,solo,,,,40,0,0,0,0,0,0,0.0,,unreachable,3.6,2026-09-11T22:13:42,108.0,1
ycbv20,15,0,ycbv,20,extra large clamp,48,1568,4,,gt,gt,0,fp_solo_render,32.438,,4.71,0.0217,0.9367,7.1,2.9,solo,,,,40,10,0,1,1,1,1,14.8,S,,2.3,2026-09-11T22:13:49,144.0,1
ycbv20,15,0,ycbv,20,extra large clamp,48,1568,4,,proxy,gso/HeavyDuty_Flashlight,1,fp_solo_render,138.5,,39.42,0.1816,0.2905,76.1,2.9,solo,,,,40,9,0,2,1,0,1,10.1,"F,S",,4.1,2026-09-11T22:13:51,144.0,1
ycbv20,15,0,ycbv,20,extra large clamp,48,1577,4,,gt,gt,0,fp_solo_render,64.812,,5.08,0.0234,0.9536,6.9,3.1,solo,,,,40,10,0,3,1,0,1,13.2,"F,F,S",,2.5,2026-09-11T22:13:59,180.0,1
ycbv20,15,0,ycbv,20,extra large clamp,48,1577,4,,proxy,gso/HeavyDuty_Flashlight,1,fp_solo_render,131.234,,21.02,0.0968,0.4157,39.7,3.1,solo,,,,40,26,0,1,1,1,1,14.6,S,,3.7,2026-09-11T22:14:02,180.0,1
ycbv20,15,0,ycbv,20,extra large clamp,48,1586,4,,gt,gt,0,fp_solo_render,38.312,,4.58,0.0211,0.9973,6.7,3.0,solo,,,,40,10,1,2,1,0,1,14.4,"B,F,S",,2.6,2026-09-11T22:14:09,216.0,1
ycbv20,15,0,ycbv,20,extra large clamp,48,1586,4,,proxy,gso/HeavyDuty_Flashlight,1,fp_solo_render,137.75,,43.36,0.1997,0.1981,84.5,3.0,solo,,,,40,3,1,2,0,0,0,0.0,"B,F,F",grasp_failed,3.7,2026-09-11T22:14:11,216.0,1
ycbv20,15,0,ycbv,20,extra large clamp,48,1597,4,,gt,gt,0,fp_solo_render,31.25,,3.32,0.0153,1.0,7.2,3.0,solo,,,,40,9,0,1,1,1,1,14.9,S,,2.2,2026-09-11T22:14:18,252.0,1
ycbv20,15,0,ycbv,20,extra large clamp,48,1597,4,,proxy,gso/HeavyDuty_Flashlight,1,fp_solo_render,140.062,,127.95,0.5894,0.0,183.2,3.0,solo,,,,40,1,1,0,0,0,0,0.0,B,all_blocked,3.7,2026-09-11T22:14:21,252.0,1
ycbv20,15,0,ycbv,20,extra large clamp,48,1619,4,,gt,gt,0,fp_solo_render,29.625,,2.96,0.0136,1.0,6.6,3.1,solo,,,,40,13,0,1,1,1,1,14.5,S,,2.5,2026-09-11T22:14:28,288.0,1
ycbv20,15,0,ycbv,20,extra large clamp,48,1619,4,,proxy,gso/HeavyDuty_Flashlight,1,fp_solo_render,140.656,,51.74,0.2383,0.1537,66.2,3.1,solo,,,,40,8,0,5,0,0,0,0.0,"F,F,F,F,F",grasp_failed,3.9,2026-09-11T22:14:30,288.0,1
ycbv20,15,0,ycbv,20,extra large clamp,48,1631,4,,gt,gt,0,fp_solo_render,13.812,,3.34,0.0154,1.0,6.6,2.9,solo,,,,40,14,0,1,1,1,1,14.9,S,,2.3,2026-09-11T22:14:38,324.0,1
ycbv20,15,0,ycbv,20,extra large clamp,48,1631,4,,proxy,gso/HeavyDuty_Flashlight,1,fp_solo_render,137.25,,57.34,0.2641,0.2366,141.7,2.9,solo,,,,40,1,0,1,0,0,0,0.0,F,grasp_failed,3.6,2026-09-11T22:14:40,324.0,1
ycbv21,16,0,ycbv,21,foam brick,57,1,4,,gt,gt,0,fp_solo_render,26.125,,5.17,0.0503,0.4765,7.8,1.4,solo,,,,40,9,0,2,1,0,1,14.9,"F,S",,4.1,2026-09-11T22:14:48,0.0,1
ycbv21,16,0,ycbv,21,foam brick,57,1,4,,proxy,gso/Ecoforms_Plant_Container_QP6CORAL,1,fp_solo_render,142.531,,52.7,0.5122,0.0729,93.6,1.4,solo,,,,6,2,0,2,0,0,0,0.0,"F,F",grasp_failed,2.4,2026-09-11T22:14:52,0.0,1
ycbv21,16,0,ycbv,21,foam brick,57,88,4,,gt,gt,0,fp_solo_render,26.562,,3.52,0.0342,0.7764,7.7,1.4,solo,,,,40,7,0,1,1,1,1,14.9,S,,1.3,2026-09-11T22:14:56,36.0,1
ycbv21,16,0,ycbv,21,foam brick,57,88,4,,proxy,gso/Ecoforms_Plant_Container_QP6CORAL,1,fp_solo_render,145.844,,82.82,0.8048,0.0188,142.2,1.4,solo,,,,6,1,0,1,0,0,0,0.0,F,grasp_failed,1.6,2026-09-11T22:14:57,36.0,1
ycbv21,16,0,ycbv,21,foam brick,57,537,4,,gt,gt,0,fp_solo_render,25.688,,2.44,0.0237,1.0,6.7,1.4,solo,,,,40,15,0,1,1,1,1,13.7,S,,1.2,2026-09-11T22:15:00,72.0,1
ycbv21,16,0,ycbv,21,foam brick,57,537,4,,proxy,gso/Ecoforms_Plant_Container_QP6CORAL,1,fp_solo_render,143.062,,82.72,0.8039,0.0137,136.2,1.4,solo,,,,6,0,0,0,0,0,0,0.0,,unreachable,1.5,2026-09-11T22:15:02,72.0,1
ycbv21,16,0,ycbv,21,foam brick,57,584,4,,gt,gt,0,fp_solo_render,31.438,,1.74,0.0169,1.0,6.8,1.4,solo,,,,40,13,0,1,1,1,1,14.7,S,,1.2,2026-09-11T22:15:05,108.0,1
ycbv21,16,0,ycbv,21,foam brick,57,584,4,,proxy,gso/Ecoforms_Plant_Container_QP6CORAL,1,fp_solo_render,142.375,,76.4,0.7424,0.0483,146.1,1.4,solo,,,,6,1,1,0,0,0,0,0.0,B,all_blocked,1.5,2026-09-11T22:15:06,108.0,1
ycbv21,16,0,ycbv,21,foam brick,57,790,4,,gt,gt,0,fp_solo_render,20.938,,2.87,0.0279,0.9962,5.7,1.4,solo,,,,40,10,0,1,1,1,1,14.5,S,,1.2,2026-09-11T22:15:09,144.0,1
ycbv21,16,0,ycbv,21,foam brick,57,790,4,,proxy,gso/Ecoforms_Plant_Container_QP6CORAL,1,fp_solo_render,145.5,,77.57,0.7538,0.0,130.0,1.4,solo,,,,6,0,0,0,0,0,0,0.0,,unreachable,1.5,2026-09-11T22:15:10,144.0,1
ycbv21,16,0,ycbv,21,foam brick,57,1054,4,,gt,gt,0,fp_solo_render,12.75,,3.48,0.0338,0.8096,5.6,1.4,solo,,,,40,8,0,1,1,1,1,14.9,S,,1.2,2026-09-11T22:15:14,180.0,1
ycbv21,16,0,ycbv,21,foam brick,57,1054,4,,proxy,gso/Ecoforms_Plant_Container_QP6CORAL,1,fp_solo_render,134.469,,79.41,0.7717,0.001,130.4,1.4,solo,,,,6,1,1,0,0,0,0,0.0,B,all_blocked,1.6,2026-09-11T22:15:15,180.0,1
ycbv21,16,0,ycbv,21,foam brick,57,1082,4,,gt,gt,0,fp_solo_render,20.625,,4.57,0.0444,0.4967,5.7,1.4,solo,,,,40,9,0,1,1,1,1,14.6,S,,1.2,2026-09-11T22:15:18,216.0,1
ycbv21,16,0,ycbv,21,foam brick,57,1082,4,,proxy,gso/Ecoforms_Plant_Container_QP6CORAL,1,fp_solo_render,145.406,,65.3,0.6346,0.0494,121.8,1.4,solo,,,,6,0,0,0,0,0,0,0.0,,unreachable,1.5,2026-09-11T22:15:19,216.0,1
ycbv21,16,0,ycbv,21,foam brick,57,1101,4,,gt,gt,0,fp_solo_render,21.75,,5.43,0.0527,0.602,5.6,1.4,solo,,,,40,12,0,1,1,1,1,14.5,S,,1.2,2026-09-11T22:15:22,252.0,1
ycbv21,16,0,ycbv,21,foam brick,57,1101,4,,proxy,gso/Ecoforms_Plant_Container_QP6CORAL,1,fp_solo_render,146.625,,80.07,0.7781,0.0039,130.5,1.4,solo,,,,6,0,0,0,0,0,0,0.0,,unreachable,1.5,2026-09-11T22:15:24,252.0,1
ycbv21,16,0,ycbv,21,foam brick,57,1527,4,,gt,gt,0,fp_solo_render,22.625,,5.64,0.0548,0.5958,5.8,1.4,solo,,,,40,16,0,1,1,1,1,14.7,S,,1.2,2026-09-11T22:15:27,288.0,1
ycbv21,16,0,ycbv,21,foam brick,57,1527,4,,proxy,gso/Ecoforms_Plant_Container_QP6CORAL,1,fp_solo_render,146.969,,87.44,0.8498,0.0,137.7,1.4,solo,,,,6,0,0,0,0,0,0,0.0,,unreachable,1.5,2026-09-11T22:15:28,288.0,1
ycbv21,16,0,ycbv,21,foam brick,57,1570,4,,gt,gt,0,fp_solo_render,26.062,,6.7,0.0651,0.5348,4.5,1.4,solo,,,,40,10,0,1,1,1,1,14.0,S,,1.2,2026-09-11T22:15:31,324.0,1
ycbv21,16,0,ycbv,21,foam brick,57,1570,4,,proxy,gso/Ecoforms_Plant_Container_QP6CORAL,1,fp_solo_render,141.188,,84.21,0.8184,0.0,133.3,1.4,solo,,,,6,0,0,0,0,0,0,0.0,,unreachable,1.5,2026-09-11T22:15:32,324.0,1
tless1,17,0,tless,1,obj_01,5,195,0,,gt,gt,0,fp_solo_render,45.719,,4.11,0.0646,0.5334,14.0,1.3,solo,,,,3,0,0,0,0,0,0,0.0,,unreachable,3.4,2026-09-11T22:15:38,0.0,1
tless1,17,0,tless,1,obj_01,5,195,0,,proxy,itodd/obj_000026,0,fp_solo_render,140.156,,5.76,0.0906,0.4659,20.1,1.3,solo,,,,18,0,0,0,0,0,0,0.0,,unreachable,1.1,2026-09-11T22:15:42,0.0,1
tless1,17,0,tless,1,obj_01,9,0,2,,gt,gt,0,fp_solo_render,58.844,,4.5,0.0709,0.4995,13.6,1.3,solo,,,,3,0,0,0,0,0,0,0.0,,unreachable,3.3,2026-09-11T22:15:44,36.0,1
tless1,17,0,tless,1,obj_01,9,0,2,,proxy,itodd/obj_000026,0,fp_solo_render,143.719,,8.04,0.1266,0.3157,22.6,1.3,solo,,,,18,0,0,0,0,0,0,0.0,,unreachable,1.1,2026-09-11T22:15:48,36.0,1
tless1,17,0,tless,1,obj_01,17,10,1,,gt,gt,0,fp_solo_render,54.188,,5.3,0.0835,0.4527,15.3,1.3,solo,,,,3,0,0,0,0,0,0,0.0,,unreachable,3.3,2026-09-11T22:15:50,72.0,1
tless1,17,0,tless,1,obj_01,17,10,1,,proxy,itodd/obj_000026,0,fp_solo_render,144.688,,8.24,0.1297,0.3045,23.0,1.3,solo,,,,18,0,0,0,0,0,0,0.0,,unreachable,1.1,2026-09-11T22:15:54,72.0,1
tless1,17,0,tless,1,obj_01,18,49,2,,gt,gt,0,fp_solo_render,60.094,,2.71,0.0426,0.6884,9.0,1.3,solo,,,,3,0,0,0,0,0,0,0.0,,unreachable,3.3,2026-09-11T22:15:56,108.0,1
tless1,17,0,tless,1,obj_01,18,49,2,,proxy,itodd/obj_000026,0,fp_solo_render,144.531,,4.34,0.0684,0.5256,12.9,1.3,solo,,,,18,1,0,1,0,0,0,0.0,F,grasp_failed,1.1,2026-09-11T22:16:00,108.0,1
tless1,17,0,tless,1,obj_01,20,3,4,,gt,gt,0,fp_solo_render,62.5,,4.49,0.0707,0.507,13.5,1.3,solo,,,,3,0,0,0,0,0,0,0.0,,unreachable,3.4,2026-09-11T22:16:02,144.0,1
tless1,17,0,tless,1,obj_01,20,3,4,,proxy,itodd/obj_000026,0,fp_solo_render,144.312,,5.95,0.0936,0.3957,13.5,1.3,solo,,,,18,0,0,0,0,0,0,0.0,,unreachable,1.1,2026-09-11T22:16:06,144.0,1
tless1,17,0,tless,1,obj_01,5,280,0,,gt,gt,0,fp_solo_render,34.375,,5.88,0.0926,0.4133,19.2,1.3,solo,,,,3,0,0,0,0,0,0,0.0,,unreachable,3.3,2026-09-11T22:16:08,180.0,1
tless1,17,0,tless,1,obj_01,5,280,0,,proxy,itodd/obj_000026,0,fp_solo_render,140.156,,8.03,0.1265,0.337,26.2,1.3,solo,,,,18,0,0,0,0,0,0,0.0,,unreachable,1.1,2026-09-11T22:16:12,180.0,1
tless1,17,0,tless,1,obj_01,9,45,2,,gt,gt,0,fp_solo_render,56.688,,2.18,0.0343,0.7779,6.9,1.3,solo,,,,3,0,0,0,0,0,0,0.0,,unreachable,3.3,2026-09-11T22:16:14,216.0,1
tless1,17,0,tless,1,obj_01,9,45,2,,proxy,itodd/obj_000026,0,fp_solo_render,141.688,,6.66,0.1049,0.4166,22.2,1.3,solo,,,,18,0,0,0,0,0,0,0.0,,unreachable,1.1,2026-09-11T22:16:17,216.0,1
tless1,17,0,tless,1,obj_01,17,29,0,,gt,gt,0,fp_solo_render,66.531,,3.12,0.0491,0.6198,10.0,1.3,solo,,,,3,0,0,0,0,0,0,0.0,,unreachable,3.3,2026-09-11T22:16:20,252.0,1
tless1,17,0,tless,1,obj_01,17,29,0,,proxy,itodd/obj_000026,0,fp_solo_render,143.719,,5.55,0.0873,0.4642,16.5,1.3,solo,,,,18,1,0,1,1,1,1,14.8,S,,1.2,2026-09-11T22:16:23,252.0,1
tless1,17,0,tless,1,obj_01,18,55,2,,gt,gt,0,fp_solo_render,65.844,,2.79,0.0439,0.6752,9.2,1.3,solo,,,,3,0,0,0,0,0,0,0.0,,unreachable,3.2,2026-09-11T22:16:26,288.0,1
tless1,17,0,tless,1,obj_01,18,55,2,,proxy,itodd/obj_000026,0,fp_solo_render,144.062,,3.45,0.0542,0.6158,10.2,1.3,solo,,,,18,1,0,1,0,0,0,0.0,F,grasp_failed,1.2,2026-09-11T22:16:29,288.0,1
tless1,17,0,tless,1,obj_01,20,28,3,,gt,gt,0,fp_solo_render,59.0,,3.28,0.0517,0.6036,10.5,1.3,solo,,,,3,0,0,0,0,0,0,0.0,,unreachable,3.3,2026-09-11T22:16:32,324.0,1
tless1,17,0,tless,1,obj_01,20,28,3,,proxy,itodd/obj_000026,0,fp_solo_render,143.031,,7.17,0.113,0.3501,21.3,1.3,solo,,,,18,0,0,0,0,0,0,0.0,,unreachable,1.1,2026-09-11T22:16:35,324.0,1
tless2,18,0,tless,2,obj_02,1,17,0,,gt,gt,0,fp_solo_render,43.562,,4.48,0.0677,0.5373,14.3,1.5,solo,,,,10,2,1,1,0,0,0,0.0,"F,B",grasp_failed,3.6,2026-09-11T22:16:40,0.0,1
tless2,18,0,tless,2,obj_02,1,17,0,,proxy,itodd/obj_000027,0,fp_solo_render,132.531,,8.23,0.1243,0.3338,19.2,1.5,solo,,,,40,13,0,1,1,1,1,14.3,S,,4.1,2026-09-11T22:16:43,0.0,1
tless2,18,0,tless,2,obj_02,9,0,3,,gt,gt,0,fp_solo_render,54.5,,4.19,0.0634,0.5412,13.9,1.5,solo,,,,10,3,2,1,0,0,0,0.0,"F,B,B",grasp_failed,3.3,2026-09-11T22:16:51,36.0,1
tless2,18,0,tless,2,obj_02,9,0,3,,proxy,itodd/obj_000027,0,fp_solo_render,134.125,,9.12,0.1379,0.2942,19.8,1.5,solo,,,,40,8,0,1,1,1,1,14.7,S,,1.2,2026-09-11T22:16:54,36.0,1
tless2,18,0,tless,2,obj_02,12,2,1,,gt,gt,0,fp_solo_render,49.625,,9.07,0.137,0.3253,24.1,1.5,solo,,,,10,1,0,1,0,0,0,0.0,F,grasp_failed,3.3,2026-09-11T22:16:59,72.0,1
tless2,18,0,tless,2,obj_02,12,2,1,,proxy,itodd/obj_000027,0,fp_solo_render,133.062,,13.88,0.2099,0.1634,29.1,1.5,solo,,,,40,4,0,1,1,1,1,14.6,S,,1.2,2026-09-11T22:17:02,72.0,1
tless2,18,0,tless,2,obj_02,20,3,7,,gt,gt,0,fp_solo_render,49.812,,4.5,0.068,0.5243,14.6,1.5,solo,,,,10,2,0,1,1,1,1,14.3,S,,3.4,2026-09-11T22:17:06,108.0,1
tless2,18,0,tless,2,obj_02,20,3,7,,proxy,itodd/obj_000027,0,fp_solo_render,131.516,,8.67,0.1311,0.3057,18.3,1.5,solo,,,,40,8,0,5,0,0,0,0.0,"F,F,F,F,F",grasp_failed,1.3,2026-09-11T22:17:10,108.0,1
tless2,18,0,tless,2,obj_02,1,38,0,,gt,gt,0,fp_solo_render,46.094,,2.7,0.0408,0.7004,9.2,1.5,solo,,,,10,1,0,1,1,1,1,14.8,S,,3.4,2026-09-11T22:17:15,144.0,1
tless2,18,0,tless,2,obj_02,1,38,0,,proxy,itodd/obj_000027,0,fp_solo_render,131.562,,6.82,0.103,0.4078,14.3,1.5,solo,,,,40,5,0,2,1,0,1,14.2,"F,S",,1.3,2026-09-11T22:17:18,144.0,1
tless2,18,0,tless,2,obj_02,9,21,3,,gt,gt,0,fp_solo_render,46.812,,3.73,0.0564,0.5847,12.5,1.5,solo,,,,10,3,0,1,1,1,1,14.6,S,,3.4,2026-09-11T22:17:23,180.0,1
tless2,18,0,tless,2,obj_02,9,21,3,,proxy,itodd/obj_000027,0,fp_solo_render,128.984,,8.03,0.1214,0.3496,16.8,1.5,solo,,,,40,14,0,1,1,1,1,14.8,S,,1.2,2026-09-11T22:17:26,180.0,1
tless2,18,0,tless,2,obj_02,12,26,1,,gt,gt,0,fp_solo_render,49.281,,6.09,0.092,0.4411,18.2,1.5,solo,,,,10,1,0,1,0,0,0,0.0,F,grasp_failed,3.3,2026-09-11T22:17:31,216.0,1
tless2,18,0,tless,2,obj_02,12,26,1,,proxy,itodd/obj_000027,0,fp_solo_render,130.125,,10.79,0.1632,0.2244,22.4,1.5,solo,,,,40,4,0,4,0,0,0,0.0,"F,F,F,F",grasp_failed,1.3,2026-09-11T22:17:34,216.0,1
tless2,18,0,tless,2,obj_02,20,28,7,,gt,gt,0,fp_solo_render,53.719,,3.03,0.0458,0.6669,10.2,1.5,solo,,,,10,1,0,1,0,0,0,0.0,F,grasp_failed,3.3,2026-09-11T22:17:39,252.0,1
tless2,18,0,tless,2,obj_02,20,28,7,,proxy,itodd/obj_000027,0,fp_solo_render,135.438,,7.29,0.1102,0.3862,16.0,1.5,solo,,,,40,7,0,1,1,1,1,13.7,S,,1.2,2026-09-11T22:17:42,252.0,1
tless2,18,0,tless,2,obj_02,1,89,0,,gt,gt,0,fp_solo_render,41.125,,3.53,0.0533,0.6122,11.9,1.5,solo,,,,10,3,0,2,1,0,1,13.4,"F,S",,3.4,2026-09-11T22:17:47,288.0,1
tless2,18,0,tless,2,obj_02,1,89,0,,proxy,itodd/obj_000027,0,fp_solo_render,135.75,,8.44,0.1276,0.3173,18.0,1.5,solo,,,,40,9,0,1,1,1,1,14.3,S,,1.2,2026-09-11T22:17:50,288.0,1
tless2,18,0,tless,2,obj_02,9,57,4,,gt,gt,0,fp_solo_render,52.062,,2.81,0.0425,0.6931,9.7,1.5,solo,,,,10,2,0,2,0,0,0,0.0,"F,F",grasp_failed,3.3,2026-09-11T22:17:55,324.0,1
tless2,18,0,tless,2,obj_02,9,57,4,,proxy,itodd/obj_000027,0,fp_solo_render,131.844,,7.58,0.1146,0.3704,15.6,1.5,solo,,,,40,9,0,2,1,0,1,14.1,"F,S",,1.2,2026-09-11T22:17:58,324.0,1
tless3,19,0,tless,3,obj_03,7,3,1,,gt,gt,0,fp_solo_render,45.969,,7.63,0.1167,0.3701,21.8,1.5,solo,,,,8,3,0,1,1,1,1,14.0,S,,60.1,2026-09-11T22:18:04,0.0,1
tless3,19,0,tless,3,obj_03,7,3,1,,proxy,itodd/obj_000027,0,fp_solo_render,132.219,,10.23,0.1565,0.2419,26.6,1.5,solo,,,,40,13,0,5,1,0,1,14.7,"F,F,F,F,S",,1.4,2026-09-11T22:19:04,0.0,1
tless3,19,0,tless,3,obj_03,9,0,5,,gt,gt,0,fp_solo_render,32.5,,4.28,0.0655,0.5381,14.2,1.5,solo,,,,8,3,0,1,1,1,1,14.4,S,,3.4,2026-09-11T22:19:09,36.0,1
tless3,19,0,tless,3,obj_03,9,0,5,,proxy,itodd/obj_000027,0,fp_solo_render,127.5,,9.22,0.141,0.2712,22.9,1.5,solo,,,,40,14,0,1,1,1,1,14.6,S,,1.2,2026-09-11T22:19:12,36.0,1
tless3,19,0,tless,3,obj_03,12,2,2,,gt,gt,0,fp_solo_render,37.719,,8.78,0.1343,0.3252,23.8,1.5,solo,,,,8,2,0,1,1,1,1,14.1,S,,3.4,2026-09-11T22:19:17,72.0,1
tless3,19,0,tless,3,obj_03,12,2,2,,proxy,itodd/obj_000027,0,fp_solo_render,131.781,,15.06,0.2305,0.1113,32.3,1.5,solo,,,,40,17,0,3,1,0,1,14.8,"F,F,S",,1.3,2026-09-11T22:19:20,72.0,1
tless3,19,0,tless,3,obj_03,20,17,12,,gt,gt,0,fp_solo_render,37.062,,4.1,0.0627,0.5609,13.5,1.5,solo,,,,8,1,0,1,1,1,1,14.5,S,,3.4,2026-09-11T22:19:25,108.0,1
tless3,19,0,tless,3,obj_03,20,17,12,,proxy,itodd/obj_000027,0,fp_solo_render,129.531,,10.83,0.1658,0.1823,21.4,1.5,solo,,,,40,10,0,3,1,0,1,14.0,"F,F,S",,1.5,2026-09-11T22:19:28,108.0,1
tless3,19,0,tless,3,obj_03,7,21,1,,gt,gt,0,fp_solo_render,40.0,,5.43,0.083,0.4667,17.0,1.5,solo,,,,8,1,0,1,1,1,1,8.9,S,,3.4,2026-09-11T22:19:33,144.0,1
tless3,19,0,tless,3,obj_03,7,21,1,,proxy,itodd/obj_000027,0,fp_solo_render,131.828,,14.49,0.2217,0.0853,27.2,1.5,solo,,,,40,14,0,1,1,1,1,14.1,S,,1.3,2026-09-11T22:19:37,144.0,1
tless3,19,0,tless,3,obj_03,9,45,5,,gt,gt,0,fp_solo_render,44.812,,1.95,0.0298,0.8335,6.1,1.5,solo,,,,8,2,0,1,1,1,1,14.4,S,,3.4,2026-09-11T22:19:41,180.0,1
tless3,19,0,tless,3,obj_03,9,45,5,,proxy,itodd/obj_000027,0,fp_solo_render,128.812,,8.22,0.1258,0.3189,17.8,1.5,solo,,,,40,12,0,1,1,1,1,14.3,S,,1.3,2026-09-11T22:19:45,180.0,1
tless3,19,0,tless,3,obj_03,12,34,2,,gt,gt,0,fp_solo_render,34.062,,5.0,0.0766,0.4877,16.0,1.5,solo,,,,8,2,0,2,0,0,0,0.0,"F,F",grasp_failed,3.4,2026-09-11T22:19:50,216.0,1
tless3,19,0,tless,3,obj_03,12,34,2,,proxy,itodd/obj_000027,0,fp_solo_render,129.75,,11.84,0.1812,0.1749,24.6,1.5,solo,,,,40,10,0,1,1,1,1,7.9,S,,1.3,2026-09-11T22:19:53,216.0,1
tless3,19,0,tless,3,obj_03,20,21,12,,gt,gt,0,fp_solo_render,39.125,,3.77,0.0578,0.5809,12.7,1.5,solo,,,,8,1,0,1,1,1,1,14.6,S,,3.4,2026-09-11T22:19:58,252.0,1
tless3,19,0,tless,3,obj_03,20,21,12,,proxy,itodd/obj_000027,0,fp_solo_render,129.781,,10.0,0.153,0.2118,20.0,1.5,solo,,,,40,10,0,1,1,1,1,5.3,S,,1.3,2026-09-11T22:20:01,252.0,1
tless3,19,0,tless,3,obj_03,7,54,1,,gt,gt,0,fp_solo_render,43.906,,6.18,0.0946,0.4352,19.0,1.5,solo,,,,8,1,0,1,1,1,1,14.8,S,,3.3,2026-09-11T22:20:06,288.0,1
tless3,19,0,tless,3,obj_03,7,54,1,,proxy,itodd/obj_000027,0,fp_solo_render,130.75,,12.48,0.191,0.1714,27.3,1.5,solo,,,,40,15,0,2,1,0,1,13.1,"F,S",,1.3,2026-09-11T22:20:09,288.0,1
tless3,19,0,tless,3,obj_03,9,70,5,,gt,gt,0,fp_solo_render,35.688,,4.04,0.0617,0.5517,13.6,1.5,solo,,,,8,1,0,1,1,1,1,14.7,S,,3.4,2026-09-11T22:20:14,324.0,1
tless3,19,0,tless,3,obj_03,9,70,5,,proxy,itodd/obj_000027,0,fp_solo_render,129.938,,8.67,0.1326,0.2974,22.5,1.5,solo,,,,40,15,0,1,1,1,1,6.5,S,,1.2,2026-09-11T22:20:17,324.0,1
tless4,20,0,tless,4,obj_04,5,43,1,,gt,gt,0,fp_solo_render,56.344,,3.01,0.0372,0.6637,6.0,1.7,solo,,,,40,19,0,1,1,1,1,14.5,S,,1.5,2026-09-11T22:20:22,0.0,1
tless4,20,0,tless,4,obj_04,5,43,1,,proxy,itodd/obj_000026,0,fp_solo_render,141.906,,4.98,0.0617,0.5152,6.2,1.7,solo,,,,18,2,2,0,0,0,0,0.0,"B,B",all_blocked,1.2,2026-09-11T22:20:23,0.0,1
tless4,20,0,tless,4,obj_04,9,21,10,,gt,gt,0,fp_solo_render,78.531,,5.97,0.074,0.3501,11.8,1.7,solo,,,,40,6,0,1,1,1,1,14.7,S,,1.5,2026-09-11T22:20:27,36.0,1
tless4,20,0,tless,4,obj_04,9,21,10,,proxy,itodd/obj_000026,0,fp_solo_render,144.844,,7.57,0.0938,0.356,15.1,1.7,solo,,,,18,0,0,0,0,0,0,0.0,,unreachable,1.1,2026-09-11T22:20:28,36.0,1
tless4,20,0,tless,4,obj_04,17,10,4,,gt,gt,0,fp_solo_render,59.031,,7.12,0.0882,0.2693,14.6,1.7,solo,,,,40,10,0,1,1,1,1,14.5,S,,1.5,2026-09-11T22:20:31,72.0,1
tless4,20,0,tless,4,obj_04,17,10,4,,proxy,itodd/obj_000026,0,fp_solo_render,143.312,,7.53,0.0933,0.3075,15.3,1.7,solo,,,,18,0,0,0,0,0,0,0.0,,unreachable,1.1,2026-09-11T22:20:33,72.0,1
tless4,20,0,tless,4,obj_04,18,130,3,,gt,gt,0,fp_solo_render,54.562,,2.89,0.0357,0.7177,5.7,1.7,solo,,,,40,16,0,1,1,1,1,13.7,S,,1.5,2026-09-11T22:20:36,108.0,1
tless4,20,0,tless,4,obj_04,18,130,3,,proxy,itodd/obj_000026,0,fp_solo_render,141.594,,8.49,0.1051,0.333,20.3,1.7,solo,,,,18,1,0,1,1,1,1,14.3,S,,1.2,2026-09-11T22:20:38,108.0,1
tless4,20,0,tless,4,obj_04,20,3,15,,gt,gt,0,fp_solo_render,52.469,,7.16,0.0887,0.2852,14.4,1.7,solo,,,,40,13,0,1,1,1,1,14.7,S,,1.5,2026-09-11T22:20:41,144.0,1
tless4,20,0,tless,4,obj_04,20,3,15,,proxy,itodd/obj_000026,0,fp_solo_render,143.031,,7.69,0.0952,0.3533,15.5,1.7,solo,,,,18,3,1,2,0,0,0,0.0,"F,F,B",grasp_failed,1.3,2026-09-11T22:20:42,144.0,1
tless4,20,0,tless,4,obj_04,5,86,1,,gt,gt,0,fp_solo_render,59.875,,6.17,0.0764,0.3376,12.3,1.7,solo,,,,40,12,0,1,1,1,1,14.4,S,,1.5,2026-09-11T22:20:46,180.0,1
tless4,20,0,tless,4,obj_04,5,86,1,,proxy,itodd/obj_000026,0,fp_solo_render,140.625,,7.0,0.0867,0.3955,13.6,1.7,solo,,,,18,0,0,0,0,0,0,0.0,,unreachable,1.1,2026-09-11T22:20:47,180.0,1
tless4,20,0,tless,4,obj_04,9,64,10,,gt,gt,0,fp_solo_render,69.906,,6.39,0.0791,0.3378,12.7,1.7,solo,,,,40,15,0,1,1,1,1,14.5,S,,1.5,2026-09-11T22:20:50,216.0,1
tless4,20,0,tless,4,obj_04,9,64,10,,proxy,itodd/obj_000026,0,fp_solo_render,141.938,,7.26,0.0899,0.3272,16.3,1.7,solo,,,,18,2,0,1,1,1,1,14.7,S,,1.2,2026-09-11T22:20:52,216.0,1
tless4,20,0,tless,4,obj_04,17,14,4,,gt,gt,0,fp_solo_render,50.844,,7.34,0.091,0.3052,14.7,1.7,solo,,,,40,20,0,1,1,1,1,14.9,S,,1.6,2026-09-11T22:20:55,252.0,1
tless4,20,0,tless,4,obj_04,17,14,4,,proxy,itodd/obj_000026,0,fp_solo_render,144.562,,12.52,0.1551,0.2135,29.0,1.7,solo,,,,18,0,0,0,0,0,0,0.0,,unreachable,1.1,2026-09-11T22:20:57,252.0,1
tless4,20,0,tless,4,obj_04,18,357,3,,gt,gt,0,fp_solo_render,58.75,,11.9,0.1474,0.1718,26.0,1.7,solo,,,,40,15,0,1,1,1,1,14.7,S,,1.6,2026-09-11T22:21:00,288.0,1
tless4,20,0,tless,4,obj_04,18,357,3,,proxy,itodd/obj_000026,0,fp_solo_render,139.438,,10.76,0.1333,0.2573,25.5,1.7,solo,,,,18,0,0,0,0,0,0,0.0,,unreachable,1.1,2026-09-11T22:21:02,288.0,1
tless4,20,0,tless,4,obj_04,20,28,15,,gt,gt,0,fp_solo_render,53.094,,5.27,0.0653,0.4078,10.6,1.7,solo,,,,40,18,0,1,1,1,1,14.2,S,,1.5,2026-09-11T22:21:05,324.0,1
tless4,20,0,tless,4,obj_04,20,28,15,,proxy,itodd/obj_000026,0,fp_solo_render,146.0,,6.68,0.0827,0.3889,13.0,1.7,solo,,,,18,1,1,0,0,0,0,0.0,B,all_blocked,1.1,2026-09-11T22:21:06,324.0,1
tless5,21,0,tless,5,obj_05,2,24,0,,gt,gt,0,fp_solo_render,10.125,,4.62,0.0426,0.6183,11.7,1.5,solo,,,,40,2,0,2,1,0,1,14.8,"F,S",,3.6,2026-09-11T22:21:10,0.0,1
tless5,21,0,tless,5,obj_05,2,24,0,,proxy,itodd/obj_000013,0,fp_solo_render,140.344,,18.06,0.1662,0.2653,30.3,1.5,solo,,,,40,9,0,5,0,0,0,0.0,"F,F,F,F,F",grasp_failed,1.9,2026-09-11T22:21:13,0.0,1
tless5,21,0,tless,5,obj_05,3,24,0,,gt,gt,0,fp_solo_render,2.688,,3.52,0.0324,0.7691,9.4,1.5,solo,,,,40,3,0,2,1,0,1,14.8,"F,S",,3.6,2026-09-11T22:21:17,36.0,1
tless5,21,0,tless,5,obj_05,3,24,0,,proxy,itodd/obj_000013,0,fp_solo_render,141.312,,9.87,0.0908,0.4102,15.0,1.5,solo,,,,40,12,0,5,0,0,0,0.0,"F,F,F,F,F",grasp_failed,1.9,2026-09-11T22:21:20,36.0,1
tless5,21,0,tless,5,obj_05,4,0,0,,gt,gt,0,fp_solo_render,32.812,,4.75,0.0437,0.6884,12.0,1.5,solo,,,,40,5,0,2,1,0,1,14.7,"F,S",,3.5,2026-09-11T22:21:23,72.0,1
tless5,21,0,tless,5,obj_05,4,0,0,,proxy,itodd/obj_000013,0,fp_solo_render,142.688,,10.72,0.0986,0.3818,19.8,1.5,solo,,,,40,22,0,5,0,0,0,0.0,"F,F,F,F,F",grasp_failed,1.9,2026-09-11T22:21:27,72.0,1
tless5,21,0,tless,5,obj_05,11,23,0,,gt,gt,0,fp_solo_render,24.938,,6.0,0.0552,0.5522,16.7,1.5,solo,,,,40,3,0,2,1,0,1,15.0,"F,S",,3.5,2026-09-11T22:21:30,108.0,1
tless5,21,0,tless,5,obj_05,11,23,0,,proxy,itodd/obj_000013,0,fp_solo_render,139.625,,10.75,0.0989,0.3845,21.4,1.5,solo,,,,40,15,0,5,0,0,0,0.0,"F,F,F,F,F",grasp_failed,1.8,2026-09-11T22:21:34,108.0,1
tless5,21,0,tless,5,obj_05,2,55,0,,gt,gt,0,fp_solo_render,10.438,,3.97,0.0365,0.7424,9.5,1.5,solo,,,,40,3,0,2,1,0,1,14.7,"F,S",,3.4,2026-09-11T22:21:37,144.0,1
tless5,21,0,tless,5,obj_05,2,55,0,,proxy,itodd/obj_000013,0,fp_solo_render,140.812,,10.05,0.0925,0.4487,15.1,1.5,solo,,,,40,12,0,5,0,0,0,0.0,"F,F,F,F,F",grasp_failed,1.8,2026-09-11T22:21:40,144.0,1
tless5,21,0,tless,5,obj_05,3,55,0,,gt,gt,0,fp_solo_render,-1.0,,3.73,0.0343,0.7806,8.6,1.5,solo,,,,40,3,0,2,1,0,1,14.7,"F,S",,3.4,2026-09-11T22:21:44,180.0,1
tless5,21,0,tless,5,obj_05,3,55,0,,proxy,itodd/obj_000013,0,fp_solo_render,139.75,,9.67,0.089,0.454,15.8,1.5,solo,,,,40,10,0,5,0,0,0,0.0,"F,F,F,F,F",grasp_failed,1.8,2026-09-11T22:21:47,180.0,1
tless5,21,0,tless,5,obj_05,4,10,0,,gt,gt,0,fp_solo_render,10.312,,5.11,0.047,0.5914,13.3,1.5,solo,,,,40,0,0,0,0,0,0,0.0,,unreachable,3.2,2026-09-11T22:21:50,216.0,1
tless5,21,0,tless,5,obj_05,4,10,0,,proxy,itodd/obj_000013,0,fp_solo_render,139.75,,10.47,0.0963,0.458,20.4,1.5,solo,,,,40,13,0,5,0,0,0,0.0,"F,F,F,F,F",grasp_failed,1.8,2026-09-11T22:21:53,216.0,1
tless5,21,0,tless,5,obj_05,11,32,0,,gt,gt,0,fp_solo_render,19.062,,5.91,0.0544,0.55,15.4,1.5,solo,,,,40,6,0,2,1,0,1,14.9,"F,S",,3.4,2026-09-11T22:21:56,252.0,1
tless5,21,0,tless,5,obj_05,11,32,0,,proxy,itodd/obj_000013,0,fp_solo_render,138.156,,23.72,0.2183,0.09,41.5,1.5,solo,,,,40,2,0,1,1,1,1,10.2,S,,1.7,2026-09-11T22:22:00,252.0,1
tless5,21,0,tless,5,obj_05,2,65,0,,gt,gt,0,fp_solo_render,4.438,,4.67,0.0429,0.6883,12.8,1.5,solo,,,,40,3,0,2,1,0,1,14.8,"F,S",,3.5,2026-09-11T22:22:03,288.0,1
tless5,21,0,tless,5,obj_05,2,65,0,,proxy,itodd/obj_000013,0,fp_solo_render,142.75,,9.8,0.0902,0.4371,17.5,1.5,solo,,,,40,23,1,5,0,0,0,0.0,"F,F,F,F,B,F",grasp_failed,1.9,2026-09-11T22:22:06,288.0,1
tless5,21,0,tless,5,obj_05,3,459,0,,gt,gt,0,fp_solo_render,57.281,,15.69,0.1443,0.2859,37.2,1.5,solo,,,,40,12,0,4,1,0,1,15.0,"F,F,F,S",,3.7,2026-09-11T22:22:09,324.0,1
tless5,21,0,tless,5,obj_05,3,459,0,,proxy,itodd/obj_000013,0,fp_solo_render,130.234,,15.66,0.144,0.2606,33.7,1.5,solo,,,,40,23,0,5,0,0,0,0.0,"F,F,F,F,F",grasp_failed,1.9,2026-09-11T22:22:13,324.0,1
tless6,22,0,tless,6,obj_06,2,338,1,,gt,gt,0,fp_solo_render,29.062,,9.53,0.088,0.4019,25.7,1.0,solo,,,,40,10,0,5,0,0,0,0.0,"F,F,F,F,F",grasp_failed,23.7,2026-09-11T22:22:16,0.0,1
tless6,22,0,tless,6,obj_06,2,338,1,,proxy,itodd/obj_000018,0,fp_solo_render,126.328,,10.34,0.0955,0.3676,25.4,1.0,solo,,,,14,0,0,0,0,0,0,0.0,,unreachable,1.0,2026-09-11T22:22:40,0.0,1
tless6,22,0,tless,6,obj_06,6,2,0,,gt,gt,0,fp_solo_render,0.812,,4.65,0.0429,0.7109,13.6,1.0,solo,,,,40,4,0,3,1,0,1,14.8,"F,F,S",,2.3,2026-09-11T22:22:45,36.0,1
tless6,22,0,tless,6,obj_06,6,2,0,,proxy,itodd/obj_000018,0,fp_solo_render,101.29,,5.69,0.0525,0.6111,14.0,1.0,solo,,,,14,3,0,1,1,1,1,14.8,S,,1.2,2026-09-11T22:22:47,36.0,1
tless6,22,0,tless,6,obj_06,2,416,1,,gt,gt,0,fp_solo_render,39.812,,11.47,0.106,0.3689,29.9,1.0,solo,,,,40,10,0,5,0,0,0,0.0,"F,F,F,F,F",grasp_failed,2.7,2026-09-11T22:22:51,72.0,1
tless6,22,0,tless,6,obj_06,2,416,1,,proxy,itodd/obj_000018,0,fp_solo_render,114.531,,12.45,0.115,0.3027,30.1,1.0,solo,,,,14,0,0,0,0,0,0,0.0,,unreachable,1.0,2026-09-11T22:22:54,72.0,1
tless6,22,0,tless,6,obj_06,6,23,0,,gt,gt,0,fp_solo_render,28.562,,4.11,0.038,0.719,11.9,1.0,solo,,,,40,1,0,1,0,0,0,0.0,F,grasp_failed,2.1,2026-09-11T22:22:58,108.0,1
tless6,22,0,tless,6,obj_06,6,23,0,,proxy,itodd/obj_000018,0,fp_solo_render,109.578,,5.34,0.0493,0.6418,12.4,1.0,solo,,,,14,1,0,1,0,0,0,0.0,F,grasp_failed,1.4,2026-09-11T22:23:01,108.0,1
tless6,22,0,tless,6,obj_06,2,434,1,,gt,gt,0,fp_solo_render,28.625,,16.94,0.1564,0.3064,39.2,1.0,solo,,,,40,10,0,5,0,0,0,0.0,"F,F,F,F,F",grasp_failed,2.4,2026-09-11T22:23:05,144.0,1
tless6,22,0,tless,6,obj_06,2,434,1,,proxy,itodd/obj_000018,0,fp_solo_render,119.625,,27.21,0.2513,0.1345,53.8,1.0,solo,,,,14,2,1,1,0,0,0,0.0,"F,B",grasp_failed,1.3,2026-09-11T22:23:08,144.0,1
tless6,22,0,tless,6,obj_06,6,39,0,,gt,gt,0,fp_solo_render,24.875,,3.11,0.0287,0.919,7.3,1.0,solo,,,,40,6,0,3,1,0,1,14.9,"F,F,S",,2.3,2026-09-11T22:23:12,180.0,1
tless6,22,0,tless,6,obj_06,6,39,0,,proxy,itodd/obj_000018,0,fp_solo_render,104.137,,4.53,0.0418,0.7403,7.9,1.0,solo,,,,14,4,0,1,1,1,1,14.9,S,,1.2,2026-09-11T22:23:15,180.0,1
tless6,22,0,tless,6,obj_06,2,470,1,,gt,gt,0,fp_solo_render,49.0,,15.84,0.1463,0.3368,37.6,1.0,solo,,,,40,6,0,5,0,0,0,0.0,"F,F,F,F,F",grasp_failed,2.6,2026-09-11T22:23:19,216.0,1
tless6,22,0,tless,6,obj_06,2,470,1,,proxy,itodd/obj_000018,0,fp_solo_render,118.703,,16.77,0.1549,0.2666,37.5,1.0,solo,,,,14,1,1,0,0,0,0,0.0,B,all_blocked,1.2,2026-09-11T22:23:22,216.0,1
tless6,22,0,tless,6,obj_06,6,58,0,,gt,gt,0,fp_solo_render,17.938,,3.25,0.03,0.8454,9.4,1.0,solo,,,,40,6,0,3,1,0,1,14.9,"F,F,S",,2.3,2026-09-11T22:23:26,252.0,1
tless6,22,0,tless,6,obj_06,6,58,0,,proxy,itodd/obj_000018,0,fp_solo_render,102.592,,4.93,0.0455,0.6917,10.6,1.0,solo,,,,14,8,0,1,1,1,1,14.9,S,,1.2,2026-09-11T22:23:28,252.0,1
tless6,22,0,tless,6,obj_06,2,478,1,,gt,gt,0,fp_solo_render,33.5,,14.65,0.1353,0.3563,35.2,1.0,solo,,,,40,12,0,5,0,0,0,0.0,"F,F,F,F,F",grasp_failed,2.5,2026-09-11T22:23:33,288.0,1
tless6,22,0,tless,6,obj_06,2,478,1,,proxy,itodd/obj_000018,0,fp_solo_render,123.953,,11.84,0.1093,0.3719,31.1,1.0,solo,,,,14,7,0,5,0,0,0,0.0,"F,F,F,F,F",grasp_failed,1.5,2026-09-11T22:23:35,288.0,1
tless6,22,0,tless,6,obj_06,6,87,0,,gt,gt,0,fp_solo_render,3.875,,3.78,0.0349,0.7799,13.0,1.0,solo,,,,40,9,0,5,1,0,1,14.8,"F,F,F,F,S",,2.5,2026-09-11T22:23:40,324.0,1
tless6,22,0,tless,6,obj_06,6,87,0,,proxy,itodd/obj_000018,0,fp_solo_render,103.295,,4.66,0.043,0.6947,12.0,1.0,solo,,,,14,0,0,0,0,0,0,0.0,,unreachable,1.0,2026-09-11T22:23:43,324.0,1
tless7,23,0,tless,7,obj_07,2,24,2,,gt,gt,0,fp_solo_render,20.062,,4.35,0.0244,0.923,11.7,1.7,solo,,,,40,13,0,1,1,1,1,14.8,S,,3.5,2026-09-11T22:23:47,0.0,1
tless7,23,0,tless,7,obj_07,2,24,2,,proxy,itodd/obj_000018,0,fp_solo_render,104.137,,13.21,0.074,0.4409,32.4,1.7,solo,,,,14,5,0,1,1,1,1,14.7,S,,1.2,2026-09-11T22:23:51,0.0,1
tless7,23,0,tless,7,obj_07,6,2,1,,gt,gt,0,fp_solo_render,3.562,,4.9,0.0274,0.894,13.4,1.7,solo,,,,40,20,0,2,1,0,1,14.9,"F,S",,3.4,2026-09-11T22:23:55,36.0,1
tless7,23,0,tless,7,obj_07,6,2,1,,proxy,itodd/obj_000018,0,fp_solo_render,117.172,,14.0,0.0784,0.3645,33.5,1.7,solo,,,,14,8,0,1,1,1,1,8.5,S,,1.1,2026-09-11T22:23:59,36.0,1
tless7,23,0,tless,7,obj_07,12,2,4,,gt,gt,0,fp_solo_render,18.812,,7.74,0.0434,0.6793,23.5,1.7,solo,,,,40,19,0,1,1,1,1,5.9,S,,3.4,2026-09-11T22:24:03,72.0,1
tless7,23,0,tless,7,obj_07,12,2,4,,proxy,itodd/obj_000018,0,fp_solo_render,123.391,,15.15,0.0848,0.416,23.9,1.7,solo,,,,14,8,0,5,0,0,0,0.0,"F,F,F,F,F",grasp_failed,1.3,2026-09-11T22:24:06,72.0,1
tless7,23,0,tless,7,obj_07,17,332,5,,gt,gt,0,fp_solo_render,47.719,,8.01,0.0448,0.6668,28.6,1.7,solo,,,,40,13,0,1,1,1,1,14.9,S,,3.5,2026-09-11T22:24:11,108.0,1
tless7,23,0,tless,7,obj_07,17,332,5,,proxy,itodd/obj_000018,0,fp_solo_render,130.875,,11.06,0.0619,0.5701,28.6,1.7,solo,,,,14,3,0,2,1,0,1,6.6,"F,S",,1.3,2026-09-11T22:24:14,108.0,1
tless7,23,0,tless,7,obj_07,18,399,5,,gt,gt,0,fp_solo_render,39.656,,10.16,0.0569,0.6017,33.2,1.7,solo,,,,40,22,0,1,1,1,1,14.9,S,,3.4,2026-09-11T22:24:19,144.0,1
tless7,23,0,tless,7,obj_07,18,399,5,,proxy,itodd/obj_000018,0,fp_solo_render,110.617,,20.32,0.1138,0.3429,54.9,1.7,solo,,,,14,2,0,2,0,0,0,0.0,"F,F",grasp_failed,1.1,2026-09-11T22:24:22,144.0,1
tless7,23,0,tless,7,obj_07,2,142,2,,gt,gt,0,fp_solo_render,19.0,,3.54,0.0198,0.9733,8.9,1.7,solo,,,,40,7,1,1,1,1,1,14.7,"B,S",,3.4,2026-09-11T22:24:27,180.0,1
tless7,23,0,tless,7,obj_07,2,142,2,,proxy,itodd/obj_000018,0,fp_solo_render,131.922,,11.08,0.0621,0.4579,18.4,1.7,solo,,,,14,9,0,1,1,1,1,8.5,S,,1.1,2026-09-11T22:24:30,180.0,1
tless7,23,0,tless,7,obj_07,6,32,1,,gt,gt,0,fp_solo_render,25.0,,3.64,0.0204,1.0,8.2,1.7,solo,,,,40,15,0,2,1,0,1,14.9,"F,S",,3.4,2026-09-11T22:24:35,216.0,1
tless7,23,0,tless,7,obj_07,6,32,1,,proxy,itodd/obj_000018,0,fp_solo_render,126.922,,12.2,0.0683,0.4218,28.4,1.7,solo,,,,14,1,0,1,1,1,1,14.8,S,,1.1,2026-09-11T22:24:38,216.0,1
tless7,23,0,tless,7,obj_07,12,7,4,,gt,gt,0,fp_solo_render,13.5,,7.69,0.0431,0.6901,23.7,1.7,solo,,,,40,9,0,3,1,0,1,14.8,"F,F,S",,3.6,2026-09-11T22:24:42,252.0,1
tless7,23,0,tless,7,obj_07,12,7,4,,proxy,itodd/obj_000018,0,fp_solo_render,122.234,,19.65,0.11,0.2936,48.2,1.7,solo,,,,14,8,0,5,0,0,0,0.0,"F,F,F,F,F",grasp_failed,1.3,2026-09-11T22:24:46,252.0,1
tless7,23,0,tless,7,obj_07,17,360,5,,gt,gt,0,fp_solo_render,40.312,,8.99,0.0503,0.6464,30.0,1.7,solo,,,,40,17,0,1,1,1,1,15.0,S,,3.4,2026-09-11T22:24:51,288.0,1
tless7,23,0,tless,7,obj_07,17,360,5,,proxy,itodd/obj_000018,0,fp_solo_render,130.078,,23.95,0.1341,0.2513,55.1,1.7,solo,,,,14,6,2,4,0,0,0,0.0,"F,B,F,F,B,F",grasp_failed,1.5,2026-09-11T22:24:54,288.0,1
tless7,23,0,tless,7,obj_07,18,473,5,,gt,gt,0,fp_solo_render,43.75,,11.62,0.0651,0.5684,38.5,1.7,solo,,,,40,14,0,4,1,0,1,14.6,"F,F,F,S",,3.5,2026-09-11T22:24:59,324.0,1
tless7,23,0,tless,7,obj_07,18,473,5,,proxy,itodd/obj_000018,0,fp_solo_render,135.156,,31.56,0.1767,0.1503,61.2,1.7,solo,,,,14,2,0,2,0,0,0,0.0,"F,F",grasp_failed,1.1,2026-09-11T22:25:02,324.0,1
tless8,24,0,tless,8,obj_08,3,5,1,,gt,gt,0,fp_solo_render,33.312,,4.26,0.0196,0.98,12.5,2.0,solo,,,,40,7,0,1,1,1,1,6.3,S,,26.1,2026-09-11T22:25:07,0.0,1
tless8,24,0,tless,8,obj_08,3,5,1,,proxy,itodd/obj_000018,0,fp_solo_render,126.812,,18.76,0.0864,0.4891,49.7,2.0,solo,,,,14,1,0,1,1,1,1,14.7,S,,1.3,2026-09-11T22:25:33,0.0,1
tless8,24,0,tless,8,obj_08,4,0,1,,gt,gt,0,fp_solo_render,6.625,,5.03,0.0232,0.919,12.5,2.0,solo,,,,40,15,0,1,1,1,1,14.7,S,,3.7,2026-09-11T22:25:37,36.0,1
tless8,24,0,tless,8,obj_08,4,0,1,,proxy,itodd/obj_000018,0,fp_solo_render,119.438,,17.91,0.0825,0.3756,34.3,2.0,solo,,,,14,0,0,0,0,0,0,0.0,,unreachable,1.0,2026-09-11T22:25:41,36.0,1
tless8,24,0,tless,8,obj_08,11,12,1,,gt,gt,0,fp_solo_render,21.188,,6.21,0.0286,0.854,20.1,2.0,solo,,,,40,12,0,1,1,1,1,12.0,S,,3.6,2026-09-11T22:25:44,72.0,1
tless8,24,0,tless,8,obj_08,11,12,1,,proxy,itodd/obj_000018,0,fp_solo_render,123.719,,21.55,0.0992,0.304,44.6,2.0,solo,,,,14,0,0,0,0,0,0,0.0,,unreachable,1.0,2026-09-11T22:25:48,72.0,1
tless8,24,0,tless,8,obj_08,3,24,1,,gt,gt,0,fp_solo_render,44.281,,4.08,0.0188,1.0,8.8,2.0,solo,,,,40,8,0,1,1,1,1,14.5,S,,3.4,2026-09-11T22:25:52,108.0,1
tless8,24,0,tless,8,obj_08,3,24,1,,proxy,itodd/obj_000018,0,fp_solo_render,125.312,,20.74,0.0955,0.4437,57.1,2.0,solo,,,,14,6,0,3,1,0,1,15.0,"F,F,S",,1.5,2026-09-11T22:25:55,108.0,1
tless8,24,0,tless,8,obj_08,4,104,1,,gt,gt,0,fp_solo_render,32.375,,4.66,0.0214,0.9917,11.0,2.0,solo,,,,40,9,0,2,1,0,1,14.2,"F,S",,3.5,2026-09-11T22:25:59,144.0,1
tless8,24,0,tless,8,obj_08,4,104,1,,proxy,itodd/obj_000018,0,fp_solo_render,128.25,,15.51,0.0714,0.4558,30.0,2.0,solo,,,,14,0,0,0,0,0,0,0.0,,unreachable,1.0,2026-09-11T22:26:03,144.0,1
tless8,24,0,tless,8,obj_08,11,23,1,,gt,gt,0,fp_solo_render,24.75,,5.98,0.0276,0.798,16.3,2.0,solo,,,,40,13,0,1,1,1,1,6.4,S,,3.5,2026-09-11T22:26:07,180.0,1
tless8,24,0,tless,8,obj_08,11,23,1,,proxy,itodd/obj_000018,0,fp_solo_render,131.078,,24.15,0.1112,0.2641,56.9,2.0,solo,,,,14,10,0,1,1,1,1,13.6,S,,1.3,2026-09-11T22:26:10,180.0,1
tless8,24,0,tless,8,obj_08,3,46,1,,gt,gt,0,fp_solo_render,34.0,,2.98,0.0137,1.0,5.6,2.0,solo,,,,40,13,0,1,1,1,1,14.9,S,,3.5,2026-09-11T22:26:14,216.0,1
tless8,24,0,tless,8,obj_08,3,46,1,,proxy,itodd/obj_000018,0,fp_solo_render,129.75,,15.68,0.0722,0.4892,33.5,2.0,solo,,,,14,4,0,1,1,1,1,15.1,S,,1.2,2026-09-11T22:26:18,216.0,1
tless8,24,0,tless,8,obj_08,4,152,1,,gt,gt,0,fp_solo_render,21.875,,4.23,0.0195,0.964,14.0,2.0,solo,,,,40,9,0,1,1,1,1,9.5,S,,3.5,2026-09-11T22:26:22,252.0,1
tless8,24,0,tless,8,obj_08,4,152,1,,proxy,itodd/obj_000018,0,fp_solo_render,125.953,,14.84,0.0683,0.4749,26.4,2.0,solo,,,,14,3,0,1,1,1,1,14.8,S,,1.3,2026-09-11T22:26:26,252.0,1
tless8,24,0,tless,8,obj_08,11,44,1,,gt,gt,0,fp_solo_render,21.812,,5.86,0.027,0.8455,15.9,2.0,solo,,,,40,15,0,1,1,1,1,6.9,S,,3.5,2026-09-11T22:26:30,288.0,1
tless8,24,0,tless,8,obj_08,11,44,1,,proxy,itodd/obj_000018,0,fp_solo_render,124.359,,21.22,0.0977,0.2876,48.7,2.0,solo,,,,14,10,0,1,1,1,1,10.8,S,,1.2,2026-09-11T22:26:33,288.0,1
tless8,24,0,tless,8,obj_08,3,79,1,,gt,gt,0,fp_solo_render,33.812,,3.88,0.0179,0.998,10.8,2.0,solo,,,,40,12,0,1,1,1,1,14.7,S,,3.5,2026-09-11T22:26:37,324.0,1
tless8,24,0,tless,8,obj_08,3,79,1,,proxy,itodd/obj_000018,0,fp_solo_render,124.875,,14.56,0.0671,0.4995,27.3,2.0,solo,,,,14,2,0,1,1,1,1,14.9,S,,1.2,2026-09-11T22:26:40,324.0,1
tless9,25,0,tless,9,obj_09,5,7,2,,gt,gt,0,fp_solo_render,19.5,,3.59,0.0248,0.8819,13.1,1.7,solo,,,,40,8,0,2,1,0,1,8.6,"F,S",,3.5,2026-09-11T22:26:44,0.0,1
tless9,25,0,tless,9,obj_09,5,7,2,,proxy,itodd/obj_000018,0,fp_solo_render,126.531,,9.17,0.0634,0.5812,29.5,1.7,solo,,,,14,3,0,1,1,1,1,5.1,S,,1.2,2026-09-11T22:26:48,0.0,1
tless9,25,0,tless,9,obj_09,11,216,2,,gt,gt,0,fp_solo_render,11.938,,3.91,0.027,0.8988,11.9,1.7,solo,,,,40,16,0,5,1,0,1,6.4,"F,F,F,F,S",,3.7,2026-09-11T22:26:52,36.0,1
tless9,25,0,tless,9,obj_09,11,216,2,,proxy,itodd/obj_000018,0,fp_solo_render,130.75,,5.62,0.0389,0.6892,11.2,1.7,solo,,,,14,8,0,1,1,1,1,14.1,S,,1.2,2026-09-11T22:26:55,36.0,1
tless9,25,0,tless,9,obj_09,12,100,5,,gt,gt,0,fp_solo_render,34.75,,2.97,0.0205,0.9114,10.5,1.7,solo,,,,40,9,0,1,1,1,1,14.5,S,,3.5,2026-09-11T22:26:59,72.0,1
tless9,25,0,tless,9,obj_09,12,100,5,,proxy,itodd/obj_000018,0,fp_solo_render,120.312,,8.69,0.0601,0.6027,28.2,1.7,solo,,,,14,5,0,1,1,1,1,14.9,S,,1.2,2026-09-11T22:27:03,72.0,1
tless9,25,0,tless,9,obj_09,17,168,6,,gt,gt,0,fp_solo_render,14.25,,5.79,0.0401,0.6626,16.9,1.7,solo,,,,40,16,0,4,1,0,1,14.1,"F,F,F,S",,3.7,2026-09-11T22:27:07,108.0,1
tless9,25,0,tless,9,obj_09,17,168,6,,proxy,itodd/obj_000018,0,fp_solo_render,122.547,,7.56,0.0523,0.5835,14.0,1.7,solo,,,,14,6,0,1,1,1,1,15.0,S,,1.3,2026-09-11T22:27:10,108.0,1
tless9,25,0,tless,9,obj_09,18,206,6,,gt,gt,0,fp_solo_render,-3.875,,3.34,0.0231,0.9231,10.6,1.7,solo,,,,40,7,0,1,1,1,1,14.7,S,,3.4,2026-09-11T22:27:15,144.0,1
tless9,25,0,tless,9,obj_09,18,206,6,,proxy,itodd/obj_000018,0,fp_solo_render,130.391,,6.43,0.0445,0.6552,13.5,1.7,solo,,,,14,0,0,0,0,0,0,0.0,,unreachable,1.0,2026-09-11T22:27:18,144.0,1
tless9,25,0,tless,9,obj_09,5,31,2,,gt,gt,0,fp_solo_render,11.562,,3.43,0.0238,0.9707,7.9,1.7,solo,,,,40,19,0,2,1,0,1,14.4,"F,S",,3.4,2026-09-11T22:27:22,180.0,1
tless9,25,0,tless,9,obj_09,5,31,2,,proxy,itodd/obj_000018,0,fp_solo_render,128.797,,6.72,0.0465,0.6651,15.6,1.7,solo,,,,14,9,0,1,1,1,1,13.9,S,,1.2,2026-09-11T22:27:25,180.0,1
tless9,25,0,tless,9,obj_09,11,226,2,,gt,gt,0,fp_solo_render,10.625,,5.19,0.0359,0.7329,15.0,1.7,solo,,,,40,6,0,5,0,0,0,0.0,"F,F,F,F,F",grasp_failed,3.7,2026-09-11T22:27:29,216.0,1
tless9,25,0,tless,9,obj_09,11,226,2,,proxy,itodd/obj_000018,0,fp_solo_render,132.594,,8.3,0.0574,0.5196,22.5,1.7,solo,,,,14,4,0,3,1,0,1,14.4,"F,F,S",,1.4,2026-09-11T22:27:33,216.0,1
tless9,25,0,tless,9,obj_09,12,171,5,,gt,gt,0,fp_solo_render,31.875,,4.11,0.0284,0.8885,11.4,1.7,solo,,,,40,9,0,5,0,0,0,0.0,"F,F,F,F,F",grasp_failed,3.6,2026-09-11T22:27:37,252.0,1
tless9,25,0,tless,9,obj_09,12,171,5,,proxy,itodd/obj_000018,0,fp_solo_render,137.781,,21.48,0.1486,0.3572,48.4,1.7,solo,,,,14,9,0,1,1,1,1,8.8,S,,1.4,2026-09-11T22:27:40,252.0,1
tless9,25,0,tless,9,obj_09,17,189,6,,gt,gt,0,fp_solo_render,32.125,,4.79,0.0332,0.746,15.5,1.7,solo,,,,40,6,4,2,0,0,0,0.0,"F,B,B,F,B,B",grasp_failed,3.8,2026-09-11T22:27:45,288.0,1
tless9,25,0,tless,9,obj_09,17,189,6,,proxy,itodd/obj_000018,0,fp_solo_render,135.812,,14.74,0.102,0.4392,29.7,1.7,solo,,,,14,1,0,1,0,0,0,0.0,F,grasp_failed,1.1,2026-09-11T22:27:48,288.0,1
tless9,25,0,tless,9,obj_09,18,324,6,,gt,gt,0,fp_solo_render,27.562,,8.63,0.0597,0.5531,29.6,1.7,solo,,,,40,10,0,5,0,0,0,0.0,"F,F,F,F,F",grasp_failed,3.6,2026-09-11T22:27:52,324.0,1
tless9,25,0,tless,9,obj_09,18,324,6,,proxy,itodd/obj_000018,0,fp_solo_render,130.172,,12.57,0.087,0.3992,31.4,1.7,solo,,,,14,8,1,5,0,0,0,0.0,"F,F,F,F,B,F",grasp_failed,1.6,2026-09-11T22:27:56,324.0,1
tless10,26,0,tless,10,obj_10,5,7,3,,gt,gt,0,fp_solo_render,0.562,,4.01,0.0445,0.6757,13.0,1.6,solo,,,,40,2,0,2,0,0,0,0.0,"F,F",grasp_failed,3.5,2026-09-11T22:28:00,0.0,1
tless10,26,0,tless,10,obj_10,5,7,3,,proxy,itodd/obj_000013,0,fp_solo_render,144.906,,12.91,0.1431,0.3663,24.3,1.6,solo,,,,40,23,1,5,1,0,1,14.9,"F,F,B,F,F,S",,2.2,2026-09-11T22:28:04,0.0,1
tless10,26,0,tless,10,obj_10,11,4,3,,gt,gt,0,fp_solo_render,1.75,,6.7,0.0743,0.4294,20.9,1.6,solo,,,,40,6,0,5,1,0,1,14.5,"F,F,F,F,S",,4.0,2026-09-11T22:28:07,36.0,1
tless10,26,0,tless,10,obj_10,11,4,3,,proxy,itodd/obj_000013,0,fp_solo_render,144.125,,15.11,0.1675,0.3026,30.7,1.6,solo,,,,40,19,0,4,1,0,1,14.0,"F,F,F,S",,2.0,2026-09-11T22:28:11,36.0,1
tless10,26,0,tless,10,obj_10,16,8,0,,gt,gt,0,fp_solo_render,-13.25,,7.11,0.0789,0.4187,21.6,1.6,solo,,,,40,9,0,5,1,0,1,14.6,"F,F,F,F,S",,3.9,2026-09-11T22:28:14,72.0,1
tless10,26,0,tless,10,obj_10,16,8,0,,proxy,itodd/obj_000013,0,fp_solo_render,140.812,,15.31,0.1697,0.2605,28.8,1.6,solo,,,,40,4,0,3,1,0,1,6.2,"F,F,S",,2.0,2026-09-11T22:28:18,72.0,1
tless10,26,0,tless,10,obj_10,5,43,3,,gt,gt,0,fp_solo_render,-14.5,,2.29,0.0254,0.9039,5.9,1.6,solo,,,,40,2,0,2,1,0,1,14.7,"F,S",,3.5,2026-09-11T22:28:22,108.0,1
tless10,26,0,tless,10,obj_10,5,43,3,,proxy,itodd/obj_000013,0,fp_solo_render,137.531,,10.92,0.1211,0.3258,16.5,1.6,solo,,,,40,8,0,2,1,0,1,13.9,"F,S",,1.7,2026-09-11T22:28:25,108.0,1
tless10,26,0,tless,10,obj_10,11,23,3,,gt,gt,0,fp_solo_render,-16.312,,5.82,0.0645,0.5037,17.9,1.6,solo,,,,40,5,3,2,0,0,0,0.0,"F,F,B,B,B",grasp_failed,4.0,2026-09-11T22:28:28,144.0,1
tless10,26,0,tless,10,obj_10,11,23,3,,proxy,itodd/obj_000013,0,fp_solo_render,142.656,,12.83,0.1422,0.3176,21.1,1.6,solo,,,,40,4,0,2,1,0,1,13.9,"F,S",,1.7,2026-09-11T22:28:32,144.0,1
tless10,26,0,tless,10,obj_10,16,31,0,,gt,gt,0,fp_solo_render,-15.312,,5.69,0.0631,0.5096,17.5,1.6,solo,,,,40,9,0,5,0,0,0,0.0,"F,F,F,F,F",grasp_failed,3.8,2026-09-11T22:28:35,180.0,1
tless10,26,0,tless,10,obj_10,16,31,0,,proxy,itodd/obj_000013,0,fp_solo_render,143.469,,13.16,0.1458,0.3126,22.3,1.6,solo,,,,40,4,0,2,1,0,1,13.2,"F,S",,1.8,2026-09-11T22:28:39,180.0,1
tless10,26,0,tless,10,obj_10,5,100,3,,gt,gt,0,fp_solo_render,-8.25,,4.09,0.0453,0.6694,13.2,1.6,solo,,,,40,7,3,4,1,0,1,11.5,"F,F,B,F,B,B,S",,4.5,2026-09-11T22:28:42,216.0,1
tless10,26,0,tless,10,obj_10,5,100,3,,proxy,itodd/obj_000013,0,fp_solo_render,142.281,,12.14,0.1346,0.2995,18.8,1.6,solo,,,,40,8,0,2,1,0,1,13.3,"F,S",,1.8,2026-09-11T22:28:47,216.0,1
tless10,26,0,tless,10,obj_10,11,37,3,,gt,gt,0,fp_solo_render,-19.625,,5.32,0.059,0.55,16.5,1.6,solo,,,,40,8,0,2,1,0,1,14.9,"F,S",,3.6,2026-09-11T22:28:50,252.0,1
tless10,26,0,tless,10,obj_10,11,37,3,,proxy,itodd/obj_000013,0,fp_solo_render,142.594,,12.58,0.1395,0.3032,16.5,1.6,solo,,,,40,0,0,0,0,0,0,0.0,,unreachable,1.4,2026-09-11T22:28:53,252.0,1
tless10,26,0,tless,10,obj_10,16,55,0,,gt,gt,0,fp_solo_render,-8.438,,6.02,0.0667,0.4567,19.2,1.6,solo,,,,40,9,0,5,1,0,1,13.4,"F,F,F,F,S",,4.1,2026-09-11T22:28:56,288.0,1
tless10,26,0,tless,10,obj_10,16,55,0,,proxy,itodd/obj_000013,0,fp_solo_render,140.438,,12.97,0.1438,0.3,23.1,1.6,solo,,,,40,11,0,1,1,1,1,14.9,S,,1.6,2026-09-11T22:29:00,288.0,1
tless10,26,0,tless,10,obj_10,5,117,3,,gt,gt,0,fp_solo_render,-13.812,,3.0,0.0333,0.7518,8.2,1.6,solo,,,,40,3,0,3,0,0,0,0.0,"F,F,F",grasp_failed,3.6,2026-09-11T22:29:03,324.0,1
tless10,26,0,tless,10,obj_10,5,117,3,,proxy,itodd/obj_000013,0,fp_solo_render,143.625,,9.66,0.1071,0.3484,21.0,1.6,solo,,,,40,1,0,1,1,1,1,14.0,S,,1.7,2026-09-11T22:29:07,324.0,1
tless11,27,0,tless,11,obj_11,3,144,2,,gt,gt,0,fp_solo_render,6.438,,4.62,0.0603,0.5234,14.3,1.3,solo,,,,40,3,0,1,1,1,1,14.5,S,,33.4,2026-09-11T22:29:10,0.0,1
tless11,27,0,tless,11,obj_11,3,144,2,,proxy,itodd/obj_000013,0,fp_solo_render,141.562,,11.61,0.1515,0.2508,15.6,1.3,solo,,,,40,3,0,3,0,0,0,0.0,"F,F,F",grasp_failed,1.6,2026-09-11T22:29:43,0.0,1
tless11,27,0,tless,11,obj_11,6,96,3,,gt,gt,0,fp_solo_render,-16.125,,4.24,0.0554,0.562,13.3,1.3,solo,,,,40,4,0,1,1,1,1,7.2,S,,3.5,2026-09-11T22:29:49,36.0,1
tless11,27,0,tless,11,obj_11,6,96,3,,proxy,itodd/obj_000013,0,fp_solo_render,143.562,,12.39,0.1617,0.3082,24.4,1.3,solo,,,,40,7,0,1,1,1,1,14.0,S,,1.6,2026-09-11T22:29:52,36.0,1
tless11,27,0,tless,11,obj_11,16,31,1,,gt,gt,0,fp_solo_render,-15.375,,5.16,0.0674,0.5085,16.4,1.3,solo,,,,40,4,0,1,1,1,1,6.5,S,,3.5,2026-09-11T22:29:57,72.0,1
tless11,27,0,tless,11,obj_11,16,31,1,,proxy,itodd/obj_000013,0,fp_solo_render,142.688,,12.09,0.1579,0.2528,15.5,1.3,solo,,,,40,0,0,0,0,0,0,0.0,,unreachable,1.4,2026-09-11T22:30:01,72.0,1
tless11,27,0,tless,11,obj_11,3,405,2,,gt,gt,0,fp_solo_render,25.062,,12.67,0.1653,0.2157,30.6,1.3,solo,,,,40,6,0,5,0,0,0,0.0,"F,F,F,F,F",grasp_failed,3.5,2026-09-11T22:30:05,108.0,1
tless11,27,0,tless,11,obj_11,3,405,2,,proxy,itodd/obj_000013,0,fp_solo_render,144.406,,17.99,0.2348,0.1874,37.4,1.3,solo,,,,40,12,0,5,0,0,0,0.0,"F,F,F,F,F",grasp_failed,1.7,2026-09-11T22:30:09,108.0,1
tless11,27,0,tless,11,obj_11,6,105,3,,gt,gt,0,fp_solo_render,3.625,,3.34,0.0437,0.7046,11.3,1.3,solo,,,,40,3,0,1,1,1,1,14.6,S,,3.3,2026-09-11T22:30:14,144.0,1
tless11,27,0,tless,11,obj_11,6,105,3,,proxy,itodd/obj_000013,0,fp_solo_render,145.062,,12.34,0.1611,0.2954,23.7,1.3,solo,,,,40,1,0,1,0,0,0,0.0,F,grasp_failed,1.4,2026-09-11T22:30:17,144.0,1
tless11,27,0,tless,11,obj_11,16,61,1,,gt,gt,0,fp_solo_render,-13.312,,7.15,0.0933,0.4099,22.3,1.3,solo,,,,40,8,0,5,0,0,0,0.0,"F,F,F,F,F",grasp_failed,3.9,2026-09-11T22:30:22,180.0,1
tless11,27,0,tless,11,obj_11,16,61,1,,proxy,itodd/obj_000013,0,fp_solo_render,143.281,,12.73,0.1662,0.2439,15.1,1.3,solo,,,,40,6,0,1,1,1,1,15.0,S,,1.5,2026-09-11T22:30:26,180.0,1
tless11,27,0,tless,11,obj_11,3,459,2,,gt,gt,0,fp_solo_render,35.125,,18.61,0.243,0.1199,37.8,1.3,solo,,,,40,10,0,5,0,0,0,0.0,"F,F,F,F,F",grasp_failed,3.5,2026-09-11T22:30:31,216.0,1
tless11,27,0,tless,11,obj_11,3,459,2,,proxy,itodd/obj_000013,0,fp_solo_render,143.375,,44.92,0.5864,0.0,72.7,1.3,solo,,,,40,13,0,5,0,0,0,0.0,"F,F,F,F,F",grasp_failed,1.7,2026-09-11T22:30:35,216.0,1
tless11,27,0,tless,11,obj_11,6,139,3,,gt,gt,0,fp_solo_render,-14.062,,2.45,0.032,0.7862,7.3,1.3,solo,,,,40,8,0,1,1,1,1,14.8,S,,3.5,2026-09-11T22:30:40,252.0,1
tless11,27,0,tless,11,obj_11,6,139,3,,proxy,itodd/obj_000013,0,fp_solo_render,141.125,,11.38,0.1485,0.2916,13.7,1.3,solo,,,,40,0,0,0,0,0,0,0.0,,unreachable,1.4,2026-09-11T22:30:43,252.0,1
tless11,27,0,tless,11,obj_11,16,117,1,,gt,gt,0,fp_solo_render,1.75,,2.87,0.0375,0.7072,8.5,1.3,solo,,,,40,12,0,1,1,1,1,8.1,S,,3.4,2026-09-11T22:30:48,288.0,1
tless11,27,0,tless,11,obj_11,16,117,1,,proxy,itodd/obj_000013,0,fp_solo_render,145.5,,12.65,0.1652,0.2674,24.1,1.3,solo,,,,40,3,0,2,1,0,1,14.1,"F,S",,1.8,2026-09-11T22:30:51,288.0,1
tless11,27,0,tless,11,obj_11,6,170,3,,gt,gt,0,fp_solo_render,-1.625,,6.25,0.0816,0.3683,18.7,1.3,solo,,,,40,10,0,5,0,0,0,0.0,"F,F,F,F,F",grasp_failed,3.6,2026-09-11T22:30:57,324.0,1
tless11,27,0,tless,11,obj_11,6,170,3,,proxy,itodd/obj_000013,0,fp_solo_render,143.125,,15.27,0.1994,0.2219,31.5,1.3,solo,,,,40,7,0,5,0,0,0,0.0,"F,F,F,F,F",grasp_failed,1.9,2026-09-11T22:31:00,324.0,1
tless12,28,0,tless,12,obj_12,3,10,3,,gt,gt,0,fp_solo_render,-3.375,,4.04,0.0469,0.6654,12.9,1.3,solo,,,,40,2,0,2,0,0,0,0.0,"F,F",grasp_failed,3.4,2026-09-11T22:31:06,0.0,1
tless12,28,0,tless,12,obj_12,3,10,3,,proxy,itodd/obj_000013,0,fp_solo_render,142.312,,16.7,0.1941,0.1808,31.2,1.3,solo,,,,40,3,1,2,0,0,0,0.0,"F,F,B",grasp_failed,1.7,2026-09-11T22:31:09,0.0,1
tless12,28,0,tless,12,obj_12,6,39,4,,gt,gt,0,fp_solo_render,6.75,,2.64,0.0307,0.8142,7.4,1.3,solo,,,,40,6,0,1,1,1,1,14.8,S,,3.4,2026-09-11T22:31:15,36.0,1
tless12,28,0,tless,12,obj_12,6,39,4,,proxy,itodd/obj_000013,0,fp_solo_render,143.812,,11.69,0.136,0.3445,19.5,1.3,solo,,,,40,13,0,5,0,0,0,0.0,"F,F,F,F,F",grasp_failed,1.9,2026-09-11T22:31:18,36.0,1
tless12,28,0,tless,12,obj_12,16,8,2,,gt,gt,0,fp_solo_render,15.188,,7.08,0.0823,0.4113,20.9,1.3,solo,,,,40,2,0,2,0,0,0,0.0,"F,F",grasp_failed,3.4,2026-09-11T22:31:23,72.0,1
tless12,28,0,tless,12,obj_12,16,8,2,,proxy,itodd/obj_000013,0,fp_solo_render,140.375,,12.48,0.1451,0.3236,23.0,1.3,solo,,,,40,17,0,1,1,1,1,14.2,S,,1.6,2026-09-11T22:31:27,72.0,1
tless12,28,0,tless,12,obj_12,3,79,3,,gt,gt,0,fp_solo_render,-5.375,,3.57,0.0415,0.6932,11.5,1.3,solo,,,,40,6,0,5,0,0,0,0.0,"F,F,F,F,F",grasp_failed,3.5,2026-09-11T22:31:32,108.0,1
tless12,28,0,tless,12,obj_12,3,79,3,,proxy,itodd/obj_000013,0,fp_solo_render,145.344,,11.04,0.1284,0.3821,24.8,1.3,solo,,,,40,15,0,2,1,0,1,15.0,"F,S",,1.7,2026-09-11T22:31:35,108.0,1
tless12,28,0,tless,12,obj_12,6,96,4,,gt,gt,0,fp_solo_render,-0.938,,3.99,0.0464,0.611,12.3,1.3,solo,,,,40,1,0,1,0,0,0,0.0,F,grasp_failed,3.3,2026-09-11T22:31:40,144.0,1
tless12,28,0,tless,12,obj_12,6,96,4,,proxy,itodd/obj_000013,0,fp_solo_render,143.5,,10.83,0.1259,0.3389,20.9,1.3,solo,,,,40,15,0,4,1,0,1,7.3,"F,F,F,S",,1.8,2026-09-11T22:31:44,144.0,1
tless12,28,0,tless,12,obj_12,16,61,2,,gt,gt,0,fp_solo_render,-5.812,,7.27,0.0845,0.4162,21.3,1.3,solo,,,,40,7,0,1,1,1,1,14.9,S,,3.5,2026-09-11T22:31:49,180.0,1
tless12,28,0,tless,12,obj_12,16,61,2,,proxy,itodd/obj_000013,0,fp_solo_render,140.688,,14.2,0.1651,0.2953,27.6,1.3,solo,,,,40,20,0,5,0,0,0,0.0,"F,F,F,F,F",grasp_failed,1.7,2026-09-11T22:31:52,180.0,1
tless12,28,0,tless,12,obj_12,3,369,3,,gt,gt,0,fp_solo_render,23.188,,16.28,0.1893,0.1966,38.7,1.3,solo,,,,40,8,0,5,0,0,0,0.0,"F,F,F,F,F",grasp_failed,3.6,2026-09-11T22:31:57,216.0,1
tless12,28,0,tless,12,obj_12,3,369,3,,proxy,itodd/obj_000013,0,fp_solo_render,136.469,,16.66,0.1937,0.227,34.7,1.3,solo,,,,40,19,0,5,0,0,0,0.0,"F,F,F,F,F",grasp_failed,1.6,2026-09-11T22:32:01,216.0,1
tless12,28,0,tless,12,obj_12,6,170,4,,gt,gt,0,fp_solo_render,8.562,,5.74,0.0668,0.4773,17.3,1.3,solo,,,,40,10,0,5,0,0,0,0.0,"F,F,F,F,F",grasp_failed,3.5,2026-09-11T22:32:06,252.0,1
tless12,28,0,tless,12,obj_12,6,170,4,,proxy,itodd/obj_000013,0,fp_solo_render,145.594,,18.96,0.2205,0.134,34.1,1.3,solo,,,,40,10,0,5,0,0,0,0.0,"F,F,F,F,F",grasp_failed,1.8,2026-09-11T22:32:09,252.0,1
tless12,28,0,tless,12,obj_12,16,86,2,,gt,gt,0,fp_solo_render,12.625,,3.9,0.0454,0.6813,12.2,1.3,solo,,,,40,10,0,1,1,1,1,14.9,S,,3.4,2026-09-11T22:32:14,288.0,1
tless12,28,0,tless,12,obj_12,16,86,2,,proxy,itodd/obj_000013,0,fp_solo_render,143.875,,12.25,0.1424,0.3762,24.8,1.3,solo,,,,40,16,0,5,0,0,0,0.0,"F,F,F,F,F",grasp_failed,1.9,2026-09-11T22:32:18,288.0,1
tless12,28,0,tless,12,obj_12,3,405,3,,gt,gt,0,fp_solo_render,31.688,,12.05,0.14,0.2595,31.1,1.3,solo,,,,40,10,0,5,0,0,0,0.0,"F,F,F,F,F",grasp_failed,3.5,2026-09-11T22:32:23,324.0,1
tless12,28,0,tless,12,obj_12,3,405,3,,proxy,itodd/obj_000013,0,fp_solo_render,144.531,,22.64,0.2632,0.2067,53.9,1.3,solo,,,,40,1,0,1,0,0,0,0.0,F,grasp_failed,1.5,2026-09-11T22:32:26,324.0,1
tless13,29,0,tless,13,obj_13,7,270,2,,gt,gt,0,fp_solo_render,24.938,,4.24,0.0729,0.4101,11.8,1.3,solo,,,,25,8,0,2,1,0,1,14.8,"F,S",,10.4,2026-09-11T22:32:32,0.0,1
tless13,29,0,tless,13,obj_13,7,270,2,,proxy,gso/Ecoforms_Plant_Pot_GP9_SAND,1,fp_solo_render,146.094,,61.33,1.0551,0.0,89.5,1.3,solo,,,,0,0,0,0,0,0,0,0.0,,no_candidates,3.5,2026-09-11T22:32:42,0.0,1
tless13,29,0,tless,13,obj_13,16,96,3,,gt,gt,0,fp_solo_render,8.75,,4.22,0.0725,0.4342,10.4,1.3,solo,,,,25,2,0,1,1,1,1,14.8,S,,2.4,2026-09-11T22:32:49,36.0,1
tless13,29,0,tless,13,obj_13,16,96,3,,proxy,gso/Ecoforms_Plant_Pot_GP9_SAND,1,fp_solo_render,148.719,,20.76,0.3571,0.1055,36.7,1.3,solo,,,,0,0,0,0,0,0,0,0.0,,no_candidates,2.7,2026-09-11T22:32:51,36.0,1
tless13,29,0,tless,13,obj_13,19,1,0,,gt,gt,0,fp_solo_render,8.812,,6.63,0.114,0.2968,15.3,1.3,solo,,,,25,7,0,2,1,0,1,14.7,"F,S",,2.6,2026-09-11T22:32:57,72.0,1
tless13,29,0,tless,13,obj_13,19,1,0,,proxy,gso/Ecoforms_Plant_Pot_GP9_SAND,1,fp_solo_render,148.156,,18.38,0.3162,0.1099,29.4,1.3,solo,,,,0,0,0,0,0,0,0,0.0,,no_candidates,2.7,2026-09-11T22:33:00,72.0,1
tless13,29,0,tless,13,obj_13,7,413,2,,gt,gt,0,fp_solo_render,38.875,,8.93,0.1536,0.2268,24.3,1.3,solo,,,,25,9,0,1,1,1,1,15.0,S,,2.4,2026-09-11T22:33:05,108.0,1
tless13,29,0,tless,13,obj_13,7,413,2,,proxy,gso/Ecoforms_Plant_Pot_GP9_SAND,1,fp_solo_render,144.156,,72.69,1.2506,0.0,100.5,1.3,solo,,,,0,0,0,0,0,0,0,0.0,,no_candidates,2.7,2026-09-11T22:33:08,108.0,1
tless13,29,0,tless,13,obj_13,16,208,3,,gt,gt,0,fp_solo_render,25.438,,2.47,0.0425,0.6605,5.7,1.3,solo,,,,25,9,0,1,1,1,1,14.7,S,,2.5,2026-09-11T22:33:14,144.0,1
tless13,29,0,tless,13,obj_13,16,208,3,,proxy,gso/Ecoforms_Plant_Pot_GP9_SAND,1,fp_solo_render,146.906,,57.06,0.9816,0.0,90.7,1.3,solo,,,,0,0,0,0,0,0,0,0.0,,no_candidates,2.7,2026-09-11T22:33:16,144.0,1
tless13,29,0,tless,13,obj_13,19,98,0,,gt,gt,0,fp_solo_render,18.062,,5.24,0.0902,0.3745,12.6,1.3,solo,,,,25,6,0,1,1,1,1,14.5,S,,2.5,2026-09-11T22:33:22,180.0,1
tless13,29,0,tless,13,obj_13,19,98,0,,proxy,gso/Ecoforms_Plant_Pot_GP9_SAND,1,fp_solo_render,148.344,,34.44,0.5924,0.0291,58.3,1.3,solo,,,,0,0,0,0,0,0,0,0.0,,no_candidates,2.7,2026-09-11T22:33:24,180.0,1
tless13,29,0,tless,13,obj_13,16,219,3,,gt,gt,0,fp_solo_render,29.875,,4.72,0.0811,0.3604,12.2,1.3,solo,,,,25,7,0,1,1,1,1,14.7,S,,2.5,2026-09-11T22:33:30,216.0,1
tless13,29,0,tless,13,obj_13,16,219,3,,proxy,gso/Ecoforms_Plant_Pot_GP9_SAND,1,fp_solo_render,144.781,,19.38,0.3334,0.1242,37.3,1.3,solo,,,,0,0,0,0,0,0,0,0.0,,no_candidates,2.7,2026-09-11T22:33:33,216.0,1
tless13,29,0,tless,13,obj_13,19,109,0,,gt,gt,0,fp_solo_render,24.062,,3.73,0.0641,0.4811,9.5,1.3,solo,,,,25,9,0,1,1,1,1,10.6,S,,2.4,2026-09-11T22:33:38,252.0,1
tless13,29,0,tless,13,obj_13,19,109,0,,proxy,gso/Ecoforms_Plant_Pot_GP9_SAND,1,fp_solo_render,148.719,,36.59,0.6295,0.0201,62.4,1.3,solo,,,,0,0,0,0,0,0,0,0.0,,no_candidates,2.7,2026-09-11T22:33:41,252.0,1
tless13,29,0,tless,13,obj_13,16,238,3,,gt,gt,0,fp_solo_render,37.0,,6.63,0.1141,0.2667,16.7,1.3,solo,,,,25,7,0,2,1,0,1,15.1,"F,S",,2.6,2026-09-11T22:33:46,288.0,1
tless13,29,0,tless,13,obj_13,16,238,3,,proxy,gso/Ecoforms_Plant_Pot_GP9_SAND,1,fp_solo_render,146.75,,17.69,0.3043,0.1832,31.8,1.3,solo,,,,0,0,0,0,0,0,0,0.0,,no_candidates,2.7,2026-09-11T22:33:49,288.0,1
tless13,29,0,tless,13,obj_13,19,115,0,,gt,gt,0,fp_solo_render,23.0,,3.09,0.0531,0.5582,7.8,1.3,solo,,,,25,8,0,2,1,0,1,14.7,"F,S",,2.6,2026-09-11T22:33:55,324.0,1
tless13,29,0,tless,13,obj_13,19,115,0,,proxy,gso/Ecoforms_Plant_Pot_GP9_SAND,1,fp_solo_render,144.625,,49.15,0.8455,0.0,79.3,1.3,solo,,,,0,0,0,0,0,0,0,0.0,,no_candidates,2.7,2026-09-11T22:33:57,324.0,1
tless14,30,0,tless,14,obj_14,7,81,3,,gt,gt,0,fp_solo_render,50.438,,5.94,0.0826,0.395,14.6,1.3,solo,,,,20,4,0,3,1,0,1,13.4,"F,F,S",,28.4,2026-09-11T22:34:04,0.0,1
tless14,30,0,tless,14,obj_14,7,81,3,,proxy,itodd/obj_000026,0,fp_solo_render,133.438,,7.93,0.1102,0.3482,17.3,1.3,solo,,,,18,0,0,0,0,0,0,0.0,,unreachable,1.1,2026-09-11T22:34:32,0.0,1
tless14,30,0,tless,14,obj_14,16,55,4,,gt,gt,0,fp_solo_render,51.438,,7.74,0.1075,0.3144,18.7,1.3,solo,,,,20,4,0,2,1,0,1,14.3,"F,S",,2.8,2026-09-11T22:34:35,36.0,1
tless14,30,0,tless,14,obj_14,16,55,4,,proxy,itodd/obj_000026,0,fp_solo_render,138.0,,7.88,0.1095,0.3202,19.7,1.3,solo,,,,18,3,1,2,0,0,0,0.0,"F,F,B",grasp_failed,1.5,2026-09-11T22:34:38,36.0,1
tless14,30,0,tless,14,obj_14,19,1,1,,gt,gt,0,fp_solo_render,50.219,,6.0,0.0833,0.4007,14.8,1.3,solo,,,,20,2,0,1,1,1,1,14.8,S,,2.8,2026-09-11T22:34:42,72.0,1
tless14,30,0,tless,14,obj_14,19,1,1,,proxy,itodd/obj_000026,0,fp_solo_render,135.531,,6.09,0.0846,0.4205,14.8,1.3,solo,,,,18,0,0,0,0,0,0,0.0,,unreachable,1.0,2026-09-11T22:34:44,72.0,1
tless14,30,0,tless,14,obj_14,7,87,3,,gt,gt,0,fp_solo_render,49.375,,5.71,0.0794,0.4096,14.1,1.3,solo,,,,20,1,0,1,1,1,1,14.9,S,,2.8,2026-09-11T22:34:47,108.0,1
tless14,30,0,tless,14,obj_14,7,87,3,,proxy,itodd/obj_000026,0,fp_solo_render,131.203,,5.46,0.0758,0.4686,10.8,1.3,solo,,,,18,1,0,1,0,0,0,0.0,F,grasp_failed,1.1,2026-09-11T22:34:50,108.0,1
tless14,30,0,tless,14,obj_14,16,73,4,,gt,gt,0,fp_solo_render,47.031,,5.43,0.0755,0.4104,13.8,1.3,solo,,,,20,2,0,1,1,1,1,14.8,S,,2.7,2026-09-11T22:34:53,144.0,1
tless14,30,0,tless,14,obj_14,16,73,4,,proxy,itodd/obj_000026,0,fp_solo_render,132.156,,5.64,0.0783,0.4545,11.3,1.3,solo,,,,18,1,0,1,0,0,0,0.0,F,grasp_failed,1.1,2026-09-11T22:34:56,144.0,1
tless14,30,0,tless,14,obj_14,19,47,1,,gt,gt,0,fp_solo_render,49.438,,2.95,0.0409,0.6985,7.4,1.3,solo,,,,20,5,0,1,1,1,1,14.7,S,,2.7,2026-09-11T22:34:59,180.0,1
tless14,30,0,tless,14,obj_14,19,47,1,,proxy,itodd/obj_000026,0,fp_solo_render,131.922,,4.12,0.0573,0.599,6.0,1.3,solo,,,,18,0,0,0,0,0,0,0.0,,unreachable,1.0,2026-09-11T22:35:02,180.0,1
tless14,30,0,tless,14,obj_14,7,166,3,,gt,gt,0,fp_solo_render,59.594,,4.71,0.0654,0.4804,11.8,1.3,solo,,,,20,3,0,1,1,1,1,14.4,S,,2.7,2026-09-11T22:35:05,216.0,1
tless14,30,0,tless,14,obj_14,7,166,3,,proxy,itodd/obj_000026,0,fp_solo_render,131.188,,4.94,0.0687,0.5074,8.7,1.3,solo,,,,18,0,0,0,0,0,0,0.0,,unreachable,1.0,2026-09-11T22:35:08,216.0,1
tless14,30,0,tless,14,obj_14,16,126,4,,gt,gt,0,fp_solo_render,46.156,,3.45,0.048,0.5911,8.9,1.3,solo,,,,20,4,0,1,1,1,1,14.9,S,,2.7,2026-09-11T22:35:11,252.0,1
tless14,30,0,tless,14,obj_14,16,126,4,,proxy,itodd/obj_000026,0,fp_solo_render,132.406,,4.12,0.0573,0.5916,8.9,1.3,solo,,,,18,0,0,0,0,0,0,0.0,,unreachable,1.1,2026-09-11T22:35:14,252.0,1
tless14,30,0,tless,14,obj_14,19,74,1,,gt,gt,0,fp_solo_render,53.344,,4.15,0.0577,0.5203,10.5,1.3,solo,,,,20,2,0,1,1,1,1,14.5,S,,2.8,2026-09-11T22:35:17,288.0,1
tless14,30,0,tless,14,obj_14,19,74,1,,proxy,itodd/obj_000026,0,fp_solo_render,131.609,,5.01,0.0697,0.5183,9.3,1.3,solo,,,,18,0,0,0,0,0,0,0.0,,unreachable,1.0,2026-09-11T22:35:20,288.0,1
tless14,30,0,tless,14,obj_14,7,207,3,,gt,gt,0,fp_solo_render,48.094,,2.12,0.0295,0.7849,5.1,1.3,solo,,,,20,3,0,1,1,1,1,14.8,S,,2.7,2026-09-11T22:35:23,324.0,1
tless14,30,0,tless,14,obj_14,7,207,3,,proxy,itodd/obj_000026,0,fp_solo_render,132.75,,3.95,0.055,0.5974,3.1,1.3,solo,,,,18,0,0,0,0,0,0,0.0,,unreachable,1.0,2026-09-11T22:35:26,324.0,1
tless15,31,0,tless,15,obj_15,7,3,4,,gt,gt,0,fp_solo_render,28.312,,8.47,0.1235,0.2769,21.3,1.4,solo,,,,28,11,0,5,0,0,0,0.0,"F,F,F,F,F",grasp_failed,12.6,2026-09-11T22:35:29,0.0,1
tless15,31,0,tless,15,obj_15,7,3,4,,proxy,itodd/obj_000027,0,fp_solo_render,124.25,,15.2,0.2216,0.1616,31.2,1.4,solo,,,,40,7,0,5,0,0,0,0.0,"F,F,F,F,F",grasp_failed,1.3,2026-09-11T22:35:42,0.0,1
tless15,31,0,tless,15,obj_15,16,8,5,,gt,gt,0,fp_solo_render,21.688,,9.34,0.1363,0.2627,23.0,1.4,solo,,,,28,10,0,4,1,0,1,14.1,"F,F,F,S",,2.9,2026-09-11T22:35:46,36.0,1
tless15,31,0,tless,15,obj_15,16,8,5,,proxy,itodd/obj_000027,0,fp_solo_render,123.922,,15.53,0.2265,0.1612,30.6,1.4,solo,,,,40,11,0,1,1,1,1,9.4,S,,1.3,2026-09-11T22:35:49,36.0,1
tless15,31,0,tless,15,obj_15,7,13,4,,gt,gt,0,fp_solo_render,19.5,,8.12,0.1184,0.2896,20.5,1.4,solo,,,,28,9,0,5,1,0,1,14.5,"F,F,F,F,S",,2.9,2026-09-11T22:35:53,72.0,1
tless15,31,0,tless,15,obj_15,7,13,4,,proxy,itodd/obj_000027,0,fp_solo_render,125.875,,13.47,0.1964,0.1807,28.4,1.4,solo,,,,40,12,0,2,1,0,1,14.6,"F,S",,1.4,2026-09-11T22:35:56,72.0,1
tless15,31,0,tless,15,obj_15,16,14,5,,gt,gt,0,fp_solo_render,26.562,,8.9,0.1298,0.2738,22.1,1.4,solo,,,,28,8,0,2,1,0,1,14.9,"F,S",,2.7,2026-09-11T22:36:00,108.0,1
tless15,31,0,tless,15,obj_15,16,14,5,,proxy,itodd/obj_000027,0,fp_solo_render,121.672,,14.74,0.215,0.1675,29.2,1.4,solo,,,,40,11,0,1,1,1,1,14.2,S,,1.3,2026-09-11T22:36:03,108.0,1
tless15,31,0,tless,15,obj_15,7,21,4,,gt,gt,0,fp_solo_render,22.875,,7.3,0.1064,0.322,18.6,1.4,solo,,,,28,9,0,5,1,0,1,15.2,"F,F,F,F,S",,2.9,2026-09-11T22:36:07,144.0,1
tless15,31,0,tless,15,obj_15,7,21,4,,proxy,itodd/obj_000027,0,fp_solo_render,123.625,,12.96,0.189,0.2025,26.3,1.4,solo,,,,40,8,0,1,1,1,1,14.6,S,,1.3,2026-09-11T22:36:10,144.0,1
tless15,31,0,tless,15,obj_15,16,20,5,,gt,gt,0,fp_solo_render,30.938,,7.79,0.1136,0.3088,19.6,1.4,solo,,,,28,8,0,2,1,0,1,15.2,"F,S",,2.7,2026-09-11T22:36:14,180.0,1
tless15,31,0,tless,15,obj_15,16,20,5,,proxy,itodd/obj_000027,0,fp_solo_render,125.531,,13.1,0.1911,0.2027,26.7,1.4,solo,,,,40,11,0,1,1,1,1,14.6,S,,1.3,2026-09-11T22:36:17,180.0,1
tless15,31,0,tless,15,obj_15,7,30,4,,gt,gt,0,fp_solo_render,25.688,,6.09,0.0888,0.3559,15.9,1.4,solo,,,,28,9,0,2,1,0,1,14.0,"F,S",,2.8,2026-09-11T22:36:21,216.0,1
tless15,31,0,tless,15,obj_15,7,30,4,,proxy,itodd/obj_000027,0,fp_solo_render,124.125,,12.01,0.1752,0.2433,24.7,1.4,solo,,,,40,8,0,1,1,1,1,15.3,S,,1.3,2026-09-11T22:36:24,216.0,1
tless15,31,0,tless,15,obj_15,16,31,5,,gt,gt,0,fp_solo_render,36.125,,6.08,0.0886,0.3682,16.0,1.4,solo,,,,28,9,0,1,1,1,1,14.8,S,,2.7,2026-09-11T22:36:28,252.0,1
tless15,31,0,tless,15,obj_15,16,31,5,,proxy,itodd/obj_000027,0,fp_solo_render,126.703,,12.34,0.18,0.2334,24.8,1.4,solo,,,,40,9,0,1,1,1,1,13.9,S,,1.4,2026-09-11T22:36:31,252.0,1
tless15,31,0,tless,15,obj_15,7,39,4,,gt,gt,0,fp_solo_render,32.5,,5.64,0.0823,0.3825,14.7,1.4,solo,,,,28,13,0,1,1,1,1,15.0,S,,2.7,2026-09-11T22:36:36,288.0,1
tless15,31,0,tless,15,obj_15,7,39,4,,proxy,itodd/obj_000027,0,fp_solo_render,127.266,,11.69,0.1705,0.2508,23.8,1.4,solo,,,,40,12,0,1,1,1,1,14.4,S,,1.2,2026-09-11T22:36:38,288.0,1
tless15,31,0,tless,15,obj_15,16,35,5,,gt,gt,0,fp_solo_render,41.219,,5.92,0.0863,0.384,15.7,1.4,solo,,,,28,11,0,1,1,1,1,14.8,S,,2.6,2026-09-11T22:36:42,324.0,1
tless15,31,0,tless,15,obj_15,16,35,5,,proxy,itodd/obj_000027,0,fp_solo_render,132.25,,11.66,0.1701,0.2589,23.8,1.4,solo,,,,40,10,0,1,1,1,1,14.8,S,,1.4,2026-09-11T22:36:45,324.0,1
tless16,32,0,tless,16,obj_16,7,3,5,,gt,gt,0,fp_solo_render,8.812,,7.3,0.1056,0.3767,21.0,1.4,solo,,,,40,12,0,1,1,1,1,14.6,S,,24.4,2026-09-11T22:36:51,0.0,1
tless16,32,0,tless,16,obj_16,7,3,5,,proxy,itodd/obj_000027,0,fp_solo_render,120.312,,8.29,0.1199,0.3017,20.4,1.4,solo,,,,40,8,0,1,1,1,1,14.6,S,,1.3,2026-09-11T22:37:15,0.0,1
tless16,32,0,tless,16,obj_16,16,8,6,,gt,gt,0,fp_solo_render,6.875,,8.06,0.1165,0.3532,22.6,1.4,solo,,,,40,11,0,1,1,1,1,14.7,S,,3.1,2026-09-11T22:37:19,36.0,1
tless16,32,0,tless,16,obj_16,16,8,6,,proxy,itodd/obj_000027,0,fp_solo_render,122.484,,15.79,0.2282,0.1054,32.9,1.4,solo,,,,40,9,1,1,1,1,1,14.6,"B,S",,1.5,2026-09-11T22:37:23,36.0,1
tless16,32,0,tless,16,obj_16,19,1,3,,gt,gt,0,fp_solo_render,0.0,,5.11,0.0738,0.4817,14.9,1.4,solo,,,,40,11,0,1,1,1,1,14.3,S,,3.3,2026-09-11T22:37:27,72.0,1
tless16,32,0,tless,16,obj_16,19,1,3,,proxy,itodd/obj_000027,0,fp_solo_render,116.391,,12.44,0.1798,0.1675,25.7,1.4,solo,,,,40,7,0,3,1,0,1,14.0,"F,F,S",,1.4,2026-09-11T22:37:31,72.0,1
tless16,32,0,tless,16,obj_16,7,21,5,,gt,gt,0,fp_solo_render,4.438,,6.17,0.0892,0.4245,18.0,1.4,solo,,,,40,8,0,1,1,1,1,14.7,S,,3.1,2026-09-11T22:37:35,108.0,1
tless16,32,0,tless,16,obj_16,7,21,5,,proxy,itodd/obj_000027,0,fp_solo_render,113.219,,8.7,0.1257,0.2913,22.5,1.4,solo,,,,40,11,0,1,1,1,1,11.6,S,,1.3,2026-09-11T22:37:38,108.0,1
tless16,32,0,tless,16,obj_16,16,31,6,,gt,gt,0,fp_solo_render,9.0,,5.47,0.0791,0.4784,16.3,1.4,solo,,,,40,10,0,1,1,1,1,14.9,S,,3.1,2026-09-11T22:37:43,144.0,1
tless16,32,0,tless,16,obj_16,16,31,6,,proxy,itodd/obj_000027,0,fp_solo_render,122.766,,13.09,0.1892,0.167,26.5,1.4,solo,,,,40,13,0,1,1,1,1,6.9,S,,1.3,2026-09-11T22:37:46,144.0,1
tless16,32,0,tless,16,obj_16,19,17,4,,gt,gt,0,fp_solo_render,8.875,,5.02,0.0726,0.5213,15.1,1.4,solo,,,,40,10,0,2,1,0,1,14.9,"F,S",,3.3,2026-09-11T22:37:51,180.0,1
tless16,32,0,tless,16,obj_16,19,17,4,,proxy,itodd/obj_000027,0,fp_solo_render,124.781,,12.12,0.1752,0.1831,26.1,1.4,solo,,,,40,3,0,3,0,0,0,0.0,"F,F,F",grasp_failed,1.3,2026-09-11T22:37:54,180.0,1
tless16,32,0,tless,16,obj_16,7,39,5,,gt,gt,0,fp_solo_render,6.25,,5.37,0.0777,0.4664,15.8,1.4,solo,,,,40,12,0,1,1,1,1,14.9,S,,3.1,2026-09-11T22:37:58,216.0,1
tless16,32,0,tless,16,obj_16,7,39,5,,proxy,itodd/obj_000027,0,fp_solo_render,117.703,,8.28,0.1196,0.3351,22.4,1.4,solo,,,,40,13,0,1,1,1,1,14.9,S,,1.2,2026-09-11T22:38:02,216.0,1
tless16,32,0,tless,16,obj_16,16,55,6,,gt,gt,0,fp_solo_render,9.125,,6.74,0.0974,0.3975,19.6,1.4,solo,,,,40,10,0,1,1,1,1,14.8,S,,3.1,2026-09-11T22:38:06,252.0,1
tless16,32,0,tless,16,obj_16,16,55,6,,proxy,itodd/obj_000027,0,fp_solo_render,118.672,,9.93,0.1435,0.2795,25.1,1.4,solo,,,,40,12,0,2,1,0,1,14.5,"F,S",,1.6,2026-09-11T22:38:09,252.0,1
tless16,32,0,tless,16,obj_16,19,47,3,,gt,gt,0,fp_solo_render,9.375,,2.83,0.0409,0.6851,7.3,1.4,solo,,,,40,11,0,1,1,1,1,6.4,S,,3.2,2026-09-11T22:38:14,288.0,1
tless16,32,0,tless,16,obj_16,19,47,3,,proxy,itodd/obj_000027,0,fp_solo_render,123.656,,4.74,0.0685,0.5024,9.6,1.4,solo,,,,40,12,0,1,1,1,1,14.9,S,,1.2,2026-09-11T22:38:17,288.0,1
tless16,32,0,tless,16,obj_16,7,62,5,,gt,gt,0,fp_solo_render,9.5,,6.9,0.0997,0.3905,20.0,1.4,solo,,,,40,12,0,1,1,1,1,14.7,S,,3.1,2026-09-11T22:38:22,324.0,1
tless16,32,0,tless,16,obj_16,7,62,5,,proxy,itodd/obj_000027,0,fp_solo_render,125.969,,7.9,0.1141,0.2936,19.1,1.4,solo,,,,40,14,0,1,1,1,1,14.6,S,,1.3,2026-09-11T22:38:25,324.0,1
tless17,33,0,tless,17,obj_17,7,3,6,,gt,gt,0,fp_solo_render,39.406,,6.73,0.0597,0.5544,21.4,2.5,solo,,,,40,5,0,1,1,1,1,15.3,S,,58.5,2026-09-11T22:38:30,0.0,1
tless17,33,0,tless,17,obj_17,7,3,6,,proxy,itodd/obj_000027,0,fp_solo_render,130.344,,15.39,0.1364,0.2572,36.2,2.5,solo,,,,40,0,0,0,0,0,0,0.0,,unreachable,1.1,2026-09-11T22:39:29,0.0,1
tless17,33,0,tless,17,obj_17,16,8,7,,gt,gt,0,fp_solo_render,48.406,,7.03,0.0623,0.4962,22.0,2.5,solo,,,,40,7,0,1,1,1,1,14.4,S,,3.4,2026-09-11T22:39:31,36.0,1
tless17,33,0,tless,17,obj_17,16,8,7,,proxy,itodd/obj_000027,0,fp_solo_render,143.469,,16.37,0.145,0.1989,34.8,2.5,solo,,,,40,8,0,5,0,0,0,0.0,"F,F,F,F,F",grasp_failed,1.3,2026-09-11T22:39:34,36.0,1
tless17,33,0,tless,17,obj_17,19,1,5,,gt,gt,0,fp_solo_render,44.281,,4.64,0.0411,0.7137,13.5,2.5,solo,,,,40,10,1,1,1,1,1,14.8,"B,S",,3.5,2026-09-11T22:39:37,72.0,1
tless17,33,0,tless,17,obj_17,19,1,5,,proxy,itodd/obj_000027,0,fp_solo_render,138.406,,12.47,0.1105,0.2813,24.8,2.5,solo,,,,40,13,0,3,1,0,1,14.7,"F,F,S",,1.3,2026-09-11T22:39:41,72.0,1
tless17,33,0,tless,17,obj_17,7,30,6,,gt,gt,0,fp_solo_render,46.188,,5.16,0.0457,0.6533,14.9,2.5,solo,,,,40,4,1,3,0,0,0,0.0,"B,F,F,F",grasp_failed,3.5,2026-09-11T22:39:43,108.0,1
tless17,33,0,tless,17,obj_17,7,30,6,,proxy,itodd/obj_000027,0,fp_solo_render,124.828,,11.18,0.0991,0.2895,15.0,2.5,solo,,,,40,21,0,1,1,1,1,14.8,S,,1.3,2026-09-11T22:39:47,108.0,1
tless17,33,0,tless,17,obj_17,16,31,7,,gt,gt,0,fp_solo_render,50.062,,5.51,0.0489,0.5978,15.8,2.5,solo,,,,40,0,0,0,0,0,0,0.0,,unreachable,3.2,2026-09-11T22:39:49,144.0,1
tless17,33,0,tless,17,obj_17,16,31,7,,proxy,itodd/obj_000027,0,fp_solo_render,130.922,,10.6,0.094,0.3107,11.3,2.5,solo,,,,40,6,0,1,1,1,1,14.7,S,,1.2,2026-09-11T22:39:52,144.0,1
tless17,33,0,tless,17,obj_17,19,33,5,,gt,gt,0,fp_solo_render,37.344,,3.18,0.0282,0.8235,10.0,2.5,solo,,,,40,7,1,1,1,1,1,12.0,"B,S",,3.4,2026-09-11T22:39:55,180.0,1
tless17,33,0,tless,17,obj_17,19,33,5,,proxy,itodd/obj_000027,0,fp_solo_render,140.75,,15.6,0.1382,0.1883,30.3,2.5,solo,,,,40,16,0,1,1,1,1,15.1,S,,1.2,2026-09-11T22:39:58,180.0,1
tless17,33,0,tless,17,obj_17,7,62,6,,gt,gt,0,fp_solo_render,29.625,,6.82,0.0604,0.5119,19.6,2.5,solo,,,,40,3,1,2,0,0,0,0.0,"F,F,B",grasp_failed,3.3,2026-09-11T22:40:01,216.0,1
tless17,33,0,tless,17,obj_17,7,62,6,,proxy,itodd/obj_000027,0,fp_solo_render,127.125,,15.87,0.1407,0.1451,23.6,2.5,solo,,,,40,12,0,1,1,1,1,11.9,S,,1.3,2026-09-11T22:40:04,216.0,1
tless17,33,0,tless,17,obj_17,16,55,7,,gt,gt,0,fp_solo_render,41.0,,6.35,0.0562,0.5674,20.0,2.5,solo,,,,40,1,0,1,0,0,0,0.0,F,grasp_failed,3.3,2026-09-11T22:40:07,252.0,1
tless17,33,0,tless,17,obj_17,16,55,7,,proxy,itodd/obj_000027,0,fp_solo_render,132.125,,11.87,0.1052,0.2751,20.9,2.5,solo,,,,40,8,0,1,1,1,1,15.0,S,,1.2,2026-09-11T22:40:10,252.0,1
tless17,33,0,tless,17,obj_17,19,55,5,,gt,gt,0,fp_solo_render,40.125,,3.46,0.0307,0.8493,8.8,2.5,solo,,,,40,5,3,2,0,0,0,0.0,"F,B,B,B,F",grasp_failed,3.6,2026-09-11T22:40:13,288.0,1
tless17,33,0,tless,17,obj_17,19,55,5,,proxy,itodd/obj_000027,0,fp_solo_render,139.656,,15.37,0.1362,0.198,30.3,2.5,solo,,,,40,16,0,5,0,0,0,0.0,"F,F,F,F,F",grasp_failed,1.4,2026-09-11T22:40:16,288.0,1
tless17,33,0,tless,17,obj_17,7,81,6,,gt,gt,0,fp_solo_render,34.938,,4.82,0.0427,0.6952,13.4,2.5,solo,,,,40,3,0,1,1,1,1,14.9,S,,3.4,2026-09-11T22:40:19,324.0,1
tless17,33,0,tless,17,obj_17,7,81,6,,proxy,itodd/obj_000027,0,fp_solo_render,125.266,,11.27,0.0999,0.2915,15.1,2.5,solo,,,,40,19,0,3,1,0,1,14.7,"F,F,S",,1.3,2026-09-11T22:40:23,324.0,1
tless18,34,0,tless,18,obj_18,3,34,4,,gt,gt,0,fp_solo_render,21.938,,2.68,0.0242,0.8871,7.1,3.0,solo,,,,17,5,0,1,1,1,1,15.0,S,,3.4,2026-09-11T22:40:26,0.0,1
tless18,34,0,tless,18,obj_18,3,34,4,,proxy,itodd/obj_000027,0,fp_solo_render,130.703,,9.54,0.086,0.3455,12.1,3.0,solo,,,,40,4,0,1,1,1,1,14.3,S,,1.3,2026-09-11T22:40:29,0.0,1
tless18,34,0,tless,18,obj_18,7,3,7,,gt,gt,0,fp_solo_render,31.188,,7.82,0.0705,0.4052,22.3,3.0,solo,,,,17,0,0,0,0,0,0,0.0,,unreachable,3.2,2026-09-11T22:40:34,36.0,1
tless18,34,0,tless,18,obj_18,7,3,7,,proxy,itodd/obj_000027,0,fp_solo_render,111.609,,19.87,0.179,0.0718,35.8,3.0,solo,,,,40,0,0,0,0,0,0,0.0,,unreachable,1.1,2026-09-11T22:40:37,36.0,1
tless18,34,0,tless,18,obj_18,19,6,6,,gt,gt,0,fp_solo_render,18.562,,4.52,0.0407,0.6941,13.9,3.0,solo,,,,17,1,0,1,1,1,1,15.0,S,,3.3,2026-09-11T22:40:42,72.0,1
tless18,34,0,tless,18,obj_18,19,6,6,,proxy,itodd/obj_000027,0,fp_solo_render,142.219,,13.88,0.1251,0.2031,21.8,3.0,solo,,,,40,16,0,2,1,0,1,7.3,"F,S",,1.3,2026-09-11T22:40:45,72.0,1
tless18,34,0,tless,18,obj_18,3,117,4,,gt,gt,0,fp_solo_render,16.25,,3.3,0.0298,0.8245,7.9,3.0,solo,,,,17,4,0,2,1,0,1,14.2,"F,S",,3.5,2026-09-11T22:40:50,108.0,1
tless18,34,0,tless,18,obj_18,3,117,4,,proxy,itodd/obj_000027,0,fp_solo_render,130.969,,17.53,0.158,0.1895,33.1,3.0,solo,,,,40,6,2,1,1,1,1,13.8,"B,B,S",,1.6,2026-09-11T22:40:53,108.0,1
tless18,34,0,tless,18,obj_18,7,21,7,,gt,gt,0,fp_solo_render,34.875,,5.8,0.0523,0.5762,17.0,3.0,solo,,,,17,1,0,1,0,0,0,0.0,F,grasp_failed,3.3,2026-09-11T22:40:58,144.0,1
tless18,34,0,tless,18,obj_18,7,21,7,,proxy,itodd/obj_000027,0,fp_solo_render,114.781,,18.09,0.163,0.0841,32.4,3.0,solo,,,,40,0,0,0,0,0,0,0.0,,unreachable,1.1,2026-09-11T22:41:01,144.0,1
tless18,34,0,tless,18,obj_18,19,42,6,,gt,gt,0,fp_solo_render,31.438,,3.5,0.0315,0.8384,8.4,3.0,solo,,,,17,2,0,2,0,0,0,0.0,"F,F",grasp_failed,3.4,2026-09-11T22:41:06,180.0,1
tless18,34,0,tless,18,obj_18,19,42,6,,proxy,itodd/obj_000027,0,fp_solo_render,136.969,,12.89,0.1162,0.237,16.8,3.0,solo,,,,40,0,0,0,0,0,0,0.0,,unreachable,1.1,2026-09-11T22:41:09,180.0,1
tless18,34,0,tless,18,obj_18,3,144,4,,gt,gt,0,fp_solo_render,19.938,,4.57,0.0412,0.6522,11.6,3.0,solo,,,,17,5,0,2,1,0,1,14.0,"F,S",,3.5,2026-09-11T22:41:14,216.0,1
tless18,34,0,tless,18,obj_18,3,144,4,,proxy,itodd/obj_000027,0,fp_solo_render,136.969,,9.69,0.0874,0.3557,15.5,3.0,solo,,,,40,12,0,1,1,1,1,7.3,S,,1.3,2026-09-11T22:41:17,216.0,1
tless18,34,0,tless,18,obj_18,7,39,7,,gt,gt,0,fp_solo_render,22.188,,4.66,0.042,0.6737,13.7,3.0,solo,,,,17,3,0,3,0,0,0,0.0,"F,F,F",grasp_failed,3.4,2026-09-11T22:41:22,252.0,1
tless18,34,0,tless,18,obj_18,7,39,7,,proxy,itodd/obj_000027,0,fp_solo_render,136.312,,15.08,0.1359,0.1201,27.3,3.0,solo,,,,40,0,0,0,0,0,0,0.0,,unreachable,1.1,2026-09-11T22:41:25,252.0,1
tless18,34,0,tless,18,obj_18,19,74,6,,gt,gt,0,fp_solo_render,6.375,,3.79,0.0341,0.7393,9.2,3.0,solo,,,,17,2,0,2,1,0,1,14.1,"F,S",,3.4,2026-09-11T22:41:29,288.0,1
tless18,34,0,tless,18,obj_18,19,74,6,,proxy,itodd/obj_000027,0,fp_solo_render,136.5,,9.78,0.0881,0.321,13.8,3.0,solo,,,,40,10,0,3,1,0,1,15.1,"F,F,S",,1.3,2026-09-11T22:41:33,288.0,1
tless18,34,0,tless,18,obj_18,3,154,4,,gt,gt,0,fp_solo_render,16.062,,5.48,0.0494,0.5446,14.9,3.0,solo,,,,17,3,1,2,0,0,0,0.0,"F,F,B",grasp_failed,3.4,2026-09-11T22:41:37,324.0,1
tless18,34,0,tless,18,obj_18,3,154,4,,proxy,itodd/obj_000027,0,fp_solo_render,132.562,,11.71,0.1055,0.1995,20.5,3.0,solo,,,,40,12,0,1,1,1,1,14.4,S,,1.2,2026-09-11T22:41:41,324.0,1
tless19,35,0,tless,19,obj_19,8,25,0,,gt,gt,0,fp_solo_render,45.938,,3.69,0.0415,0.604,9.1,6.0,solo,,,,40,10,0,1,1,1,1,14.5,S,,1.9,2026-09-11T22:41:46,0.0,1
tless19,35,0,tless,19,obj_19,8,25,0,,proxy,itodd/obj_000018,0,fp_solo_render,123.094,,6.98,0.0783,0.4507,13.9,6.0,solo,,,,14,3,0,3,0,0,0,0.0,"F,F,F",grasp_failed,1.2,2026-09-11T22:41:48,0.0,1
tless19,35,0,tless,19,obj_19,10,103,0,,gt,gt,0,fp_solo_render,-5.875,,3.65,0.041,0.6575,9.4,6.0,solo,,,,40,8,0,1,1,1,1,14.6,S,,1.9,2026-09-11T22:41:50,36.0,1
tless19,35,0,tless,19,obj_19,10,103,0,,proxy,itodd/obj_000018,0,fp_solo_render,132.5,,6.07,0.0682,0.4881,6.6,6.0,solo,,,,14,4,0,4,0,0,0,0.0,"F,F,F,F",grasp_failed,1.2,2026-09-11T22:41:52,36.0,1
tless19,35,0,tless,19,obj_19,13,144,0,,gt,gt,0,fp_solo_render,18.438,,7.84,0.088,0.3435,23.1,6.2,solo,,,,40,13,0,1,1,1,1,14.8,S,,1.9,2026-09-11T22:41:54,72.0,1
tless19,35,0,tless,19,obj_19,13,144,0,,proxy,itodd/obj_000018,0,fp_solo_render,124.156,,12.68,0.1424,0.2554,28.7,6.2,solo,,,,14,5,2,3,0,0,0,0.0,"F,F,F,B,B",grasp_failed,1.3,2026-09-11T22:41:56,72.0,1
tless19,35,0,tless,19,obj_19,14,74,0,,gt,gt,0,fp_solo_render,0.625,,5.23,0.0588,0.4362,13.8,6.2,solo,,,,40,4,0,4,0,0,0,0.0,"F,F,F,F",grasp_failed,1.9,2026-09-11T22:41:59,108.0,1
tless19,35,0,tless,19,obj_19,14,74,0,,proxy,itodd/obj_000018,0,fp_solo_render,129.672,,10.59,0.1189,0.3598,20.3,6.2,solo,,,,14,8,0,3,1,0,1,14.6,"F,F,S",,1.2,2026-09-11T22:42:01,108.0,1
tless19,35,0,tless,19,obj_19,8,46,0,,gt,gt,0,fp_solo_render,31.375,,2.8,0.0315,0.8323,6.2,6.0,solo,,,,40,7,0,1,1,1,1,14.6,S,,1.9,2026-09-11T22:42:03,144.0,1
tless19,35,0,tless,19,obj_19,8,46,0,,proxy,itodd/obj_000018,0,fp_solo_render,135.281,,6.01,0.0675,0.508,5.9,6.0,solo,,,,14,5,0,5,0,0,0,0.0,"F,F,F,F,F",grasp_failed,1.2,2026-09-11T22:42:05,144.0,1
tless19,35,0,tless,19,obj_19,10,136,0,,gt,gt,0,fp_solo_render,36.031,,4.25,0.0477,0.6626,11.9,6.0,solo,,,,40,8,0,1,1,1,1,14.9,S,,1.9,2026-09-11T22:42:08,180.0,1
tless19,35,0,tless,19,obj_19,10,136,0,,proxy,itodd/obj_000018,0,fp_solo_render,128.219,,6.75,0.0758,0.437,10.5,6.0,solo,,,,14,5,0,3,1,0,1,14.8,"F,F,S",,1.2,2026-09-11T22:42:10,180.0,1
tless19,35,0,tless,19,obj_19,13,172,0,,gt,gt,0,fp_solo_render,27.312,,8.39,0.0942,0.333,24.6,6.0,solo,,,,40,15,0,1,1,1,1,14.6,S,,2.0,2026-09-11T22:42:12,216.0,1
tless19,35,0,tless,19,obj_19,13,172,0,,proxy,itodd/obj_000018,0,fp_solo_render,123.594,,13.52,0.1518,0.2861,31.2,6.0,solo,,,,14,4,1,3,0,0,0,0.0,"F,F,F,B",grasp_failed,1.2,2026-09-11T22:42:14,216.0,1
tless19,35,0,tless,19,obj_19,14,143,0,,gt,gt,0,fp_solo_render,-12.812,,5.02,0.0564,0.4447,13.6,1.4,solo,,,,40,10,0,1,1,1,1,14.8,S,,1.9,2026-09-11T22:42:16,252.0,1
tless19,35,0,tless,19,obj_19,14,143,0,,proxy,itodd/obj_000018,0,fp_solo_render,136.531,,6.87,0.0771,0.4303,11.2,1.4,solo,,,,14,5,0,1,1,1,1,14.6,S,,1.1,2026-09-11T22:42:18,252.0,1
tless19,35,0,tless,19,obj_19,8,92,0,,gt,gt,0,fp_solo_render,7.125,,4.83,0.0543,0.4618,12.5,5.9,solo,,,,40,8,0,5,0,0,0,0.0,"F,F,F,F,F",grasp_failed,2.1,2026-09-11T22:42:21,288.0,1
tless19,35,0,tless,19,obj_19,8,92,0,,proxy,itodd/obj_000018,0,fp_solo_render,123.297,,7.38,0.0829,0.4118,16.0,5.9,solo,,,,14,7,0,4,1,0,1,15.3,"F,F,F,S",,1.3,2026-09-11T22:42:23,288.0,1
tless19,35,0,tless,19,obj_19,10,176,0,,gt,gt,0,fp_solo_render,11.75,,3.32,0.0373,0.7629,7.5,6.0,solo,,,,40,9,0,1,1,1,1,14.7,S,,1.8,2026-09-11T22:42:25,324.0,1
tless19,35,0,tless,19,obj_19,10,176,0,,proxy,itodd/obj_000018,0,fp_solo_render,127.672,,5.94,0.0667,0.5082,6.1,6.0,solo,,,,14,1,0,1,0,0,0,0.0,F,grasp_failed,1.0,2026-09-11T22:42:27,324.0,1
tless20,36,0,tless,20,obj_20,8,144,1,,gt,gt,0,fp_solo_render,18.562,,5.23,0.0529,0.4745,14.0,1.5,solo,,,,40,5,0,3,1,0,1,7.3,"F,F,S",,14.4,2026-09-11T22:42:29,0.0,1
tless20,36,0,tless,20,obj_20,8,144,1,,proxy,itodd/obj_000018,0,fp_solo_render,95.629,,7.67,0.0776,0.3745,15.4,1.5,solo,,,,14,4,0,4,0,0,0,0.0,"F,F,F,F",grasp_failed,1.3,2026-09-11T22:42:44,0.0,1
tless20,36,0,tless,20,obj_20,10,103,1,,gt,gt,0,fp_solo_render,2.062,,3.91,0.0395,0.7246,9.6,2.7,solo,,,,40,4,0,1,1,1,1,15.0,S,,2.0,2026-09-11T22:42:46,36.0,1
tless20,36,0,tless,20,obj_20,10,103,1,,proxy,itodd/obj_000018,0,fp_solo_render,108.859,,5.31,0.0537,0.6163,7.8,2.7,solo,,,,14,4,0,2,1,0,1,14.9,"F,S",,1.2,2026-09-11T22:42:48,36.0,1
tless20,36,0,tless,20,obj_20,13,2,1,,gt,gt,0,fp_solo_render,4.938,,11.53,0.1166,0.3185,35.9,1.8,solo,,,,40,5,1,4,0,0,0,0.0,"F,F,B,F,F",grasp_failed,2.2,2026-09-11T22:42:51,72.0,1
tless20,36,0,tless,20,obj_20,13,2,1,,proxy,itodd/obj_000018,0,fp_solo_render,107.445,,14.87,0.1504,0.2126,38.3,1.8,solo,,,,14,0,0,0,0,0,0,0.0,,unreachable,1.0,2026-09-11T22:42:53,72.0,1
tless20,36,0,tless,20,obj_20,14,132,1,,gt,gt,0,fp_solo_render,2.5,,4.36,0.044,0.6952,11.1,3.7,solo,,,,40,4,0,1,1,1,1,14.9,S,,2.0,2026-09-11T22:42:55,108.0,1
tless20,36,0,tless,20,obj_20,14,132,1,,proxy,itodd/obj_000018,0,fp_solo_render,99.859,,5.99,0.0606,0.5302,12.0,3.7,solo,,,,14,4,0,3,1,0,1,14.5,"F,F,S",,1.3,2026-09-11T22:42:58,108.0,1
tless20,36,0,tless,20,obj_20,8,165,1,,gt,gt,0,fp_solo_render,6.25,,5.64,0.057,0.5698,18.3,7.4,solo,,,,40,4,0,4,0,0,0,0.0,"F,F,F,F",grasp_failed,2.1,2026-09-11T22:43:00,144.0,1
tless20,36,0,tless,20,obj_20,8,165,1,,proxy,itodd/obj_000018,0,fp_solo_render,128.469,,6.64,0.0671,0.48,18.7,7.4,solo,,,,14,6,3,2,1,0,1,14.7,"B,B,F,B,S",,1.4,2026-09-11T22:43:02,144.0,1
tless20,36,0,tless,20,obj_20,10,136,1,,gt,gt,0,fp_solo_render,6.938,,4.71,0.0476,0.604,12.3,1.8,solo,,,,40,8,0,5,0,0,0,0.0,"F,F,F,F,F",grasp_failed,2.4,2026-09-11T22:43:05,180.0,1
tless20,36,0,tless,20,obj_20,10,136,1,,proxy,itodd/obj_000018,0,fp_solo_render,103.436,,6.18,0.0625,0.5477,12.1,1.8,solo,,,,14,4,0,1,1,1,1,14.7,S,,1.1,2026-09-11T22:43:07,180.0,1
tless20,36,0,tless,20,obj_20,13,55,2,,gt,gt,0,fp_solo_render,17.688,,10.63,0.1075,0.3271,29.3,1.6,solo,,,,40,7,0,1,1,1,1,14.8,S,,2.0,2026-09-11T22:43:09,216.0,1
tless20,36,0,tless,20,obj_20,13,55,2,,proxy,itodd/obj_000018,0,fp_solo_render,98.161,,11.85,0.1198,0.2613,27.6,1.6,solo,,,,14,3,0,1,1,1,1,14.8,S,,1.1,2026-09-11T22:43:11,216.0,1
tless20,36,0,tless,20,obj_20,14,147,1,,gt,gt,0,fp_solo_render,7.562,,3.58,0.0362,0.6579,8.9,2.5,solo,,,,40,7,0,4,1,0,1,14.5,"F,F,F,S",,2.2,2026-09-11T22:43:14,252.0,1
tless20,36,0,tless,20,obj_20,14,147,1,,proxy,itodd/obj_000018,0,fp_solo_render,117.859,,5.2,0.0526,0.6099,7.6,2.5,solo,,,,14,4,0,1,1,1,1,14.6,S,,1.1,2026-09-11T22:43:16,252.0,1
tless20,36,0,tless,20,obj_20,8,178,1,,gt,gt,0,fp_solo_render,12.938,,5.92,0.0599,0.4867,16.5,1.7,solo,,,,40,5,0,4,1,0,1,14.8,"F,F,F,S",,2.3,2026-09-11T22:43:18,288.0,1
tless20,36,0,tless,20,obj_20,8,178,1,,proxy,itodd/obj_000018,0,fp_solo_render,123.578,,6.5,0.0658,0.4736,14.2,1.7,solo,,,,14,3,0,3,0,0,0,0.0,"F,F,F",grasp_failed,1.2,2026-09-11T22:43:21,288.0,1
tless20,36,0,tless,20,obj_20,10,145,1,,gt,gt,0,fp_solo_render,-17.0,,3.51,0.0355,0.6708,8.1,2.2,solo,,,,40,7,0,4,1,0,1,10.9,"F,F,F,S",,2.5,2026-09-11T22:43:23,324.0,1
tless20,36,0,tless,20,obj_20,10,145,1,,proxy,itodd/obj_000018,0,fp_solo_render,105.355,,6.69,0.0676,0.5549,12.2,2.2,solo,,,,14,4,0,1,1,1,1,15.1,S,,1.1,2026-09-11T22:43:26,324.0,1
tless21,37,0,tless,21,obj_21,8,1,2,,gt,gt,0,fp_solo_render,58.375,,4.41,0.0478,0.5752,12.1,1.4,solo,,,,40,11,0,5,1,0,1,11.8,"F,F,F,F,S",,3.5,2026-09-11T22:43:29,0.0,1
tless21,37,0,tless,21,obj_21,8,1,2,,proxy,itodd/obj_000026,0,fp_solo_render,129.5,,8.12,0.088,0.3438,15.6,1.4,solo,,,,18,10,0,1,1,1,1,13.7,S,,1.2,2026-09-11T22:43:32,0.0,1
tless21,37,0,tless,21,obj_21,10,20,2,,gt,gt,0,fp_solo_render,-13.688,,5.83,0.0632,0.4674,18.6,1.7,solo,,,,40,8,0,1,1,1,1,13.7,S,,3.3,2026-09-11T22:43:37,36.0,1
tless21,37,0,tless,21,obj_21,10,20,2,,proxy,itodd/obj_000026,0,fp_solo_render,127.078,,13.74,0.149,0.2043,31.8,1.7,solo,,,,18,2,1,1,0,0,0,0.0,"F,B",grasp_failed,1.2,2026-09-11T22:43:40,36.0,1
tless21,37,0,tless,21,obj_21,13,2,3,,gt,gt,0,fp_solo_render,-16.125,,11.93,0.1293,0.2772,34.9,1.4,solo,,,,40,8,0,5,0,0,0,0.0,"F,F,F,F,F",grasp_failed,3.7,2026-09-11T22:43:44,72.0,1
tless21,37,0,tless,21,obj_21,13,2,3,,proxy,itodd/obj_000026,0,fp_solo_render,126.656,,22.23,0.2409,0.0943,49.2,1.4,solo,,,,18,6,1,3,1,0,1,6.0,"F,F,B,S",,1.6,2026-09-11T22:43:48,72.0,1
tless21,37,0,tless,21,obj_21,8,115,2,,gt,gt,0,fp_solo_render,-19.0,,3.13,0.0339,0.7931,8.2,1.7,solo,,,,40,14,0,5,0,0,0,0.0,"F,F,F,F,F",grasp_failed,3.4,2026-09-11T22:43:53,108.0,1
tless21,37,0,tless,21,obj_21,8,115,2,,proxy,itodd/obj_000026,0,fp_solo_render,131.266,,6.9,0.0748,0.3642,9.3,1.7,solo,,,,18,4,0,2,1,0,1,14.6,"F,S",,1.2,2026-09-11T22:43:56,108.0,1
tless21,37,0,tless,21,obj_21,10,54,2,,gt,gt,0,fp_solo_render,-6.562,,6.75,0.0732,0.429,20.0,1.4,solo,,,,40,15,0,2,1,0,1,7.5,"F,S",,3.5,2026-09-11T22:44:01,144.0,1
tless21,37,0,tless,21,obj_21,10,54,2,,proxy,itodd/obj_000026,0,fp_solo_render,128.016,,16.65,0.1805,0.175,35.4,1.4,solo,,,,18,10,1,2,1,0,1,8.4,"F,B,S",,1.4,2026-09-11T22:44:04,144.0,1
tless21,37,0,tless,21,obj_21,13,20,3,,gt,gt,0,fp_solo_render,-6.562,,10.1,0.1095,0.3067,29.8,1.4,solo,,,,40,12,0,5,0,0,0,0.0,"F,F,F,F,F",grasp_failed,3.5,2026-09-11T22:44:09,180.0,1
tless21,37,0,tless,21,obj_21,13,20,3,,proxy,itodd/obj_000026,0,fp_solo_render,132.812,,12.32,0.1335,0.2145,28.0,1.4,solo,,,,18,6,0,3,1,0,1,14.9,"F,F,S",,1.4,2026-09-11T22:44:13,180.0,1
tless21,37,0,tless,21,obj_21,8,144,2,,gt,gt,0,fp_solo_render,0.625,,4.3,0.0466,0.5924,12.7,1.8,solo,,,,40,13,0,3,1,0,1,7.2,"F,F,S",,3.5,2026-09-11T22:44:17,216.0,1
tless21,37,0,tless,21,obj_21,8,144,2,,proxy,itodd/obj_000026,0,fp_solo_render,132.75,,7.24,0.0785,0.3778,9.6,1.8,solo,,,,18,3,0,2,1,0,1,13.7,"F,S",,1.2,2026-09-11T22:44:21,216.0,1
tless21,37,0,tless,21,obj_21,10,103,2,,gt,gt,0,fp_solo_render,-0.125,,3.39,0.0367,0.7776,8.9,1.4,solo,,,,40,14,0,1,1,1,1,10.4,S,,3.2,2026-09-11T22:44:25,252.0,1
tless21,37,0,tless,21,obj_21,10,103,2,,proxy,itodd/obj_000026,0,fp_solo_render,133.156,,10.03,0.1087,0.2836,22.8,1.4,solo,,,,18,4,0,1,1,1,1,9.0,S,,1.2,2026-09-11T22:44:28,252.0,1
tless21,37,0,tless,21,obj_21,13,32,3,,gt,gt,0,fp_solo_render,7.188,,9.33,0.1012,0.3579,26.2,1.4,solo,,,,40,14,0,5,0,0,0,0.0,"F,F,F,F,F",grasp_failed,3.3,2026-09-11T22:44:33,288.0,1
tless21,37,0,tless,21,obj_21,13,32,3,,proxy,itodd/obj_000026,0,fp_solo_render,122.281,,13.6,0.1474,0.1809,27.7,1.4,solo,,,,18,10,0,1,1,1,1,14.5,S,,1.3,2026-09-11T22:44:36,288.0,1
tless21,37,0,tless,21,obj_21,8,194,2,,gt,gt,0,fp_solo_render,9.812,,5.18,0.0562,0.4725,13.3,1.4,solo,,,,40,16,0,5,0,0,0,0.0,"F,F,F,F,F",grasp_failed,3.5,2026-09-11T22:44:41,324.0,1
tless21,37,0,tless,21,obj_21,8,194,2,,proxy,itodd/obj_000026,0,fp_solo_render,140.406,,7.1,0.0769,0.3201,12.2,1.4,solo,,,,18,3,0,3,0,0,0,0.0,"F,F,F",grasp_failed,1.4,2026-09-11T22:44:44,324.0,1
tless22,38,0,tless,22,obj_22,8,58,3,,gt,gt,0,fp_solo_render,1.062,,3.7,0.0401,0.6772,8.8,1.4,solo,,,,39,12,0,1,1,1,1,8.1,S,,3.4,2026-09-11T22:44:50,0.0,1
tless22,38,0,tless,22,obj_22,8,58,3,,proxy,itodd/obj_000026,0,fp_solo_render,138.562,,8.25,0.0895,0.3673,18.3,1.4,solo,,,,18,5,0,1,1,1,1,14.8,S,,1.3,2026-09-11T22:44:53,0.0,1
tless22,38,0,tless,22,obj_22,10,5,3,,gt,gt,0,fp_solo_render,30.438,,7.45,0.0808,0.3803,22.9,1.4,solo,,,,39,8,0,1,1,1,1,14.8,S,,3.3,2026-09-11T22:44:58,36.0,1
tless22,38,0,tless,22,obj_22,10,5,3,,proxy,itodd/obj_000026,0,fp_solo_render,126.078,,15.49,0.1679,0.1517,35.6,1.4,solo,,,,18,7,0,1,1,1,1,13.8,S,,1.3,2026-09-11T22:45:01,36.0,1
tless22,38,0,tless,22,obj_22,14,2,3,,gt,gt,0,fp_solo_render,12.375,,7.58,0.0822,0.4299,21.6,1.4,solo,,,,39,11,0,1,1,1,1,14.8,S,,3.5,2026-09-11T22:45:06,72.0,1
tless22,38,0,tless,22,obj_22,14,2,3,,proxy,itodd/obj_000026,0,fp_solo_render,137.625,,10.78,0.1168,0.246,22.7,1.4,solo,,,,18,9,0,2,1,0,1,5.7,"F,S",,1.4,2026-09-11T22:45:09,72.0,1
tless22,38,0,tless,22,obj_22,8,136,3,,gt,gt,0,fp_solo_render,-3.188,,3.02,0.0328,0.7581,7.1,1.4,solo,,,,39,12,0,2,1,0,1,14.9,"F,S",,3.4,2026-09-11T22:45:14,108.0,1
tless22,38,0,tless,22,obj_22,8,136,3,,proxy,itodd/obj_000026,0,fp_solo_render,128.594,,8.27,0.0896,0.3491,16.5,1.4,solo,,,,18,6,0,3,1,0,1,7.2,"F,F,S",,1.6,2026-09-11T22:45:17,108.0,1
tless22,38,0,tless,22,obj_22,10,29,3,,gt,gt,0,fp_solo_render,5.062,,5.23,0.0567,0.4959,16.4,1.4,solo,,,,39,8,0,1,1,1,1,7.4,S,,3.4,2026-09-11T22:45:22,144.0,1
tless22,38,0,tless,22,obj_22,10,29,3,,proxy,itodd/obj_000026,0,fp_solo_render,137.844,,8.98,0.0973,0.3312,19.0,1.4,solo,,,,18,7,0,1,1,1,1,10.0,S,,1.3,2026-09-11T22:45:26,144.0,1
tless22,38,0,tless,22,obj_22,14,34,3,,gt,gt,0,fp_solo_render,-14.188,,5.34,0.0579,0.4808,16.4,1.4,solo,,,,39,8,0,1,1,1,1,8.7,S,,3.3,2026-09-11T22:45:30,180.0,1
tless22,38,0,tless,22,obj_22,14,34,3,,proxy,itodd/obj_000026,0,fp_solo_render,131.734,,12.44,0.1349,0.2039,28.0,1.4,solo,,,,18,9,0,1,1,1,1,14.0,S,,1.3,2026-09-11T22:45:34,180.0,1
tless22,38,0,tless,22,obj_22,8,165,3,,gt,gt,0,fp_solo_render,7.25,,6.81,0.0738,0.439,18.7,1.4,solo,,,,39,13,0,5,1,0,1,6.3,"F,F,F,F,S",,3.8,2026-09-11T22:45:38,216.0,1
tless22,38,0,tless,22,obj_22,8,165,3,,proxy,itodd/obj_000026,0,fp_solo_render,133.906,,13.05,0.1415,0.2301,32.8,1.4,solo,,,,18,4,0,4,0,0,0,0.0,"F,F,F,F",grasp_failed,1.5,2026-09-11T22:45:42,216.0,1
tless22,38,0,tless,22,obj_22,10,65,3,,gt,gt,0,fp_solo_render,148.625,,7.49,0.0812,0.401,22.4,1.4,solo,,,,39,13,0,2,1,0,1,6.2,"F,S",,3.5,2026-09-11T22:45:47,252.0,1
tless22,38,0,tless,22,obj_22,10,65,3,,proxy,itodd/obj_000026,0,fp_solo_render,137.312,,16.15,0.175,0.1737,36.3,1.4,solo,,,,18,6,0,2,1,0,1,5.1,"F,S",,1.4,2026-09-11T22:45:50,252.0,1
tless22,38,0,tless,22,obj_22,14,65,3,,gt,gt,0,fp_solo_render,-19.438,,6.64,0.072,0.4121,21.2,1.4,solo,,,,39,10,0,4,1,0,1,14.2,"F,F,F,S",,3.6,2026-09-11T22:45:55,288.0,1
tless22,38,0,tless,22,obj_22,14,65,3,,proxy,itodd/obj_000026,0,fp_solo_render,132.406,,15.05,0.1631,0.1508,34.0,1.4,solo,,,,18,10,0,1,1,1,1,6.3,S,,1.3,2026-09-11T22:45:59,288.0,1
tless22,38,0,tless,22,obj_22,8,207,3,,gt,gt,0,fp_solo_render,-16.562,,4.35,0.0472,0.5713,12.6,1.4,solo,,,,39,10,0,2,1,0,1,14.7,"F,S",,3.5,2026-09-11T22:46:03,324.0,1
tless22,38,0,tless,22,obj_22,8,207,3,,proxy,itodd/obj_000026,0,fp_solo_render,137.844,,10.26,0.1112,0.3204,24.1,1.4,solo,,,,18,11,0,3,1,0,1,7.8,"F,F,S",,1.5,2026-09-11T22:46:07,324.0,1
tless23,39,0,tless,23,obj_23,8,1,4,,gt,gt,0,fp_solo_render,18.25,,4.93,0.0346,0.6874,12.6,1.5,solo,,,,40,2,0,2,1,0,1,14.8,"F,S",,19.4,2026-09-11T22:46:12,0.0,1
tless23,39,0,tless,23,obj_23,8,1,4,,proxy,itodd/obj_000001,0,fp_solo_render,129.75,,26.46,0.1856,0.0874,42.5,1.5,solo,,,,31,13,0,1,1,1,1,14.4,S,,3.3,2026-09-11T22:46:31,0.0,1
tless23,39,0,tless,23,obj_23,10,29,4,,gt,gt,0,fp_solo_render,15.062,,6.48,0.0455,0.622,15.7,1.5,solo,,,,40,4,0,1,1,1,1,15.0,S,,1.8,2026-09-11T22:46:35,36.0,1
tless23,39,0,tless,23,obj_23,10,29,4,,proxy,itodd/obj_000001,0,fp_solo_render,122.656,,20.05,0.1406,0.1631,31.7,1.5,solo,,,,31,2,0,2,0,0,0,0.0,"F,F",grasp_failed,1.4,2026-09-11T22:46:37,36.0,1
tless23,39,0,tless,23,obj_23,13,124,5,,gt,gt,0,fp_solo_render,5.125,,7.6,0.0533,0.5062,21.1,1.5,solo,,,,40,5,0,2,1,0,1,14.5,"F,S",,1.9,2026-09-11T22:46:40,72.0,1
tless23,39,0,tless,23,obj_23,13,124,5,,proxy,itodd/obj_000001,0,fp_solo_render,145.281,,16.34,0.1146,0.1667,26.6,1.5,solo,,,,31,10,0,5,0,0,0,0.0,"F,F,F,F,F",grasp_failed,1.4,2026-09-11T22:46:42,72.0,1
tless23,39,0,tless,23,obj_23,14,143,5,,gt,gt,0,fp_solo_render,18.75,,5.16,0.0362,0.7666,14.6,1.5,solo,,,,40,7,0,2,1,0,1,14.7,"F,S",,1.9,2026-09-11T22:46:44,108.0,1
tless23,39,0,tless,23,obj_23,14,143,5,,proxy,itodd/obj_000001,0,fp_solo_render,137.875,,18.25,0.128,0.1691,32.5,1.5,solo,,,,31,6,2,4,0,0,0,0.0,"F,F,B,F,B,F",grasp_failed,1.6,2026-09-11T22:46:46,108.0,1
tless23,39,0,tless,23,obj_23,8,18,4,,gt,gt,0,fp_solo_render,36.5,,4.6,0.0323,0.7507,10.5,1.5,solo,,,,40,9,0,4,1,0,1,12.3,"F,F,F,S",,2.0,2026-09-11T22:46:49,144.0,1
tless23,39,0,tless,23,obj_23,8,18,4,,proxy,itodd/obj_000001,0,fp_solo_render,136.625,,16.82,0.118,0.245,28.8,1.5,solo,,,,31,1,0,1,1,1,1,13.7,S,,1.2,2026-09-11T22:46:51,144.0,1
tless23,39,0,tless,23,obj_23,10,35,4,,gt,gt,0,fp_solo_render,56.094,,5.44,0.0382,0.7461,16.3,1.5,solo,,,,40,8,0,2,1,0,1,14.9,"F,S",,1.9,2026-09-11T22:46:53,180.0,1
tless23,39,0,tless,23,obj_23,10,35,4,,proxy,itodd/obj_000001,0,fp_solo_render,123.703,,20.77,0.1457,0.1759,30.2,1.5,solo,,,,31,5,1,4,0,0,0,0.0,"F,F,B,F,F",grasp_failed,1.4,2026-09-11T22:46:55,180.0,1
tless23,39,0,tless,23,obj_23,13,213,5,,gt,gt,0,fp_solo_render,8.375,,8.26,0.058,0.5146,24.3,1.5,solo,,,,40,6,0,1,1,1,1,14.8,S,,1.8,2026-09-11T22:46:58,216.0,1
tless23,39,0,tless,23,obj_23,13,213,5,,proxy,itodd/obj_000001,0,fp_solo_render,138.406,,15.98,0.1121,0.2401,30.9,1.5,solo,,,,31,1,0,1,1,1,1,7.7,S,,1.2,2026-09-11T22:47:00,216.0,1
tless23,39,0,tless,23,obj_23,14,147,5,,gt,gt,0,fp_solo_render,22.875,,3.77,0.0264,0.9423,9.1,1.5,solo,,,,40,7,0,3,1,0,1,15.0,"F,F,S",,2.0,2026-09-11T22:47:02,252.0,1
tless23,39,0,tless,23,obj_23,14,147,5,,proxy,itodd/obj_000001,0,fp_solo_render,133.25,,12.99,0.0911,0.2971,15.2,1.5,solo,,,,31,2,0,1,1,1,1,10.3,S,,1.2,2026-09-11T22:47:04,252.0,1
tless23,39,0,tless,23,obj_23,8,34,4,,gt,gt,0,fp_solo_render,11.75,,2.29,0.0161,1.0,6.0,1.5,solo,,,,40,6,0,2,1,0,1,14.5,"F,S",,1.9,2026-09-11T22:47:06,288.0,1
tless23,39,0,tless,23,obj_23,8,34,4,,proxy,itodd/obj_000001,0,fp_solo_render,140.156,,14.75,0.1034,0.2178,21.0,1.5,solo,,,,31,10,0,1,1,1,1,14.7,S,,1.2,2026-09-11T22:47:08,288.0,1
tless23,39,0,tless,23,obj_23,10,71,4,,gt,gt,0,fp_solo_render,33.188,,7.01,0.0492,0.6421,23.4,1.5,solo,,,,40,5,0,1,1,1,1,14.8,S,,1.8,2026-09-11T22:47:11,324.0,1
tless23,39,0,tless,23,obj_23,10,71,4,,proxy,itodd/obj_000001,0,fp_solo_render,130.781,,20.2,0.1417,0.1519,36.9,1.5,solo,,,,31,5,0,1,1,1,1,13.3,S,,1.2,2026-09-11T22:47:13,324.0,1
tless24,40,0,tless,24,obj_24,8,84,5,,gt,gt,0,fp_solo_render,51.656,,5.75,0.0679,0.4356,12.9,1.4,solo,,,,37,4,0,2,1,0,1,14.6,"F,S",,3.0,2026-09-11T22:47:16,0.0,1
tless24,40,0,tless,24,obj_24,8,84,5,,proxy,housecat6d/bottle-sanitizer_small_white,1,fp_solo_render,135.562,,7.19,0.0849,0.3367,12.8,1.4,solo,,,,40,6,0,1,1,1,1,14.6,S,,4.8,2026-09-11T22:47:19,0.0,1
tless24,40,0,tless,24,obj_24,10,5,5,,gt,gt,0,fp_solo_render,53.469,,9.27,0.1094,0.2681,20.8,1.4,solo,,,,37,8,0,1,1,1,1,14.7,S,,2.7,2026-09-11T22:47:25,36.0,1
tless24,40,0,tless,24,obj_24,10,5,5,,proxy,housecat6d/bottle-sanitizer_small_white,1,fp_solo_render,125.625,,12.75,0.1504,0.1896,26.3,1.4,solo,,,,40,11,0,1,1,1,1,14.5,S,,4.0,2026-09-11T22:47:28,36.0,1
tless24,40,0,tless,24,obj_24,14,147,6,,gt,gt,0,fp_solo_render,43.594,,3.92,0.0463,0.5508,8.2,1.4,solo,,,,37,9,0,1,1,1,1,14.7,S,,2.7,2026-09-11T22:47:33,72.0,1
tless24,40,0,tless,24,obj_24,14,147,6,,proxy,housecat6d/bottle-sanitizer_small_white,1,fp_solo_render,137.094,,5.59,0.0659,0.4948,8.6,1.4,solo,,,,40,7,0,1,1,1,1,14.8,S,,4.0,2026-09-11T22:47:36,72.0,1
tless24,40,0,tless,24,obj_24,19,161,7,,gt,gt,0,fp_solo_render,51.656,,7.56,0.0892,0.3267,17.5,1.4,solo,,,,37,5,0,3,1,0,1,14.4,"F,F,S",,2.9,2026-09-11T22:47:42,108.0,1
tless24,40,0,tless,24,obj_24,19,161,7,,proxy,housecat6d/bottle-sanitizer_small_white,1,fp_solo_render,134.156,,7.73,0.0912,0.3417,14.7,1.4,solo,,,,40,2,0,1,1,1,1,14.9,S,,4.0,2026-09-11T22:47:45,108.0,1
tless24,40,0,tless,24,obj_24,8,100,5,,gt,gt,0,fp_solo_render,47.812,,5.5,0.0649,0.4485,12.3,1.4,solo,,,,37,4,0,1,1,1,1,14.9,S,,2.8,2026-09-11T22:47:50,144.0,1
tless24,40,0,tless,24,obj_24,8,100,5,,proxy,housecat6d/bottle-sanitizer_small_white,1,fp_solo_render,136.281,,6.27,0.074,0.4224,10.9,1.4,solo,,,,40,2,0,1,1,1,1,14.9,S,,4.2,2026-09-11T22:47:53,144.0,1
tless24,40,0,tless,24,obj_24,10,13,5,,gt,gt,0,fp_solo_render,55.719,,8.66,0.1023,0.2852,19.6,1.4,solo,,,,37,4,0,1,1,1,1,14.7,S,,2.8,2026-09-11T22:47:58,180.0,1
tless24,40,0,tless,24,obj_24,10,13,5,,proxy,housecat6d/bottle-sanitizer_small_white,1,fp_solo_render,127.109,,9.88,0.1166,0.2391,20.0,1.4,solo,,,,40,13,0,1,1,1,1,14.5,S,,4.2,2026-09-11T22:48:01,180.0,1
tless24,40,0,tless,24,obj_24,14,166,6,,gt,gt,0,fp_solo_render,52.438,,4.39,0.0518,0.5117,8.8,1.4,solo,,,,37,2,0,1,1,1,1,14.8,S,,2.8,2026-09-11T22:48:07,216.0,1
tless24,40,0,tless,24,obj_24,14,166,6,,proxy,housecat6d/bottle-sanitizer_small_white,1,fp_solo_render,132.281,,11.16,0.1317,0.2655,23.0,1.4,solo,,,,40,10,0,1,1,1,1,14.9,S,,4.2,2026-09-11T22:48:10,216.0,1
tless24,40,0,tless,24,obj_24,19,225,7,,gt,gt,0,fp_solo_render,49.75,,9.41,0.1111,0.2501,22.7,1.4,solo,,,,37,17,0,1,1,1,1,14.5,S,,2.8,2026-09-11T22:48:15,252.0,1
tless24,40,0,tless,24,obj_24,19,225,7,,proxy,housecat6d/bottle-sanitizer_small_white,1,fp_solo_render,138.0,,22.34,0.2637,0.1358,43.6,1.4,solo,,,,40,2,2,0,0,0,0,0.0,"B,B",all_blocked,4.3,2026-09-11T22:48:18,252.0,1
tless24,40,0,tless,24,obj_24,8,136,5,,gt,gt,0,fp_solo_render,44.094,,3.15,0.0371,0.6658,6.6,1.4,solo,,,,37,7,0,1,1,1,1,14.8,S,,2.7,2026-09-11T22:48:24,288.0,1
tless24,40,0,tless,24,obj_24,8,136,5,,proxy,housecat6d/bottle-sanitizer_small_white,1,fp_solo_render,130.531,,5.54,0.0654,0.4626,7.7,1.4,solo,,,,40,9,0,2,1,0,1,14.9,"F,S",,4.2,2026-09-11T22:48:26,288.0,1
tless24,40,0,tless,24,obj_24,10,20,5,,gt,gt,0,fp_solo_render,48.875,,7.41,0.0874,0.3634,17.3,1.4,solo,,,,37,6,0,1,1,1,1,14.8,S,,2.7,2026-09-11T22:48:32,324.0,1
tless24,40,0,tless,24,obj_24,10,20,5,,proxy,housecat6d/bottle-sanitizer_small_white,1,fp_solo_render,131.656,,10.15,0.1198,0.2652,21.4,1.4,solo,,,,40,16,0,1,1,1,1,14.9,S,,4.1,2026-09-11T22:48:35,324.0,1
tless25,41,0,tless,25,obj_25,1,17,1,,gt,gt,0,fp_solo_render,-4.125,,4.96,0.0456,0.6878,14.5,1.5,solo,,,,40,7,3,4,0,0,0,0.0,"F,F,F,F,B,B,B",grasp_failed,2.5,2026-09-11T22:48:40,0.0,1
tless25,41,0,tless,25,obj_25,1,17,1,,proxy,gso/Avengers_Thor_PLlrpYniaeB,1,fp_solo_render,121.453,,90.1,0.8281,0.0443,159.5,1.5,solo,,,,38,3,1,2,0,0,0,0.0,"F,B,F",grasp_failed,4.5,2026-09-11T22:48:43,0.0,1
tless25,41,0,tless,25,obj_25,15,392,0,,gt,gt,0,fp_solo_render,26.0,,12.74,0.1171,0.2198,28.3,1.5,solo,,,,40,15,0,5,0,0,0,0.0,"F,F,F,F,F",grasp_failed,2.3,2026-09-11T22:48:49,36.0,1
tless25,41,0,tless,25,obj_25,15,392,0,,proxy,gso/Avengers_Thor_PLlrpYniaeB,1,fp_solo_render,136.375,,76.8,0.7059,0.0314,131.6,1.5,solo,,,,38,3,0,3,0,0,0,0.0,"F,F,F",grasp_failed,2.4,2026-09-11T22:48:51,36.0,1
tless25,41,0,tless,25,obj_25,1,89,1,,gt,gt,0,fp_solo_render,20.875,,4.93,0.0453,0.6072,12.0,1.5,solo,,,,40,5,0,5,0,0,0,0.0,"F,F,F,F,F",grasp_failed,2.3,2026-09-11T22:48:55,72.0,1
tless25,41,0,tless,25,obj_25,1,89,1,,proxy,gso/Avengers_Thor_PLlrpYniaeB,1,fp_solo_render,121.031,,77.28,0.7103,0.0562,126.2,1.5,solo,,,,38,2,1,1,0,0,0,0.0,"F,B",grasp_failed,2.4,2026-09-11T22:48:58,72.0,1
tless25,41,0,tless,25,obj_25,15,445,0,,gt,gt,0,fp_solo_render,35.875,,14.86,0.1366,0.2487,32.9,1.5,solo,,,,40,10,0,5,0,0,0,0.0,"F,F,F,F,F",grasp_failed,2.3,2026-09-11T22:49:01,108.0,1
tless25,41,0,tless,25,obj_25,15,445,0,,proxy,gso/Avengers_Thor_PLlrpYniaeB,1,fp_solo_render,132.906,,76.38,0.702,0.0357,130.8,1.5,solo,,,,38,10,1,5,0,0,0,0.0,"F,B,F,F,F,F",grasp_failed,2.6,2026-09-11T22:49:04,108.0,1
tless25,41,0,tless,25,obj_25,1,101,1,,gt,gt,0,fp_solo_render,18.125,,4.76,0.0437,0.6265,11.2,1.5,solo,,,,40,5,0,5,0,0,0,0.0,"F,F,F,F,F",grasp_failed,2.3,2026-09-11T22:49:08,144.0,1
tless25,41,0,tless,25,obj_25,1,101,1,,proxy,gso/Avengers_Thor_PLlrpYniaeB,1,fp_solo_render,120.125,,79.55,0.7312,0.0217,117.8,1.5,solo,,,,38,2,0,2,0,0,0,0.0,"F,F",grasp_failed,2.3,2026-09-11T22:49:10,144.0,1
tless25,41,0,tless,25,obj_25,1,127,1,,gt,gt,0,fp_solo_render,7.438,,2.35,0.0216,1.0,5.2,1.5,solo,,,,40,13,0,1,1,1,1,14.8,S,,2.3,2026-09-11T22:49:14,180.0,1
tless25,41,0,tless,25,obj_25,1,127,1,,proxy,gso/Avengers_Thor_PLlrpYniaeB,1,fp_solo_render,99.749,,85.72,0.7878,0.0292,141.8,1.5,solo,,,,38,2,0,2,0,0,0,0.0,"F,F",grasp_failed,2.4,2026-09-11T22:49:16,180.0,1
tless25,41,0,tless,25,obj_25,1,157,1,,gt,gt,0,fp_solo_render,10.125,,7.62,0.07,0.3804,17.5,1.5,solo,,,,40,15,0,3,1,0,1,15.0,"F,F,S",,2.4,2026-09-11T22:49:20,216.0,1
tless25,41,0,tless,25,obj_25,1,157,1,,proxy,gso/Avengers_Thor_PLlrpYniaeB,1,fp_solo_render,126.438,,101.42,0.9321,0.0207,181.3,1.5,solo,,,,38,0,0,0,0,0,0,0.0,,unreachable,2.3,2026-09-11T22:49:23,216.0,1
tless25,41,0,tless,25,obj_25,1,176,1,,gt,gt,0,fp_solo_render,8.062,,8.19,0.0753,0.2553,17.7,1.5,solo,,,,40,12,0,3,1,0,1,14.7,"F,F,S",,2.3,2026-09-11T22:49:26,252.0,1
tless25,41,0,tless,25,obj_25,1,176,1,,proxy,gso/Avengers_Thor_PLlrpYniaeB,1,fp_solo_render,117.344,,87.84,0.8073,0.0379,155.7,1.5,solo,,,,38,0,0,0,0,0,0,0.0,,unreachable,2.2,2026-09-11T22:49:29,252.0,1
tless25,41,0,tless,25,obj_25,1,197,1,,gt,gt,0,fp_solo_render,21.062,,4.56,0.0419,0.6112,12.0,1.5,solo,,,,40,13,0,1,1,1,1,14.7,S,,2.2,2026-09-11T22:49:32,288.0,1
tless25,41,0,tless,25,obj_25,1,197,1,,proxy,gso/Avengers_Thor_PLlrpYniaeB,1,fp_solo_render,101.331,,84.62,0.7778,0.0435,145.6,1.5,solo,,,,38,3,0,3,0,0,0,0.0,"F,F,F",grasp_failed,2.5,2026-09-11T22:49:35,288.0,1
tless25,41,0,tless,25,obj_25,1,230,1,,gt,gt,0,fp_solo_render,18.188,,11.0,0.1011,0.1948,24.5,1.5,solo,,,,40,12,0,3,1,0,1,14.7,"F,F,S",,2.3,2026-09-11T22:49:39,324.0,1
tless25,41,0,tless,25,obj_25,1,230,1,,proxy,gso/Avengers_Thor_PLlrpYniaeB,1,fp_solo_render,140.656,,80.77,0.7424,0.0478,146.9,1.5,solo,,,,38,4,1,3,0,0,0,0.0,"F,F,F,B",grasp_failed,2.5,2026-09-11T22:49:41,324.0,1
tless26,42,0,tless,26,obj_26,4,331,2,,gt,gt,0,fp_solo_render,24.375,,12.52,0.1151,0.1889,26.9,1.5,solo,,,,40,9,0,4,1,0,1,14.9,"F,F,F,S",,10.9,2026-09-11T22:49:45,0.0,1
tless26,42,0,tless,26,obj_26,4,331,2,,proxy,gso/Avengers_Thor_PLlrpYniaeB,1,fp_solo_render,136.594,,68.98,0.634,0.0252,107.3,1.5,solo,,,,38,0,0,0,0,0,0,0.0,,unreachable,2.2,2026-09-11T22:49:56,0.0,1
tless26,42,0,tless,26,obj_26,15,28,1,,gt,gt,0,fp_solo_render,9.688,,7.62,0.07,0.4099,17.6,1.5,solo,,,,40,4,0,1,1,1,1,14.9,S,,2.2,2026-09-11T22:50:00,36.0,1
tless26,42,0,tless,26,obj_26,15,28,1,,proxy,gso/Avengers_Thor_PLlrpYniaeB,1,fp_solo_render,124.344,,89.15,0.8194,0.0,137.7,1.5,solo,,,,38,0,0,0,0,0,0,0.0,,unreachable,2.2,2026-09-11T22:50:02,36.0,1
tless26,42,0,tless,26,obj_26,4,455,2,,gt,gt,0,fp_solo_render,43.156,,18.72,0.1721,0.186,40.1,1.5,solo,,,,40,3,1,2,0,0,0,0.0,"F,F,B",grasp_failed,2.2,2026-09-11T22:50:06,72.0,1
tless26,42,0,tless,26,obj_26,4,455,2,,proxy,gso/Avengers_Thor_PLlrpYniaeB,1,fp_solo_render,125.188,,68.95,0.6337,0.0507,119.9,1.5,solo,,,,38,0,0,0,0,0,0,0.0,,unreachable,2.2,2026-09-11T22:50:08,72.0,1
tless26,42,0,tless,26,obj_26,15,40,1,,gt,gt,0,fp_solo_render,8.562,,6.95,0.0638,0.4574,15.9,1.5,solo,,,,40,10,0,1,1,1,1,14.8,S,,2.1,2026-09-11T22:50:12,108.0,1
tless26,42,0,tless,26,obj_26,15,40,1,,proxy,gso/Avengers_Thor_PLlrpYniaeB,1,fp_solo_render,116.844,,80.36,0.7386,0.0321,125.7,1.5,solo,,,,38,3,1,2,0,0,0,0.0,"F,B,F",grasp_failed,2.4,2026-09-11T22:50:14,108.0,1
tless26,42,0,tless,26,obj_26,4,479,2,,gt,gt,0,fp_solo_render,41.25,,16.08,0.1478,0.2287,35.1,1.5,solo,,,,40,12,0,5,0,0,0,0.0,"F,F,F,F,F",grasp_failed,2.2,2026-09-11T22:50:18,144.0,1
tless26,42,0,tless,26,obj_26,4,479,2,,proxy,gso/Avengers_Thor_PLlrpYniaeB,1,fp_solo_render,119.438,,73.35,0.6741,0.0674,135.8,1.5,solo,,,,38,0,0,0,0,0,0,0.0,,unreachable,2.2,2026-09-11T22:50:20,144.0,1
tless26,42,0,tless,26,obj_26,15,103,1,,gt,gt,0,fp_solo_render,21.0,,3.64,0.0334,0.7518,8.5,1.5,solo,,,,40,3,0,1,1,1,1,14.4,S,,2.1,2026-09-11T22:50:24,180.0,1
tless26,42,0,tless,26,obj_26,15,103,1,,proxy,gso/Avengers_Thor_PLlrpYniaeB,1,fp_solo_render,121.406,,93.67,0.8609,0.0,151.9,1.5,solo,,,,38,0,0,0,0,0,0,0.0,,unreachable,2.2,2026-09-11T22:50:26,180.0,1
tless26,42,0,tless,26,obj_26,4,497,2,,gt,gt,0,fp_solo_render,25.562,,17.42,0.1601,0.2193,38.0,1.5,solo,,,,40,11,0,5,0,0,0,0.0,"F,F,F,F,F",grasp_failed,2.2,2026-09-11T22:50:30,216.0,1
tless26,42,0,tless,26,obj_26,4,497,2,,proxy,gso/Avengers_Thor_PLlrpYniaeB,1,fp_solo_render,120.625,,71.25,0.6548,0.0375,121.1,1.5,solo,,,,38,2,2,0,0,0,0,0.0,"B,B",all_blocked,2.4,2026-09-11T22:50:32,216.0,1
tless26,42,0,tless,26,obj_26,15,159,1,,gt,gt,0,fp_solo_render,11.812,,4.66,0.0428,0.6654,11.3,1.5,solo,,,,40,7,0,1,1,1,1,14.8,S,,2.1,2026-09-11T22:50:36,252.0,1
tless26,42,0,tless,26,obj_26,15,159,1,,proxy,gso/Avengers_Thor_PLlrpYniaeB,1,fp_solo_render,115.852,,117.23,1.0775,0.0007,203.8,1.5,solo,,,,38,2,0,2,0,0,0,0.0,"F,F",grasp_failed,2.3,2026-09-11T22:50:38,252.0,1
tless26,42,0,tless,26,obj_26,15,175,1,,gt,gt,0,fp_solo_render,13.0,,4.3,0.0395,0.722,9.7,1.5,solo,,,,40,9,0,1,1,1,1,14.8,S,,2.1,2026-09-11T22:50:42,288.0,1
tless26,42,0,tless,26,obj_26,15,175,1,,proxy,gso/Avengers_Thor_PLlrpYniaeB,1,fp_solo_render,130.938,,122.39,1.1249,0.0,195.3,1.5,solo,,,,38,1,0,1,0,0,0,0.0,F,grasp_failed,2.3,2026-09-11T22:50:44,288.0,1
tless26,42,0,tless,26,obj_26,15,183,1,,gt,gt,0,fp_solo_render,18.688,,3.26,0.03,0.7844,7.3,1.5,solo,,,,40,8,0,1,1,1,1,14.7,S,,2.1,2026-09-11T22:50:48,324.0,1
tless26,42,0,tless,26,obj_26,15,183,1,,proxy,gso/Avengers_Thor_PLlrpYniaeB,1,fp_solo_render,114.469,,141.9,1.3042,0.0,226.6,1.5,solo,,,,38,0,0,0,0,0,0,0.0,,unreachable,2.3,2026-09-11T22:50:50,324.0,1
tless27,43,0,tless,27,obj_27,5,7,4,,gt,gt,0,fp_solo_render,42.688,,4.53,0.0297,0.7874,12.2,1.4,solo,,,,40,4,0,1,1,1,1,14.5,S,,9.1,2026-09-11T22:50:54,0.0,1
tless27,43,0,tless,27,obj_27,5,7,4,,proxy,itodd/obj_000027,0,fp_solo_render,135.219,,22.71,0.1489,0.1379,25.4,1.4,solo,,,,40,8,0,1,1,1,1,9.5,S,,1.2,2026-09-11T22:51:03,0.0,1
tless27,43,0,tless,27,obj_27,15,190,2,,gt,gt,0,fp_solo_render,37.25,,3.15,0.0206,1.0,5.2,1.4,solo,,,,40,14,0,1,1,1,1,14.9,S,,2.8,2026-09-11T22:51:05,36.0,1
tless27,43,0,tless,27,obj_27,15,190,2,,proxy,itodd/obj_000027,0,fp_solo_render,146.844,,25.4,0.1666,0.0131,13.4,1.4,solo,,,,40,0,0,0,0,0,0,0.0,,unreachable,1.1,2026-09-11T22:51:08,36.0,1
tless27,43,0,tless,27,obj_27,5,20,4,,gt,gt,0,fp_solo_render,14.75,,5.37,0.0352,0.8164,11.2,1.4,solo,,,,40,2,0,1,1,1,1,14.9,S,,2.8,2026-09-11T22:51:11,72.0,1
tless27,43,0,tless,27,obj_27,5,20,4,,proxy,itodd/obj_000027,0,fp_solo_render,128.281,,23.91,0.1568,0.121,26.0,1.4,solo,,,,40,7,0,5,0,0,0,0.0,"F,F,F,F,F",grasp_failed,1.4,2026-09-11T22:51:13,72.0,1
tless27,43,0,tless,27,obj_27,5,31,4,,gt,gt,0,fp_solo_render,10.938,,3.78,0.0248,0.9575,8.2,1.4,solo,,,,40,1,0,1,0,0,0,0.0,F,grasp_failed,2.6,2026-09-11T22:51:16,108.0,1
tless27,43,0,tless,27,obj_27,5,31,4,,proxy,itodd/obj_000027,0,fp_solo_render,136.156,,22.77,0.1493,0.1322,21.8,1.4,solo,,,,40,1,1,0,0,0,0,0.0,B,all_blocked,1.2,2026-09-11T22:51:19,108.0,1
tless27,43,0,tless,27,obj_27,5,64,4,,gt,gt,0,fp_solo_render,32.625,,4.66,0.0305,0.8514,9.9,1.4,solo,,,,40,16,0,1,1,1,1,14.7,S,,2.7,2026-09-11T22:51:21,144.0,1
tless27,43,0,tless,27,obj_27,5,64,4,,proxy,itodd/obj_000027,0,fp_solo_render,135.344,,21.63,0.1418,0.1527,27.9,1.4,solo,,,,40,10,0,1,1,1,1,14.8,S,,1.2,2026-09-11T22:51:24,144.0,1
tless27,43,0,tless,27,obj_27,5,86,4,,gt,gt,0,fp_solo_render,32.625,,5.34,0.035,0.8072,11.4,1.4,solo,,,,40,9,0,1,1,1,1,14.6,S,,2.7,2026-09-11T22:51:26,180.0,1
tless27,43,0,tless,27,obj_27,5,86,4,,proxy,itodd/obj_000027,0,fp_solo_render,142.844,,24.06,0.1577,0.0616,8.7,1.4,solo,,,,40,10,0,1,1,1,1,13.0,S,,1.3,2026-09-11T22:51:29,180.0,1
tless27,43,0,tless,27,obj_27,5,94,4,,gt,gt,0,fp_solo_render,30.0,,5.75,0.0377,0.7152,11.9,1.4,solo,,,,40,11,0,1,1,1,1,14.1,S,,2.8,2026-09-11T22:51:31,216.0,1
tless27,43,0,tless,27,obj_27,5,94,4,,proxy,itodd/obj_000027,0,fp_solo_render,144.75,,24.12,0.1582,0.0666,10.3,1.4,solo,,,,40,12,0,3,1,0,1,11.9,"F,F,S",,1.4,2026-09-11T22:51:34,216.0,1
tless27,43,0,tless,27,obj_27,5,100,4,,gt,gt,0,fp_solo_render,28.312,,6.05,0.0396,0.6121,11.6,1.4,solo,,,,40,6,0,1,1,1,1,14.6,S,,2.7,2026-09-11T22:51:37,252.0,1
tless27,43,0,tless,27,obj_27,5,100,4,,proxy,itodd/obj_000027,0,fp_solo_render,143.875,,24.43,0.1602,0.057,13.9,1.4,solo,,,,40,8,1,3,1,0,1,13.1,"B,F,F,S",,1.4,2026-09-11T22:51:39,252.0,1
tless27,43,0,tless,27,obj_27,5,171,4,,gt,gt,0,fp_solo_render,34.562,,8.66,0.0568,0.4253,16.9,1.4,solo,,,,40,0,0,0,0,0,0,0.0,,unreachable,2.7,2026-09-11T22:51:42,288.0,1
tless27,43,0,tless,27,obj_27,5,171,4,,proxy,itodd/obj_000027,0,fp_solo_render,146.281,,24.47,0.1605,0.0807,18.5,1.4,solo,,,,40,14,0,1,1,1,1,14.0,S,,1.2,2026-09-11T22:51:45,288.0,1
tless27,43,0,tless,27,obj_27,5,247,4,,gt,gt,0,fp_solo_render,47.719,,11.06,0.0725,0.2228,24.7,1.4,solo,,,,40,2,0,1,1,1,1,13.9,S,,2.7,2026-09-11T22:51:47,324.0,1
tless27,43,0,tless,27,obj_27,5,247,4,,proxy,itodd/obj_000027,0,fp_solo_render,146.906,,25.52,0.1673,0.0506,28.9,1.4,solo,,,,40,0,0,0,0,0,0,0.0,,unreachable,1.1,2026-09-11T22:51:50,324.0,1
tless28,44,0,tless,28,obj_28,4,104,3,,gt,gt,0,fp_solo_render,41.125,,5.9,0.0472,0.4217,11.9,1.8,solo,,,,40,8,0,1,1,1,1,14.8,S,,3.2,2026-09-11T22:51:52,0.0,1
tless28,44,0,tless,28,obj_28,4,104,3,,proxy,itodd/obj_000018,0,fp_solo_render,116.5,,9.56,0.0766,0.3693,17.8,1.8,solo,,,,14,3,0,1,1,1,1,14.4,S,,1.1,2026-09-11T22:51:56,0.0,1
tless28,44,0,tless,28,obj_28,13,2,7,,gt,gt,0,fp_solo_render,40.5,,13.86,0.1111,0.1727,34.9,1.8,solo,,,,40,10,0,2,1,0,1,14.3,"F,S",,3.3,2026-09-11T22:51:58,36.0,1
tless28,44,0,tless,28,obj_28,13,2,7,,proxy,itodd/obj_000018,0,fp_solo_render,118.625,,15.75,0.1262,0.1648,35.3,1.8,solo,,,,14,6,0,2,1,0,1,14.4,"F,S",,1.2,2026-09-11T22:52:01,36.0,1
tless28,44,0,tless,28,obj_28,15,12,3,,gt,gt,0,fp_solo_render,25.688,,9.95,0.0797,0.2939,19.9,1.8,solo,,,,40,12,0,1,1,1,1,14.4,S,,3.2,2026-09-11T22:52:04,72.0,1
tless28,44,0,tless,28,obj_28,15,12,3,,proxy,itodd/obj_000018,0,fp_solo_render,115.32,,11.31,0.0907,0.2989,24.6,1.8,solo,,,,14,7,0,4,1,0,1,15.0,"F,F,F,S",,1.3,2026-09-11T22:52:07,72.0,1
tless28,44,0,tless,28,obj_28,4,166,3,,gt,gt,0,fp_solo_render,47.188,,7.91,0.0634,0.2387,15.8,1.8,solo,,,,40,3,0,3,1,0,1,14.5,"F,F,S",,3.2,2026-09-11T22:52:09,108.0,1
tless28,44,0,tless,28,obj_28,4,166,3,,proxy,itodd/obj_000018,0,fp_solo_render,118.578,,9.25,0.0741,0.2602,16.1,1.8,solo,,,,14,6,0,1,1,1,1,14.5,S,,1.1,2026-09-11T22:52:13,108.0,1
tless28,44,0,tless,28,obj_28,13,20,7,,gt,gt,0,fp_solo_render,36.844,,11.76,0.0942,0.269,30.2,1.8,solo,,,,40,18,0,1,1,1,1,14.3,S,,3.1,2026-09-11T22:52:15,144.0,1
tless28,44,0,tless,28,obj_28,13,20,7,,proxy,itodd/obj_000018,0,fp_solo_render,114.43,,14.74,0.1182,0.2372,35.1,1.8,solo,,,,14,6,0,1,1,1,1,14.0,S,,1.2,2026-09-11T22:52:18,144.0,1
tless28,44,0,tless,28,obj_28,15,18,3,,gt,gt,0,fp_solo_render,36.5,,10.02,0.0803,0.3084,19.8,1.8,solo,,,,40,15,0,1,1,1,1,14.5,S,,3.1,2026-09-11T22:52:21,180.0,1
tless28,44,0,tless,28,obj_28,15,18,3,,proxy,itodd/obj_000018,0,fp_solo_render,109.312,,11.57,0.0927,0.302,23.9,1.8,solo,,,,14,4,0,1,1,1,1,14.5,S,,1.2,2026-09-11T22:52:24,180.0,1
tless28,44,0,tless,28,obj_28,4,215,3,,gt,gt,0,fp_solo_render,17.562,,3.87,0.031,0.7426,9.7,1.8,solo,,,,40,21,0,1,1,1,1,15.0,S,,3.1,2026-09-11T22:52:26,216.0,1
tless28,44,0,tless,28,obj_28,4,215,3,,proxy,itodd/obj_000018,0,fp_solo_render,119.438,,7.1,0.0569,0.5378,14.9,1.8,solo,,,,14,1,0,1,1,1,1,14.7,S,,1.2,2026-09-11T22:52:29,216.0,1
tless28,44,0,tless,28,obj_28,13,69,7,,gt,gt,0,fp_solo_render,33.188,,16.31,0.1307,0.1463,34.3,1.8,solo,,,,40,21,0,1,1,1,1,14.7,S,,3.2,2026-09-11T22:52:32,252.0,1
tless28,44,0,tless,28,obj_28,13,69,7,,proxy,itodd/obj_000018,0,fp_solo_render,111.203,,16.51,0.1323,0.1509,34.6,1.8,solo,,,,14,8,0,2,1,0,1,14.8,"F,S",,1.2,2026-09-11T22:52:35,252.0,1
tless28,44,0,tless,28,obj_28,15,53,3,,gt,gt,0,fp_solo_render,49.594,,8.87,0.0711,0.3134,17.7,1.8,solo,,,,40,11,0,1,1,1,1,10.5,S,,3.3,2026-09-11T22:52:38,288.0,1
tless28,44,0,tless,28,obj_28,15,53,3,,proxy,itodd/obj_000018,0,fp_solo_render,107.281,,10.95,0.0878,0.2949,23.5,1.8,solo,,,,14,4,0,3,1,0,1,15.0,"F,F,S",,1.3,2026-09-11T22:52:41,288.0,1
tless28,44,0,tless,28,obj_28,4,230,3,,gt,gt,0,fp_solo_render,32.938,,8.94,0.0717,0.349,20.0,1.8,solo,,,,40,15,0,1,1,1,1,14.6,S,,3.2,2026-09-11T22:52:43,324.0,1
tless28,44,0,tless,28,obj_28,4,230,3,,proxy,itodd/obj_000018,0,fp_solo_render,118.656,,12.34,0.0989,0.255,18.7,1.8,solo,,,,14,2,2,0,0,0,0,0.0,"B,B",all_blocked,1.2,2026-09-11T22:52:46,324.0,1
tless29,45,0,tless,29,obj_29,1,109,2,,gt,gt,0,fp_solo_render,22.5,,4.29,0.032,0.8598,8.9,1.6,solo,,,,40,9,0,1,1,1,1,10.7,S,,7.1,2026-09-11T22:52:49,0.0,1
tless29,45,0,tless,29,obj_29,1,109,2,,proxy,gso/Avengers_Thor_PLlrpYniaeB,1,fp_solo_render,100.459,,77.14,0.5747,0.0757,128.5,1.6,solo,,,,38,3,1,2,0,0,0,0.0,"F,B,F",grasp_failed,2.4,2026-09-11T22:52:56,0.0,1
tless29,45,0,tless,29,obj_29,15,1,4,,gt,gt,0,fp_solo_render,18.5,,10.58,0.0788,0.3414,23.2,1.6,solo,,,,40,8,0,1,1,1,1,7.1,S,,2.1,2026-09-11T22:53:00,36.0,1
tless29,45,0,tless,29,obj_29,15,1,4,,proxy,gso/Avengers_Thor_PLlrpYniaeB,1,fp_solo_render,103.072,,79.64,0.5934,0.0,124.2,1.6,solo,,,,38,0,0,0,0,0,0,0.0,,unreachable,2.3,2026-09-11T22:53:02,36.0,1
tless29,45,0,tless,29,obj_29,1,176,2,,gt,gt,0,fp_solo_render,26.375,,8.44,0.0629,0.2386,16.9,1.6,solo,,,,40,9,0,1,1,1,1,12.3,S,,2.1,2026-09-11T22:53:06,72.0,1
tless29,45,0,tless,29,obj_29,1,176,2,,proxy,gso/Avengers_Thor_PLlrpYniaeB,1,fp_solo_render,109.938,,70.75,0.5271,0.0717,122.9,1.6,solo,,,,38,2,0,2,0,0,0,0.0,"F,F",grasp_failed,2.4,2026-09-11T22:53:08,72.0,1
tless29,45,0,tless,29,obj_29,15,72,4,,gt,gt,0,fp_solo_render,21.312,,6.29,0.0469,0.5913,13.7,1.6,solo,,,,40,8,0,1,1,1,1,6.8,S,,2.1,2026-09-11T22:53:12,108.0,1
tless29,45,0,tless,29,obj_29,15,72,4,,proxy,gso/Avengers_Thor_PLlrpYniaeB,1,fp_solo_render,111.891,,80.06,0.5965,0.0115,132.5,1.6,solo,,,,38,2,0,2,0,0,0,0.0,"F,F",grasp_failed,2.4,2026-09-11T22:53:14,108.0,1
tless29,45,0,tless,29,obj_29,1,220,2,,gt,gt,0,fp_solo_render,26.25,,10.52,0.0783,0.284,21.3,1.6,solo,,,,40,8,0,5,0,0,0,0.0,"F,F,F,F,F",grasp_failed,2.1,2026-09-11T22:53:18,144.0,1
tless29,45,0,tless,29,obj_29,1,220,2,,proxy,gso/Avengers_Thor_PLlrpYniaeB,1,fp_solo_render,134.875,,72.54,0.5404,0.0525,132.8,1.6,solo,,,,38,1,1,0,0,0,0,0.0,B,all_blocked,2.3,2026-09-11T22:53:20,144.0,1
tless29,45,0,tless,29,obj_29,15,77,4,,gt,gt,0,fp_solo_render,16.0,,6.16,0.0459,0.7269,14.4,1.6,solo,,,,40,9,0,1,1,1,1,14.8,S,,2.0,2026-09-11T22:53:24,180.0,1
tless29,45,0,tless,29,obj_29,15,77,4,,proxy,gso/Avengers_Thor_PLlrpYniaeB,1,fp_solo_render,130.781,,80.95,0.603,0.0,108.3,1.6,solo,,,,38,0,0,0,0,0,0,0.0,,unreachable,2.3,2026-09-11T22:53:26,180.0,1
tless29,45,0,tless,29,obj_29,1,246,2,,gt,gt,0,fp_solo_render,21.312,,11.58,0.0863,0.1792,23.4,1.6,solo,,,,40,8,0,1,1,1,1,7.3,S,,2.1,2026-09-11T22:53:30,216.0,1
tless29,45,0,tless,29,obj_29,1,246,2,,proxy,gso/Avengers_Thor_PLlrpYniaeB,1,fp_solo_render,123.797,,68.06,0.507,0.0548,117.0,1.6,solo,,,,38,1,0,1,0,0,0,0.0,F,grasp_failed,2.3,2026-09-11T22:53:32,216.0,1
tless29,45,0,tless,29,obj_29,15,126,4,,gt,gt,0,fp_solo_render,22.625,,3.75,0.028,0.8546,8.5,1.6,solo,,,,40,7,0,1,1,1,1,9.6,S,,2.1,2026-09-11T22:53:36,252.0,1
tless29,45,0,tless,29,obj_29,15,126,4,,proxy,gso/Avengers_Thor_PLlrpYniaeB,1,fp_solo_render,99.711,,72.72,0.5418,0.0343,109.7,1.6,solo,,,,38,3,1,2,0,0,0,0.0,"F,B,F",grasp_failed,2.5,2026-09-11T22:53:38,252.0,1
tless29,45,0,tless,29,obj_29,1,273,2,,gt,gt,0,fp_solo_render,45.531,,9.9,0.0738,0.3566,21.1,1.6,solo,,,,40,9,0,1,1,1,1,12.6,S,,2.2,2026-09-11T22:53:42,288.0,1
tless29,45,0,tless,29,obj_29,1,273,2,,proxy,gso/Avengers_Thor_PLlrpYniaeB,1,fp_solo_render,137.5,,85.51,0.6371,0.0314,146.9,1.6,solo,,,,38,0,0,0,0,0,0,0.0,,unreachable,2.2,2026-09-11T22:53:44,288.0,1
tless29,45,0,tless,29,obj_29,15,190,4,,gt,gt,0,fp_solo_render,30.0,,2.64,0.0196,1.0,5.1,1.6,solo,,,,40,8,0,1,1,1,1,7.2,S,,2.1,2026-09-11T22:53:48,324.0,1
tless29,45,0,tless,29,obj_29,15,190,4,,proxy,gso/Avengers_Thor_PLlrpYniaeB,1,fp_solo_render,112.492,,66.0,0.4917,0.093,101.7,1.6,solo,,,,38,1,0,1,0,0,0,0.0,F,grasp_failed,2.3,2026-09-11T22:53:50,324.0,1
tless30,46,0,tless,30,obj_30,1,30,3,,gt,gt,0,fp_solo_render,39.125,,5.19,0.0584,0.5289,10.4,3.5,solo,,,,40,1,1,0,0,0,0,0.0,B,all_blocked,3.3,2026-09-11T22:53:54,0.0,1
tless30,46,0,tless,30,obj_30,1,30,3,,proxy,gso/BIA_Porcelain_Ramekin_With_Glazed_Rim_35_45_oz_cup,1,fp_solo_render,113.039,,6.44,0.0725,0.5236,16.8,3.5,solo,,,,40,7,0,4,1,0,1,14.6,"F,F,F,S",,3.6,2026-09-11T22:53:57,0.0,1
tless30,46,0,tless,30,obj_30,15,28,5,,gt,gt,0,fp_solo_render,40.75,,7.78,0.0877,0.3291,15.9,3.7,solo,,,,40,10,0,1,1,1,1,14.8,S,,3.2,2026-09-11T22:54:04,36.0,1
tless30,46,0,tless,30,obj_30,15,28,5,,proxy,gso/BIA_Porcelain_Ramekin_With_Glazed_Rim_35_45_oz_cup,1,fp_solo_render,104.078,,9.28,0.1046,0.2795,22.3,3.7,solo,,,,40,8,0,1,1,1,1,15.0,S,,2.9,2026-09-11T22:54:07,36.0,1
tless30,46,0,tless,30,obj_30,19,55,8,,gt,gt,0,fp_solo_render,33.625,,4.32,0.0487,0.6036,9.4,3.6,solo,,,,40,8,0,1,1,1,1,14.8,S,,3.2,2026-09-11T22:54:13,72.0,1
tless30,46,0,tless,30,obj_30,19,55,8,,proxy,gso/BIA_Porcelain_Ramekin_With_Glazed_Rim_35_45_oz_cup,1,fp_solo_render,117.156,,6.04,0.0681,0.5051,13.6,3.6,solo,,,,40,16,0,1,1,1,1,14.7,S,,2.9,2026-09-11T22:54:16,72.0,1
tless30,46,0,tless,30,obj_30,1,89,3,,gt,gt,0,fp_solo_render,49.594,,5.36,0.0604,0.3923,10.7,3.6,solo,,,,40,10,0,1,1,1,1,14.9,S,,3.3,2026-09-11T22:54:22,108.0,1
tless30,46,0,tless,30,obj_30,1,89,3,,proxy,gso/BIA_Porcelain_Ramekin_With_Glazed_Rim_35_45_oz_cup,1,fp_solo_render,113.633,,6.71,0.0756,0.4025,9.2,3.6,solo,,,,40,15,0,2,1,0,1,14.4,"F,S",,2.9,2026-09-11T22:54:25,108.0,1
tless30,46,0,tless,30,obj_30,15,53,5,,gt,gt,0,fp_solo_render,33.312,,9.3,0.1048,0.3102,19.2,3.7,solo,,,,40,14,0,2,1,0,1,5.8,"F,S",,3.3,2026-09-11T22:54:31,144.0,1
tless30,46,0,tless,30,obj_30,15,53,5,,proxy,gso/BIA_Porcelain_Ramekin_With_Glazed_Rim_35_45_oz_cup,1,fp_solo_render,93.355,,10.92,0.123,0.2546,25.6,3.7,solo,,,,40,4,2,2,0,0,0,0.0,"F,F,B,B",grasp_failed,3.0,2026-09-11T22:54:35,144.0,1
tless30,46,0,tless,30,obj_30,19,128,8,,gt,gt,0,fp_solo_render,22.875,,2.56,0.0288,0.8108,6.0,3.5,solo,,,,40,14,0,2,1,0,1,14.7,"F,S",,3.3,2026-09-11T22:54:41,180.0,1
tless30,46,0,tless,30,obj_30,19,128,8,,proxy,gso/BIA_Porcelain_Ramekin_With_Glazed_Rim_35_45_oz_cup,1,fp_solo_render,105.547,,5.03,0.0567,0.5983,8.3,3.5,solo,,,,40,0,0,0,0,0,0,0.0,,unreachable,2.8,2026-09-11T22:54:44,180.0,1
tless30,46,0,tless,30,obj_30,1,101,3,,gt,gt,0,fp_solo_render,42.188,,4.6,0.0519,0.5722,10.9,3.7,solo,,,,40,4,4,0,0,0,0,0.0,"B,B,B,B",all_blocked,3.4,2026-09-11T22:54:50,216.0,1
tless30,46,0,tless,30,obj_30,1,101,3,,proxy,gso/BIA_Porcelain_Ramekin_With_Glazed_Rim_35_45_oz_cup,1,fp_solo_render,116.125,,6.64,0.0749,0.492,15.4,3.7,solo,,,,40,14,0,1,1,1,1,7.8,S,,3.0,2026-09-11T22:54:53,216.0,1
tless30,46,0,tless,30,obj_30,15,72,5,,gt,gt,0,fp_solo_render,26.875,,6.73,0.0758,0.362,13.6,3.6,solo,,,,40,14,0,2,1,0,1,13.8,"F,S",,3.3,2026-09-11T22:54:59,252.0,1
tless30,46,0,tless,30,obj_30,15,72,5,,proxy,gso/BIA_Porcelain_Ramekin_With_Glazed_Rim_35_45_oz_cup,1,fp_solo_render,101.332,,8.03,0.0905,0.4003,19.9,3.6,solo,,,,40,0,0,0,0,0,0,0.0,,unreachable,2.8,2026-09-11T22:55:03,252.0,1
tless30,46,0,tless,30,obj_30,19,150,8,,gt,gt,0,fp_solo_render,18.312,,6.56,0.0739,0.2456,14.2,3.6,solo,,,,40,13,0,1,1,1,1,14.4,S,,3.3,2026-09-11T22:55:08,288.0,1
tless30,46,0,tless,30,obj_30,19,150,8,,proxy,gso/BIA_Porcelain_Ramekin_With_Glazed_Rim_35_45_oz_cup,1,fp_solo_render,105.133,,7.44,0.0839,0.3079,12.3,3.6,solo,,,,40,0,0,0,0,0,0,0.0,,unreachable,2.8,2026-09-11T22:55:12,288.0,1
tless30,46,0,tless,30,obj_30,1,109,3,,gt,gt,0,fp_solo_render,44.188,,4.61,0.052,0.5512,9.0,3.7,solo,,,,40,3,3,0,0,0,0,0.0,"B,B,B",all_blocked,3.3,2026-09-11T22:55:17,324.0,1
tless30,46,0,tless,30,obj_30,1,109,3,,proxy,gso/BIA_Porcelain_Ramekin_With_Glazed_Rim_35_45_oz_cup,1,fp_solo_render,128.219,,6.67,0.0752,0.512,17.6,3.7,solo,,,,40,18,0,1,1,1,1,13.9,S,,3.0,2026-09-11T22:55:21,324.0,1
lmo1,47,0,lmo,1,ape,2,79,0,,gt,gt,0,fp_solo_render,65.281,,5.03,0.0493,0.5132,10.0,2.3,solo,,,,40,1,1,0,0,0,0,0.0,B,all_blocked,1.3,2026-09-11T22:55:28,0.0,1
lmo1,47,0,lmo,1,ape,2,79,0,,proxy,gso/Ortho_Forward_Facing,1,fp_solo_render,143.906,,44.54,0.4362,0.1143,88.5,2.3,solo,,,,40,4,2,2,0,0,0,0.0,"F,F,B,B",grasp_failed,91.8,2026-09-11T22:55:29,0.0,1
lmo1,47,0,lmo,1,ape,2,217,0,,gt,gt,0,fp_solo_render,66.656,,4.15,0.0406,0.6692,7.9,2.3,solo,,,,40,1,1,0,0,0,0,0.0,B,all_blocked,1.2,2026-09-11T22:57:05,36.0,1
lmo1,47,0,lmo,1,ape,2,217,0,,proxy,gso/Ortho_Forward_Facing,1,fp_solo_render,136.281,,46.35,0.454,0.0912,92.0,2.3,solo,,,,40,2,0,2,0,0,0,0.0,"F,F",grasp_failed,3.6,2026-09-11T22:57:06,36.0,1
lmo1,47,0,lmo,1,ape,2,277,0,,gt,gt,0,fp_solo_render,50.188,,3.29,0.0322,0.78,6.8,2.3,solo,,,,40,0,0,0,0,0,0,0.0,,unreachable,1.1,2026-09-11T22:57:13,72.0,1
lmo1,47,0,lmo,1,ape,2,277,0,,proxy,gso/Ortho_Forward_Facing,1,fp_solo_render,139.438,,39.66,0.3885,0.1492,79.9,2.3,solo,,,,40,6,0,2,1,0,1,14.8,"F,S",,3.7,2026-09-11T22:57:14,72.0,1
lmo1,47,0,lmo,1,ape,2,326,0,,gt,gt,0,fp_solo_render,68.766,,3.14,0.0308,0.8283,5.9,2.3,solo,,,,40,0,0,0,0,0,0,0.0,,unreachable,1.1,2026-09-11T22:57:22,108.0,1
lmo1,47,0,lmo,1,ape,2,326,0,,proxy,gso/Ortho_Forward_Facing,1,fp_solo_render,143.812,,42.16,0.413,0.1162,86.1,2.3,solo,,,,40,0,0,0,0,0,0,0.0,,unreachable,3.6,2026-09-11T22:57:23,108.0,1
lmo1,47,0,lmo,1,ape,2,480,0,,gt,gt,0,fp_solo_render,74.469,,5.47,0.0536,0.4686,10.8,2.3,solo,,,,40,0,0,0,0,0,0,0.0,,unreachable,1.2,2026-09-11T22:57:30,144.0,1
lmo1,47,0,lmo,1,ape,2,480,0,,proxy,gso/Ortho_Forward_Facing,1,fp_solo_render,140.406,,42.92,0.4204,0.0993,90.4,2.3,solo,,,,40,13,0,1,1,1,1,7.4,S,,3.7,2026-09-11T22:57:32,144.0,1
lmo1,47,0,lmo,1,ape,2,607,0,,gt,gt,0,fp_solo_render,52.125,,4.15,0.0407,0.63,7.9,2.3,solo,,,,40,0,0,0,0,0,0,0.0,,unreachable,1.1,2026-09-11T22:57:39,180.0,1
lmo1,47,0,lmo,1,ape,2,607,0,,proxy,gso/Ortho_Forward_Facing,1,fp_solo_render,142.094,,49.45,0.4843,0.0598,100.4,2.3,solo,,,,40,3,0,3,0,0,0,0.0,"F,F,F",grasp_failed,3.7,2026-09-11T22:57:40,180.0,1
lmo1,47,0,lmo,1,ape,2,669,0,,gt,gt,0,fp_solo_render,40.062,,3.23,0.0316,0.7877,6.6,2.3,solo,,,,40,1,1,0,0,0,0,0.0,B,all_blocked,1.2,2026-09-11T22:57:48,216.0,1
lmo1,47,0,lmo,1,ape,2,669,0,,proxy,gso/Ortho_Forward_Facing,1,fp_solo_render,145.875,,46.09,0.4514,0.0698,87.4,2.3,solo,,,,40,0,0,0,0,0,0,0.0,,unreachable,3.6,2026-09-11T22:57:49,216.0,1
lmo1,47,0,lmo,1,ape,2,739,0,,gt,gt,0,fp_solo_render,72.125,,4.44,0.0435,0.5958,9.7,2.3,solo,,,,40,3,3,0,0,0,0,0.0,"B,B,B",all_blocked,1.4,2026-09-11T22:57:56,252.0,1
lmo1,47,0,lmo,1,ape,2,739,0,,proxy,gso/Ortho_Forward_Facing,1,fp_solo_render,142.531,,44.84,0.4392,0.0799,82.2,2.3,solo,,,,40,0,0,0,0,0,0,0.0,,unreachable,3.6,2026-09-11T22:57:58,252.0,1
lmo1,47,0,lmo,1,ape,2,791,0,,gt,gt,0,fp_solo_render,48.312,,3.79,0.0371,0.6735,8.0,2.3,solo,,,,40,1,1,0,0,0,0,0.0,B,all_blocked,1.2,2026-09-11T22:58:05,288.0,1
lmo1,47,0,lmo,1,ape,2,791,0,,proxy,gso/Ortho_Forward_Facing,1,fp_solo_render,141.75,,44.37,0.4346,0.0975,82.8,2.3,solo,,,,40,1,0,1,0,0,0,0.0,F,grasp_failed,3.7,2026-09-11T22:58:06,288.0,1
lmo1,47,0,lmo,1,ape,2,821,0,,gt,gt,0,fp_solo_render,34.188,,4.65,0.0456,0.5661,9.1,2.3,solo,,,,40,0,0,0,0,0,0,0.0,,unreachable,1.2,2026-09-11T22:58:14,324.0,1
lmo1,47,0,lmo,1,ape,2,821,0,,proxy,gso/Ortho_Forward_Facing,1,fp_solo_render,140.406,,43.61,0.4271,0.0861,88.2,2.3,solo,,,,40,8,2,5,1,0,1,8.5,"F,F,F,B,F,B,S",,4.1,2026-09-11T22:58:15,324.0,1
lmo6,48,0,lmo,6,cat,2,36,2,,gt,gt,0,fp_solo_render,27.875,,5.42,0.0351,0.7199,11.8,1.8,solo,,,,40,13,0,2,1,0,1,14.3,"F,S",,1.8,2026-09-11T22:58:24,0.0,1
lmo6,48,0,lmo,6,cat,2,36,2,,proxy,gso/Toysmith_Windem_Up_Flippin_Animals_Dog,1,fp_solo_render,144.094,,20.0,0.1294,0.1861,29.6,1.8,solo,,,,40,4,0,3,1,0,1,14.7,"F,F,S",,3.6,2026-09-11T22:58:26,0.0,1
lmo6,48,0,lmo,6,cat,2,64,1,,gt,gt,0,fp_solo_render,53.969,,6.43,0.0416,0.6289,12.8,1.8,solo,,,,40,10,0,3,1,0,1,14.7,"F,F,S",,1.7,2026-09-11T22:58:31,36.0,1
lmo6,48,0,lmo,6,cat,2,64,1,,proxy,gso/Toysmith_Windem_Up_Flippin_Animals_Dog,1,fp_solo_render,150.469,,20.7,0.1339,0.1362,25.3,1.8,solo,,,,40,11,0,5,0,0,0,0.0,"F,F,F,F,F",grasp_failed,3.2,2026-09-11T22:58:33,36.0,1
lmo6,48,0,lmo,6,cat,2,124,2,,gt,gt,0,fp_solo_render,6.062,,5.06,0.0328,0.7769,9.1,1.8,solo,,,,40,8,1,2,1,0,1,14.5,"F,B,S",,1.7,2026-09-11T22:58:38,72.0,1
lmo6,48,0,lmo,6,cat,2,124,2,,proxy,gso/Toysmith_Windem_Up_Flippin_Animals_Dog,1,fp_solo_render,138.469,,19.9,0.1288,0.1991,36.9,1.8,solo,,,,40,9,1,2,1,0,1,14.3,"F,B,S",,3.2,2026-09-11T22:58:40,72.0,1
lmo6,48,0,lmo,6,cat,2,156,2,,gt,gt,0,fp_solo_render,42.094,,5.73,0.0371,0.7116,11.2,1.8,solo,,,,40,9,0,1,1,1,1,14.1,S,,1.6,2026-09-11T22:58:45,108.0,1
lmo6,48,0,lmo,6,cat,2,156,2,,proxy,gso/Toysmith_Windem_Up_Flippin_Animals_Dog,1,fp_solo_render,143.875,,17.51,0.1133,0.2038,19.9,1.8,solo,,,,40,8,0,1,1,1,1,14.4,S,,3.0,2026-09-11T22:58:46,108.0,1
lmo6,48,0,lmo,6,cat,2,243,2,,gt,gt,0,fp_solo_render,49.031,,5.04,0.0326,0.8244,10.6,1.8,solo,,,,40,5,0,1,1,1,1,14.7,S,,1.6,2026-09-11T22:58:51,144.0,1
lmo6,48,0,lmo,6,cat,2,243,2,,proxy,gso/Toysmith_Windem_Up_Flippin_Animals_Dog,1,fp_solo_render,141.406,,20.46,0.1324,0.2095,30.5,1.8,solo,,,,40,12,8,4,0,0,0,0.0,"B,F,B,B,F,B,B,F,F,B,B,B",grasp_failed,3.7,2026-09-11T22:58:53,144.0,1
lmo6,48,0,lmo,6,cat,2,322,2,,gt,gt,0,fp_solo_render,50.125,,5.01,0.0324,0.7969,11.0,1.8,solo,,,,40,6,0,1,1,1,1,14.6,S,,1.6,2026-09-11T22:58:59,180.0,1
lmo6,48,0,lmo,6,cat,2,322,2,,proxy,gso/Toysmith_Windem_Up_Flippin_Animals_Dog,1,fp_solo_render,145.969,,25.49,0.1649,0.1514,44.8,1.8,solo,,,,40,10,1,4,1,0,1,13.9,"F,B,F,F,S",,3.2,2026-09-11T22:59:00,180.0,1
lmo6,48,0,lmo,6,cat,2,415,2,,gt,gt,0,fp_solo_render,56.531,,5.62,0.0364,0.6969,11.4,1.8,solo,,,,40,5,0,5,0,0,0,0.0,"F,F,F,F,F",grasp_failed,1.7,2026-09-11T22:59:05,216.0,1
lmo6,48,0,lmo,6,cat,2,415,2,,proxy,gso/Toysmith_Windem_Up_Flippin_Animals_Dog,1,fp_solo_render,140.844,,20.21,0.1308,0.1692,31.7,1.8,solo,,,,40,2,0,2,0,0,0,0.0,"F,F",grasp_failed,2.9,2026-09-11T22:59:07,216.0,1
lmo6,48,0,lmo,6,cat,2,442,2,,gt,gt,0,fp_solo_render,71.672,,5.74,0.0371,0.6693,11.8,1.8,solo,,,,40,9,0,5,0,0,0,0.0,"F,F,F,F,F",grasp_failed,1.7,2026-09-11T22:59:12,252.0,1
lmo6,48,0,lmo,6,cat,2,442,2,,proxy,gso/Toysmith_Windem_Up_Flippin_Animals_Dog,1,fp_solo_render,144.094,,23.56,0.1524,0.122,39.0,1.8,solo,,,,40,15,0,1,1,1,1,8.9,S,,3.0,2026-09-11T22:59:13,252.0,1
lmo6,48,0,lmo,6,cat,2,535,2,,gt,gt,0,fp_solo_render,21.938,,5.05,0.0326,0.7934,10.0,1.8,solo,,,,40,7,0,2,1,0,1,8.6,"F,S",,1.6,2026-09-11T22:59:18,288.0,1
lmo6,48,0,lmo,6,cat,2,535,2,,proxy,gso/Toysmith_Windem_Up_Flippin_Animals_Dog,1,fp_solo_render,144.562,,18.43,0.1193,0.1613,24.0,1.8,solo,,,,40,4,1,3,0,0,0,0.0,"F,F,F,B",grasp_failed,3.0,2026-09-11T22:59:20,288.0,1
lmo6,48,0,lmo,6,cat,2,652,2,,gt,gt,0,fp_solo_render,42.562,,3.77,0.0244,0.9641,8.0,1.8,solo,,,,40,16,0,1,1,1,1,14.9,S,,1.6,2026-09-11T22:59:25,324.0,1
lmo6,48,0,lmo,6,cat,2,652,2,,proxy,gso/Toysmith_Windem_Up_Flippin_Animals_Dog,1,fp_solo_render,121.875,,18.98,0.1228,0.2075,30.8,1.8,solo,,,,40,7,0,1,1,1,1,14.9,S,,3.1,2026-09-11T22:59:26,324.0,1
lmo8,49,0,lmo,8,driller,2,3,3,,gt,gt,0,fp_solo_render,44.156,,5.78,0.0221,1.0,9.5,13.7,solo,,,,40,12,0,1,1,1,1,15.0,S,,123.1,2026-09-11T22:59:31,0.0,1
lmo8,49,0,lmo,8,driller,2,3,3,,proxy,gso/Thomas_Friends_Wooden_Railway_Porter_5JzRhMm3a9o,1,fp_solo_render,137.906,,28.81,0.1102,0.2446,12.4,13.7,solo,,,,40,6,0,5,0,0,0,0.0,"F,F,F,F,F",grasp_failed,16.6,2026-09-11T23:01:35,0.0,1
lmo8,49,0,lmo,8,driller,2,124,3,,gt,gt,0,fp_solo_render,52.031,,4.78,0.0183,1.0,8.4,13.8,solo,,,,40,17,0,1,1,1,1,15.0,S,,3.3,2026-09-11T23:01:55,36.0,1
lmo8,49,0,lmo,8,driller,2,124,3,,proxy,gso/Thomas_Friends_Wooden_Railway_Porter_5JzRhMm3a9o,1,fp_solo_render,128.641,,41.4,0.1583,0.1507,69.3,13.8,solo,,,,40,3,0,3,0,0,0,0.0,"F,F,F",grasp_failed,3.7,2026-09-11T23:01:59,36.0,1
lmo8,49,0,lmo,8,driller,2,243,3,,gt,gt,0,fp_solo_render,52.812,,4.19,0.016,1.0,7.9,13.7,solo,,,,40,20,0,1,1,1,1,15.0,S,,3.5,2026-09-11T23:02:05,72.0,1
lmo8,49,0,lmo,8,driller,2,243,3,,proxy,gso/Thomas_Friends_Wooden_Railway_Porter_5JzRhMm3a9o,1,fp_solo_render,144.156,,37.56,0.1437,0.1284,32.9,13.7,solo,,,,40,24,0,3,1,0,1,10.5,"F,F,S",,3.9,2026-09-11T23:02:09,72.0,1
lmo8,49,0,lmo,8,driller,2,338,3,,gt,gt,0,fp_solo_render,41.0,,3.31,0.0127,1.0,5.3,13.7,solo,,,,40,14,0,2,1,0,1,14.9,"F,S",,3.3,2026-09-11T23:02:16,108.0,1
lmo8,49,0,lmo,8,driller,2,338,3,,proxy,gso/Thomas_Friends_Wooden_Railway_Porter_5JzRhMm3a9o,1,fp_solo_render,140.812,,30.22,0.1156,0.2469,41.9,13.7,solo,,,,40,4,0,2,1,0,1,14.9,"F,S",,3.6,2026-09-11T23:02:20,108.0,1
lmo8,49,0,lmo,8,driller,2,438,3,,gt,gt,0,fp_solo_render,46.344,,4.68,0.0179,1.0,8.3,13.8,solo,,,,40,12,0,5,1,0,1,13.3,"F,F,F,F,S",,3.5,2026-09-11T23:02:26,144.0,1
lmo8,49,0,lmo,8,driller,2,438,3,,proxy,gso/Thomas_Friends_Wooden_Railway_Porter_5JzRhMm3a9o,1,fp_solo_render,143.469,,34.73,0.1328,0.1643,25.2,13.8,solo,,,,40,6,2,4,0,0,0,0.0,"F,B,F,F,F,B",grasp_failed,3.8,2026-09-11T23:02:30,144.0,1
lmo8,49,0,lmo,8,driller,2,543,3,,gt,gt,0,fp_solo_render,65.469,,4.48,0.0171,1.0,7.0,13.7,solo,,,,40,16,0,1,1,1,1,14.8,S,,3.3,2026-09-11T23:02:37,180.0,1
lmo8,49,0,lmo,8,driller,2,543,3,,proxy,gso/Thomas_Friends_Wooden_Railway_Porter_5JzRhMm3a9o,1,fp_solo_render,153.562,,34.65,0.1325,0.1374,26.5,13.7,solo,,,,40,14,0,2,1,0,1,14.5,"F,S",,3.7,2026-09-11T23:02:40,180.0,1
lmo8,49,0,lmo,8,driller,2,642,3,,gt,gt,0,fp_solo_render,41.25,,4.11,0.0157,1.0,6.4,13.8,solo,,,,40,20,0,1,1,1,1,14.9,S,,3.3,2026-09-11T23:02:47,216.0,1
lmo8,49,0,lmo,8,driller,2,642,3,,proxy,gso/Thomas_Friends_Wooden_Railway_Porter_5JzRhMm3a9o,1,fp_solo_render,134.812,,28.88,0.1104,0.2517,17.5,13.8,solo,,,,40,2,0,2,1,0,1,14.8,"F,S",,3.7,2026-09-11T23:02:51,216.0,1
lmo8,49,0,lmo,8,driller,2,711,3,,gt,gt,0,fp_solo_render,65.219,,5.51,0.0211,1.0,10.8,13.7,solo,,,,40,22,0,1,1,1,1,14.9,S,,3.3,2026-09-11T23:02:57,252.0,1
lmo8,49,0,lmo,8,driller,2,711,3,,proxy,gso/Thomas_Friends_Wooden_Railway_Porter_5JzRhMm3a9o,1,fp_solo_render,137.469,,35.02,0.1339,0.1491,36.6,13.7,solo,,,,40,7,1,5,0,0,0,0.0,"B,F,F,F,F,F",grasp_failed,3.7,2026-09-11T23:03:01,252.0,1
lmo8,49,0,lmo,8,driller,2,775,3,,gt,gt,0,fp_solo_render,21.812,,5.56,0.0213,1.0,9.2,13.7,solo,,,,40,13,0,1,1,1,1,14.4,S,,3.3,2026-09-11T23:03:08,288.0,1
lmo8,49,0,lmo,8,driller,2,775,3,,proxy,gso/Thomas_Friends_Wooden_Railway_Porter_5JzRhMm3a9o,1,fp_solo_render,141.188,,40.53,0.155,0.1155,32.9,13.7,solo,,,,40,12,0,5,0,0,0,0.0,"F,F,F,F,F",grasp_failed,3.7,2026-09-11T23:03:11,288.0,1
lmo8,49,0,lmo,8,driller,2,867,3,,gt,gt,0,fp_solo_render,55.719,,3.63,0.0139,1.0,7.5,13.8,solo,,,,40,11,0,1,1,1,1,14.9,S,,3.3,2026-09-11T23:03:18,324.0,1
lmo8,49,0,lmo,8,driller,2,867,3,,proxy,gso/Thomas_Friends_Wooden_Railway_Porter_5JzRhMm3a9o,1,fp_solo_render,151.031,,55.7,0.213,0.0112,69.6,13.8,solo,,,,40,9,0,5,0,0,0,0.0,"F,F,F,F,F",grasp_failed,3.7,2026-09-11T23:03:21,324.0,1
lmo9,50,0,lmo,9,duck,2,17,4,,gt,gt,0,fp_solo_render,59.5,,4.11,0.0377,0.6785,9.0,10.3,solo,,,,40,8,0,5,0,0,0,0.0,"F,F,F,F,F",grasp_failed,1.5,2026-09-11T23:03:29,0.0,1
lmo9,50,0,lmo,9,duck,2,17,4,,proxy,gso/CHICKEN_RACER,1,fp_solo_render,143.781,,4.8,0.044,0.6334,7.1,10.3,solo,,,,40,7,0,5,0,0,0,0.0,"F,F,F,F,F",grasp_failed,3.0,2026-09-11T23:03:30,0.0,1
lmo9,50,0,lmo,9,duck,2,65,4,,gt,gt,0,fp_solo_render,77.391,,4.26,0.0391,0.7291,10.3,10.2,solo,,,,40,6,0,5,0,0,0,0.0,"F,F,F,F,F",grasp_failed,1.5,2026-09-11T23:07:58,36.0,1
lmo9,50,0,lmo,9,duck,2,65,4,,proxy,gso/CHICKEN_RACER,1,fp_solo_render,140.094,,23.28,0.2136,0.2149,49.1,10.2,solo,,,,40,8,0,5,0,0,0,0.0,"F,F,F,F,F",grasp_failed,2.6,2026-09-11T23:07:59,36.0,1
lmo9,50,0,lmo,9,duck,2,434,4,,gt,gt,0,fp_solo_render,78.672,,3.49,0.032,0.7486,8.9,10.3,solo,,,,40,7,0,5,0,0,0,0.0,"F,F,F,F,F",grasp_failed,1.5,2026-09-11T23:08:06,72.0,1
lmo9,50,0,lmo,9,duck,2,434,4,,proxy,gso/CHICKEN_RACER,1,fp_solo_render,140.156,,10.67,0.0979,0.2914,22.6,10.3,solo,,,,40,14,0,5,0,0,0,0.0,"F,F,F,F,F",grasp_failed,2.5,2026-09-11T23:08:08,72.0,1
lmo9,50,0,lmo,9,duck,2,503,4,,gt,gt,0,fp_solo_render,68.438,,4.96,0.0455,0.6322,9.9,10.2,solo,,,,40,14,0,4,1,0,1,14.7,"F,F,F,S",,1.5,2026-09-11T23:08:15,108.0,1
lmo9,50,0,lmo,9,duck,2,503,4,,proxy,gso/CHICKEN_RACER,1,fp_solo_render,143.688,,9.26,0.0849,0.3719,18.3,10.2,solo,,,,40,17,0,5,0,0,0,0.0,"F,F,F,F,F",grasp_failed,2.5,2026-09-11T23:08:16,108.0,1
lmo9,50,0,lmo,9,duck,2,611,4,,gt,gt,0,fp_solo_render,65.156,,3.1,0.0285,0.868,6.5,10.2,solo,,,,40,19,0,3,1,0,1,14.3,"F,F,S",,1.5,2026-09-11T23:08:23,144.0,1
lmo9,50,0,lmo,9,duck,2,611,4,,proxy,gso/CHICKEN_RACER,1,fp_solo_render,142.844,,10.85,0.0995,0.3583,22.3,10.2,solo,,,,40,10,0,5,0,0,0,0.0,"F,F,F,F,F",grasp_failed,2.5,2026-09-11T23:08:25,144.0,1
lmo9,50,0,lmo,9,duck,2,740,4,,gt,gt,0,fp_solo_render,66.594,,4.58,0.042,0.6006,9.0,10.3,solo,,,,40,20,1,5,0,0,0,0.0,"F,F,F,B,F,F",grasp_failed,1.6,2026-09-11T23:08:31,180.0,1
lmo9,50,0,lmo,9,duck,2,740,4,,proxy,gso/CHICKEN_RACER,1,fp_solo_render,139.469,,6.49,0.0595,0.4489,10.9,10.3,solo,,,,40,15,0,5,0,0,0,0.0,"F,F,F,F,F",grasp_failed,2.5,2026-09-11T23:08:33,180.0,1
lmo9,50,0,lmo,9,duck,2,803,4,,gt,gt,0,fp_solo_render,59.312,,5.54,0.0508,0.419,10.2,10.2,solo,,,,40,18,0,5,0,0,0,0.0,"F,F,F,F,F",grasp_failed,1.4,2026-09-11T23:08:40,216.0,1
lmo9,50,0,lmo,9,duck,2,803,4,,proxy,gso/CHICKEN_RACER,1,fp_solo_render,143.656,,6.75,0.0619,0.4712,13.2,10.2,solo,,,,40,7,3,4,0,0,0,0.0,"B,F,F,B,F,F,B",grasp_failed,2.7,2026-09-11T23:08:42,216.0,1
lmo9,50,0,lmo,9,duck,2,850,4,,gt,gt,0,fp_solo_render,56.875,,5.15,0.0473,0.5229,8.9,10.3,solo,,,,40,17,0,5,0,0,0,0.0,"F,F,F,F,F",grasp_failed,1.5,2026-09-11T23:08:49,252.0,1
lmo9,50,0,lmo,9,duck,2,850,4,,proxy,gso/CHICKEN_RACER,1,fp_solo_render,140.438,,11.61,0.1065,0.3859,23.9,10.3,solo,,,,40,15,0,5,0,0,0,0.0,"F,F,F,F,F",grasp_failed,2.5,2026-09-11T23:08:50,252.0,1
lmo9,50,0,lmo,9,duck,2,886,4,,gt,gt,0,fp_solo_render,49.344,,4.57,0.0419,0.6117,7.9,10.2,solo,,,,40,15,0,5,0,0,0,0.0,"F,F,F,F,F",grasp_failed,1.4,2026-09-11T23:08:57,288.0,1
lmo9,50,0,lmo,9,duck,2,886,4,,proxy,gso/CHICKEN_RACER,1,fp_solo_render,140.875,,17.41,0.1597,0.3,38.8,10.2,solo,,,,40,0,0,0,0,0,0,0.0,,unreachable,2.3,2026-09-11T23:08:58,288.0,1
lmo9,50,0,lmo,9,duck,2,909,4,,gt,gt,0,fp_solo_render,52.969,,4.16,0.0382,0.7126,7.6,10.2,solo,,,,40,9,0,5,0,0,0,0.0,"F,F,F,F,F",grasp_failed,1.4,2026-09-11T23:09:05,324.0,1
lmo9,50,0,lmo,9,duck,2,909,4,,proxy,gso/CHICKEN_RACER,1,fp_solo_render,144.312,,6.36,0.0584,0.5173,12.7,10.2,solo,,,,40,4,0,4,0,0,0,0.0,"F,F,F,F",grasp_failed,2.4,2026-09-11T23:09:06,324.0,1
lmo10,51,0,lmo,10,eggbox,2,58,5,,gt,gt,0,fp_solo_render,55.906,,5.92,0.036,0.7006,12.6,2.0,solo,,,,40,11,0,1,1,1,1,14.6,S,,2.5,2026-09-11T23:09:13,0.0,1
lmo10,51,0,lmo,10,eggbox,2,58,5,,proxy,gso/Toysmith_Windem_Up_Flippin_Animals_Dog,1,fp_solo_render,129.016,,22.63,0.1375,0.104,17.6,2.0,solo,,,,40,14,1,1,1,1,1,10.0,"B,S",,3.0,2026-09-11T23:09:16,0.0,1
lmo10,51,0,lmo,10,eggbox,2,338,5,,gt,gt,0,fp_solo_render,53.156,,3.77,0.0229,1.0,6.9,2.0,solo,,,,40,10,0,2,1,0,1,14.8,"F,S",,2.6,2026-09-11T23:09:22,36.0,1
lmo10,51,0,lmo,10,eggbox,2,338,5,,proxy,gso/Toysmith_Windem_Up_Flippin_Animals_Dog,1,fp_solo_render,140.344,,21.07,0.128,0.1208,6.7,2.0,solo,,,,40,15,0,4,1,0,1,6.7,"F,F,F,S",,3.3,2026-09-11T23:09:25,36.0,1
lmo10,51,0,lmo,10,eggbox,2,521,5,,gt,gt,0,fp_solo_render,70.906,,5.83,0.0354,0.7291,10.9,2.0,solo,,,,40,9,0,1,1,1,1,14.7,S,,2.5,2026-09-11T23:09:31,72.0,1
lmo10,51,0,lmo,10,eggbox,2,521,5,,proxy,gso/Toysmith_Windem_Up_Flippin_Animals_Dog,1,fp_solo_render,141.062,,28.22,0.1714,0.1213,48.6,2.0,solo,,,,40,15,0,5,0,0,0,0.0,"F,F,F,F,F",grasp_failed,3.1,2026-09-11T23:09:34,72.0,1
lmo10,51,0,lmo,10,eggbox,2,737,4,,gt,gt,0,fp_solo_render,69.359,,5.31,0.0323,0.8545,9.9,2.0,solo,,,,40,15,0,1,1,1,1,14.9,S,,2.5,2026-09-11T23:09:40,108.0,1
lmo10,51,0,lmo,10,eggbox,2,737,4,,proxy,gso/Toysmith_Windem_Up_Flippin_Animals_Dog,1,fp_solo_render,141.594,,28.1,0.1707,0.1111,50.2,2.0,solo,,,,40,12,0,5,1,0,1,6.5,"F,F,F,F,S",,3.3,2026-09-11T23:09:43,108.0,1
lmo10,51,0,lmo,10,eggbox,2,762,5,,gt,gt,0,fp_solo_render,63.75,,5.62,0.0341,0.8167,11.7,2.0,solo,,,,40,12,0,1,1,1,1,14.9,S,,2.5,2026-09-11T23:09:50,144.0,1
lmo10,51,0,lmo,10,eggbox,2,762,5,,proxy,gso/Toysmith_Windem_Up_Flippin_Animals_Dog,1,fp_solo_render,156.5,,23.09,0.1402,0.0925,18.7,2.0,solo,,,,40,15,1,4,1,0,1,13.6,"F,F,F,B,S",,3.4,2026-09-11T23:09:52,144.0,1
lmo10,51,0,lmo,10,eggbox,2,773,5,,gt,gt,0,fp_solo_render,30.125,,5.0,0.0304,0.8467,11.0,2.0,solo,,,,40,8,0,2,1,0,1,14.7,"F,S",,2.5,2026-09-11T23:09:59,180.0,1
lmo10,51,0,lmo,10,eggbox,2,773,5,,proxy,gso/Toysmith_Windem_Up_Flippin_Animals_Dog,1,fp_solo_render,149.938,,23.18,0.1408,0.1386,31.4,2.0,solo,,,,40,19,0,1,1,1,1,10.5,S,,3.0,2026-09-11T23:10:01,180.0,1
lmo10,51,0,lmo,10,eggbox,2,819,5,,gt,gt,0,fp_solo_render,43.812,,5.14,0.0312,0.7784,9.9,2.0,solo,,,,40,7,0,3,1,0,1,14.0,"F,F,S",,2.6,2026-09-11T23:10:07,216.0,1
lmo10,51,0,lmo,10,eggbox,2,819,5,,proxy,gso/Toysmith_Windem_Up_Flippin_Animals_Dog,1,fp_solo_render,145.938,,23.13,0.1405,0.1418,30.8,2.0,solo,,,,40,15,0,1,1,1,1,11.8,S,,3.0,2026-09-11T23:10:10,216.0,1
lmo10,51,0,lmo,10,eggbox,2,886,5,,gt,gt,0,fp_solo_render,77.984,,5.43,0.033,0.7931,10.1,2.0,solo,,,,40,7,0,3,1,0,1,13.8,"F,F,S",,2.5,2026-09-11T23:10:16,252.0,1
lmo10,51,0,lmo,10,eggbox,2,886,5,,proxy,gso/Toysmith_Windem_Up_Flippin_Animals_Dog,1,fp_solo_render,147.625,,28.17,0.1711,0.1598,55.6,2.0,solo,,,,40,13,0,5,0,0,0,0.0,"F,F,F,F,F",grasp_failed,3.1,2026-09-11T23:10:19,252.0,1
lmo10,51,0,lmo,10,eggbox,2,1057,5,,gt,gt,0,fp_solo_render,73.516,,7.13,0.0433,0.5717,14.1,2.0,solo,,,,40,9,0,4,1,0,1,14.3,"F,F,F,S",,2.7,2026-09-11T23:10:25,288.0,1
lmo10,51,0,lmo,10,eggbox,2,1057,5,,proxy,gso/Toysmith_Windem_Up_Flippin_Animals_Dog,1,fp_solo_render,144.0,,22.2,0.1349,0.1567,31.4,2.0,solo,,,,40,13,0,2,1,0,1,14.5,"F,S",,3.1,2026-09-11T23:10:28,288.0,1
lmo10,51,0,lmo,10,eggbox,2,1103,5,,gt,gt,0,fp_solo_render,4.938,,3.94,0.0239,0.9589,8.7,2.0,solo,,,,40,10,0,2,1,0,1,14.7,"F,S",,2.5,2026-09-11T23:10:34,324.0,1
lmo10,51,0,lmo,10,eggbox,2,1103,5,,proxy,gso/Toysmith_Windem_Up_Flippin_Animals_Dog,1,fp_solo_render,144.281,,22.64,0.1375,0.0935,22.9,2.0,solo,,,,40,11,0,4,1,0,1,6.0,"F,F,F,S",,3.1,2026-09-11T23:10:37,324.0,1
lmo11,52,0,lmo,11,glue,2,61,6,,gt,gt,0,fp_solo_render,60.875,,5.59,0.0318,0.9054,10.0,2.1,solo,,,,40,0,0,0,0,0,0,0.0,,unreachable,11.0,2026-09-11T23:10:44,0.0,1
lmo11,52,0,lmo,11,glue,2,61,6,,proxy,housecat6d/bottle-cleansing_lotion_small,1,fp_solo_render,131.922,,11.46,0.0651,0.4278,20.6,2.1,solo,,,,40,0,0,0,0,0,0,0.0,,unreachable,42.8,2026-09-11T23:10:55,0.0,1
lmo11,52,0,lmo,11,glue,2,417,6,,gt,gt,0,fp_solo_render,44.75,,5.59,0.0318,0.957,10.8,2.1,solo,,,,40,11,11,0,0,0,0,0.0,"B,B,B,B,B,B,B,B,B,B,B",all_blocked,2.0,2026-09-11T23:11:42,36.0,1
lmo11,52,0,lmo,11,glue,2,417,6,,proxy,housecat6d/bottle-cleansing_lotion_small,1,fp_solo_render,126.219,,11.04,0.0628,0.5485,20.3,2.1,solo,,,,40,1,0,1,0,0,0,0.0,F,grasp_failed,3.9,2026-09-11T23:11:44,36.0,1
lmo11,52,0,lmo,11,glue,2,494,6,,gt,gt,0,fp_solo_render,69.781,,2.1,0.0119,1.0,5.9,2.1,solo,,,,40,11,11,0,0,0,0,0.0,"B,B,B,B,B,B,B,B,B,B,B",all_blocked,2.1,2026-09-11T23:11:52,72.0,1
lmo11,52,0,lmo,11,glue,2,494,6,,proxy,housecat6d/bottle-cleansing_lotion_small,1,fp_solo_render,130.109,,11.33,0.0644,0.5089,22.1,2.1,solo,,,,40,6,0,5,0,0,0,0.0,"F,F,F,F,F",grasp_failed,4.0,2026-09-11T23:11:54,72.0,1
lmo11,52,0,lmo,11,glue,2,521,6,,gt,gt,0,fp_solo_render,70.891,,3.03,0.0172,1.0,8.3,2.1,solo,,,,40,4,4,0,0,0,0,0.0,"B,B,B,B",all_blocked,1.5,2026-09-11T23:12:02,108.0,1
lmo11,52,0,lmo,11,glue,2,521,6,,proxy,housecat6d/bottle-cleansing_lotion_small,1,fp_solo_render,132.812,,11.94,0.0679,0.5025,20.9,2.1,solo,,,,40,8,0,5,0,0,0,0.0,"F,F,F,F,F",grasp_failed,4.0,2026-09-11T23:12:03,108.0,1
lmo11,52,0,lmo,11,glue,2,603,6,,gt,gt,0,fp_solo_render,65.062,,5.68,0.0323,0.9466,10.1,2.1,solo,,,,40,4,4,0,0,0,0,0.0,"B,B,B,B",all_blocked,1.5,2026-09-11T23:12:11,144.0,1
lmo11,52,0,lmo,11,glue,2,603,6,,proxy,housecat6d/bottle-cleansing_lotion_small,1,fp_solo_render,132.375,,10.67,0.0607,0.4733,14.8,2.1,solo,,,,40,3,3,0,0,0,0,0.0,"B,B,B",all_blocked,4.0,2026-09-11T23:12:13,144.0,1
lmo11,52,0,lmo,11,glue,2,727,5,,gt,gt,0,fp_solo_render,63.719,,5.79,0.0329,0.8546,10.5,2.1,solo,,,,40,0,0,0,0,0,0,0.0,,unreachable,1.2,2026-09-11T23:12:21,180.0,1
lmo11,52,0,lmo,11,glue,2,727,5,,proxy,housecat6d/bottle-cleansing_lotion_small,1,fp_solo_render,113.117,,14.08,0.08,0.4093,28.6,2.1,solo,,,,40,2,2,0,0,0,0,0.0,"B,B",all_blocked,4.0,2026-09-11T23:12:23,180.0,1
lmo11,52,0,lmo,11,glue,2,757,5,,gt,gt,0,fp_solo_render,46.281,,4.02,0.0229,0.9996,8.9,2.1,solo,,,,40,0,0,0,0,0,0,0.0,,unreachable,1.2,2026-09-11T23:12:30,216.0,1
lmo11,52,0,lmo,11,glue,2,757,5,,proxy,housecat6d/bottle-cleansing_lotion_small,1,fp_solo_render,117.234,,11.01,0.0626,0.522,20.4,2.1,solo,,,,40,2,2,0,0,0,0,0.0,"B,B",all_blocked,3.9,2026-09-11T23:12:32,216.0,1
lmo11,52,0,lmo,11,glue,2,801,6,,gt,gt,0,fp_solo_render,56.844,,2.48,0.0141,1.0,7.4,2.1,solo,,,,40,0,0,0,0,0,0,0.0,,unreachable,1.2,2026-09-11T23:12:40,252.0,1
lmo11,52,0,lmo,11,glue,2,801,6,,proxy,housecat6d/bottle-cleansing_lotion_small,1,fp_solo_render,133.125,,10.57,0.0601,0.5511,20.5,2.1,solo,,,,40,1,1,0,0,0,0,0.0,B,all_blocked,3.8,2026-09-11T23:12:41,252.0,1
lmo11,52,0,lmo,11,glue,2,821,6,,gt,gt,0,fp_solo_render,31.688,,3.48,0.0198,0.9992,8.8,2.1,solo,,,,40,0,0,0,0,0,0,0.0,,unreachable,1.2,2026-09-11T23:12:49,288.0,1
lmo11,52,0,lmo,11,glue,2,821,6,,proxy,housecat6d/bottle-cleansing_lotion_small,1,fp_solo_render,120.656,,10.09,0.0573,0.5616,15.1,2.1,solo,,,,40,9,3,5,0,0,0,0.0,"F,F,F,B,F,B,B,F",grasp_failed,4.3,2026-09-11T23:12:50,288.0,1
lmo11,52,0,lmo,11,glue,2,856,6,,gt,gt,0,fp_solo_render,47.094,,3.76,0.0214,0.9998,8.4,2.1,solo,,,,40,0,0,0,0,0,0,0.0,,unreachable,1.2,2026-09-11T23:12:58,324.0,1
lmo11,52,0,lmo,11,glue,2,856,6,,proxy,housecat6d/bottle-cleansing_lotion_small,1,fp_solo_render,128.281,,10.14,0.0576,0.4583,5.1,2.1,solo,,,,40,7,0,2,1,0,1,14.5,"F,S",,3.9,2026-09-11T23:13:00,324.0,1
tless4,20,0,tless,4,obj_04,5,43,1,,proxy3c,tless/obj_000015,0,fp_solo_render,131.188,,5.12,0.0634,0.5092,12.0,1.7,solo,,,,28,11,0,1,1,1,1,14.4,S,,3.9,2026-09-11T23:17:48,0.0,1
tless4,20,0,tless,4,obj_04,9,21,10,,proxy3c,tless/obj_000015,0,fp_solo_render,115.453,,8.63,0.1069,0.2901,23.1,1.7,solo,,,,28,8,0,1,1,1,1,14.6,S,,2.7,2026-09-11T23:17:52,36.0,1
tless4,20,0,tless,4,obj_04,17,10,4,,proxy3c,tless/obj_000015,0,fp_solo_render,126.703,,8.51,0.1054,0.2703,22.5,1.7,solo,,,,28,11,0,5,0,0,0,0.0,"F,F,F,F,F",grasp_failed,3.0,2026-09-11T23:17:55,72.0,1
tless4,20,0,tless,4,obj_04,18,130,3,,proxy3c,tless/obj_000015,0,fp_solo_render,122.656,,5.17,0.064,0.5138,12.0,1.7,solo,,,,28,10,0,1,1,1,1,14.2,S,,2.8,2026-09-11T23:17:58,108.0,1
tless4,20,0,tless,4,obj_04,20,3,15,,proxy3c,tless/obj_000015,0,fp_solo_render,127.078,,7.98,0.0988,0.2809,19.5,1.7,solo,,,,28,10,0,5,0,0,0,0.0,"F,F,F,F,F",grasp_failed,2.9,2026-09-11T23:18:01,144.0,1
tless4,20,0,tless,4,obj_04,5,86,1,,proxy3c,tless/obj_000015,0,fp_solo_render,132.219,,7.52,0.0932,0.3118,18.1,1.7,solo,,,,28,8,0,2,1,0,1,13.0,"F,S",,2.9,2026-09-11T23:18:04,180.0,1
tless4,20,0,tless,4,obj_04,9,64,10,,proxy3c,tless/obj_000015,0,fp_solo_render,112.742,,8.43,0.1044,0.2983,21.7,1.7,solo,,,,28,6,0,2,1,0,1,14.8,"F,S",,2.9,2026-09-11T23:18:07,216.0,1
tless4,20,0,tless,4,obj_04,17,14,4,,proxy3c,tless/obj_000015,0,fp_solo_render,119.297,,8.47,0.105,0.2704,20.4,1.7,solo,,,,28,10,0,5,0,0,0,0.0,"F,F,F,F,F",grasp_failed,2.9,2026-09-11T23:18:10,252.0,1
tless4,20,0,tless,4,obj_04,18,357,3,,proxy3c,tless/obj_000015,0,fp_solo_render,134.125,,12.12,0.1501,0.2203,27.7,1.7,solo,,,,28,10,0,5,0,0,0,0.0,"F,F,F,F,F",grasp_failed,2.8,2026-09-11T23:18:13,288.0,1
tless4,20,0,tless,4,obj_04,20,28,15,,proxy3c,tless/obj_000015,0,fp_solo_render,112.438,,7.66,0.0949,0.3438,19.9,1.7,solo,,,,28,7,0,1,1,1,1,15.2,S,,2.7,2026-09-11T23:18:16,324.0,1
ycbv2,1,0,ycbv,2,cracker box,54,1,0,,proxy3c,housecat6d/bottle-dettol_washing_machine,1,fp_solo_render,134.969,,29.94,0.1111,0.199,23.6,4.0,solo,,,,40,2,0,2,0,0,0,0.0,"F,F",grasp_failed,6.2,2026-09-11T23:18:29,0.0,1
ycbv2,1,0,ycbv,2,cracker box,54,38,0,,proxy3c,housecat6d/bottle-dettol_washing_machine,1,fp_solo_render,118.266,,34.53,0.1281,0.2606,76.4,4.0,solo,,,,40,10,6,4,0,0,0,0.0,"B,F,B,F,F,B,B,F,B,B",grasp_failed,4.4,2026-09-11T23:18:36,36.0,1
ycbv2,1,0,ycbv,2,cracker box,54,56,0,,proxy3c,housecat6d/bottle-dettol_washing_machine,1,fp_solo_render,124.188,,40.52,0.1503,0.2889,78.6,4.0,solo,,,,40,15,1,1,1,1,1,12.6,"B,S",,4.1,2026-09-11T23:18:40,72.0,1
ycbv2,1,0,ycbv,2,cracker box,54,86,0,,proxy3c,housecat6d/bottle-dettol_washing_machine,1,fp_solo_render,136.656,,32.71,0.1213,0.2571,62.6,4.0,solo,,,,40,16,0,1,1,1,1,11.0,S,,4.0,2026-09-11T23:18:44,108.0,1
ycbv2,1,0,ycbv,2,cracker box,54,202,0,,proxy3c,housecat6d/bottle-dettol_washing_machine,1,fp_solo_render,133.969,,29.24,0.1085,0.2002,32.4,4.0,solo,,,,40,14,0,1,1,1,1,10.1,S,,4.0,2026-09-11T23:18:48,144.0,1
ycbv2,1,0,ycbv,2,cracker box,54,1178,0,,proxy3c,housecat6d/bottle-dettol_washing_machine,1,fp_solo_render,126.172,,32.36,0.1201,0.2646,54.0,4.0,solo,,,,40,0,0,0,0,0,0,0.0,,unreachable,3.8,2026-09-11T23:18:53,180.0,1
ycbv2,1,0,ycbv,2,cracker box,54,1539,0,,proxy3c,housecat6d/bottle-dettol_washing_machine,1,fp_solo_render,126.516,,30.42,0.1128,0.2321,35.4,4.0,solo,,,,40,13,8,5,0,0,0,0.0,"B,B,B,F,F,B,B,B,B,B,F,F,F",grasp_failed,4.5,2026-09-11T23:18:56,216.0,1
ycbv2,1,0,ycbv,2,cracker box,54,1550,0,,proxy3c,housecat6d/bottle-dettol_washing_machine,1,fp_solo_render,147.0,,28.87,0.1071,0.2303,39.4,4.0,solo,,,,40,15,4,1,1,1,1,10.6,"B,B,B,B,S",,4.2,2026-09-11T23:19:01,252.0,1
ycbv2,1,0,ycbv,2,cracker box,54,1568,0,,proxy3c,housecat6d/bottle-dettol_washing_machine,1,fp_solo_render,135.188,,28.21,0.1046,0.2468,44.3,4.0,solo,,,,40,13,12,1,0,0,0,0.0,"B,B,B,B,B,B,B,B,B,B,F,B,B",grasp_failed,4.5,2026-09-11T23:19:05,288.0,1
ycbv2,1,0,ycbv,2,cracker box,54,1585,0,,proxy3c,housecat6d/bottle-dettol_washing_machine,1,fp_solo_render,130.219,,30.35,0.1126,0.1769,24.5,4.0,solo,,,,40,2,1,1,0,0,0,0.0,"F,B",grasp_failed,4.0,2026-09-11T23:19:10,324.0,1
ycbv3,2,0,ycbv,3,sugar box,49,36,0,,proxy3c,gso/Ultra_JarroDophilus,1,fp_solo_render,134.812,,36.3,0.183,0.1521,62.8,2.5,solo,,,,40,0,0,0,0,0,0,0.0,,unreachable,2.3,2026-09-11T23:19:15,0.0,1
ycbv3,2,0,ycbv,3,sugar box,51,1,1,,proxy3c,gso/Ultra_JarroDophilus,1,fp_solo_render,118.969,,13.97,0.0704,0.504,26.3,2.5,solo,,,,40,4,4,0,0,0,0,0.0,"B,B,B,B",all_blocked,1.8,2026-09-11T23:19:19,36.0,1
ycbv3,2,0,ycbv,3,sugar box,54,1,1,,proxy3c,gso/Ultra_JarroDophilus,1,fp_solo_render,122.781,,20.04,0.101,0.4095,47.4,2.5,solo,,,,40,0,0,0,0,0,0,0.0,,unreachable,1.5,2026-09-11T23:19:21,72.0,1
ycbv3,2,0,ycbv,3,sugar box,55,638,1,,proxy3c,gso/Ultra_JarroDophilus,1,fp_solo_render,133.625,,18.15,0.0915,0.3738,11.7,2.5,solo,,,,40,10,3,5,0,0,0,0.0,"B,F,F,B,B,F,F,F",grasp_failed,1.9,2026-09-11T23:19:23,108.0,1
ycbv3,2,0,ycbv,3,sugar box,49,537,0,,proxy3c,gso/Ultra_JarroDophilus,1,fp_solo_render,124.156,,15.27,0.077,0.4441,22.7,2.5,solo,,,,40,0,0,0,0,0,0,0.0,,unreachable,1.5,2026-09-11T23:19:25,144.0,1
ycbv3,2,0,ycbv,3,sugar box,51,116,1,,proxy3c,gso/Ultra_JarroDophilus,1,fp_solo_render,133.75,,54.28,0.2736,0.0,80.9,2.5,solo,,,,40,1,0,1,0,0,0,0.0,F,grasp_failed,1.6,2026-09-11T23:19:26,180.0,1
ycbv3,2,0,ycbv,3,sugar box,54,63,1,,proxy3c,gso/Ultra_JarroDophilus,1,fp_solo_render,120.109,,19.06,0.0961,0.4181,43.3,2.5,solo,,,,40,4,1,3,0,0,0,0.0,"B,F,F,F",grasp_failed,1.7,2026-09-11T23:19:28,216.0,1
ycbv3,2,0,ycbv,3,sugar box,55,641,1,,proxy3c,gso/Ultra_JarroDophilus,1,fp_solo_render,113.695,,16.85,0.0849,0.4686,39.3,2.5,solo,,,,40,0,0,0,0,0,0,0.0,,unreachable,1.5,2026-09-11T23:19:30,252.0,1
ycbv3,2,0,ycbv,3,sugar box,49,576,0,,proxy3c,gso/Ultra_JarroDophilus,1,fp_solo_render,122.578,,16.94,0.0854,0.4559,45.6,2.5,solo,,,,40,4,2,1,1,1,1,12.4,"B,B,S",,1.8,2026-09-11T23:19:31,288.0,1
ycbv3,2,0,ycbv,3,sugar box,51,553,1,,proxy3c,gso/Ultra_JarroDophilus,1,fp_solo_render,125.359,,19.18,0.0967,0.3291,38.2,2.5,solo,,,,40,12,0,1,1,1,1,8.8,S,,1.7,2026-09-11T23:19:33,324.0,1
ycbv4,3,0,ycbv,4,tomato soup can,50,1125,1,,proxy3c,ycbv/obj_000001,0,fp_solo_render,134.219,,17.51,0.1452,0.2157,27.8,1.9,solo,,,,1,0,0,0,0,0,0,0.0,,unreachable,3.4,2026-09-11T23:19:38,0.0,1
ycbv4,3,0,ycbv,4,tomato soup can,51,1,2,,proxy3c,ycbv/obj_000001,0,fp_solo_render,134.875,,17.6,0.146,0.2448,29.4,1.9,solo,,,,1,0,0,0,0,0,0,0.0,,unreachable,2.3,2026-09-11T23:19:41,36.0,1
ycbv4,3,0,ycbv,4,tomato soup can,53,1,0,,proxy3c,ycbv/obj_000001,0,fp_solo_render,140.375,,17.91,0.1486,0.1098,28.4,1.9,solo,,,,1,0,0,0,0,0,0,0.0,,unreachable,2.3,2026-09-11T23:19:43,72.0,1
ycbv4,3,0,ycbv,4,tomato soup can,55,22,2,,proxy3c,ycbv/obj_000001,0,fp_solo_render,137.406,,17.58,0.1459,0.1471,27.3,1.9,solo,,,,1,0,0,0,0,0,0,0.0,,unreachable,2.4,2026-09-11T23:19:46,108.0,1
ycbv4,3,0,ycbv,4,tomato soup can,57,24,0,,proxy3c,ycbv/obj_000001,0,fp_solo_render,140.812,,17.8,0.1477,0.1098,27.7,1.9,solo,,,,1,0,0,0,0,0,0,0.0,,unreachable,2.3,2026-09-11T23:19:49,144.0,1
ycbv4,3,0,ycbv,4,tomato soup can,59,1,1,,proxy3c,ycbv/obj_000001,0,fp_solo_render,139.375,,17.74,0.1472,0.2145,29.6,1.9,solo,,,,1,0,0,0,0,0,0,0.0,,unreachable,2.3,2026-09-11T23:19:52,180.0,1
ycbv4,3,0,ycbv,4,tomato soup can,50,1216,1,,proxy3c,ycbv/obj_000001,0,fp_solo_render,134.562,,17.43,0.1446,0.2516,26.7,1.9,solo,,,,1,0,0,0,0,0,0,0.0,,unreachable,2.3,2026-09-11T23:19:54,216.0,1
ycbv4,3,0,ycbv,4,tomato soup can,51,169,2,,proxy3c,ycbv/obj_000001,0,fp_solo_render,135.875,,17.61,0.1461,0.2479,29.9,1.9,solo,,,,1,0,0,0,0,0,0,0.0,,unreachable,2.3,2026-09-11T23:19:56,252.0,1
ycbv4,3,0,ycbv,4,tomato soup can,53,84,0,,proxy3c,ycbv/obj_000001,0,fp_solo_render,140.625,,46.91,0.3892,0.0735,94.4,1.9,solo,,,,1,0,0,0,0,0,0,0.0,,unreachable,2.3,2026-09-11T23:19:59,288.0,1
ycbv4,3,0,ycbv,4,tomato soup can,55,205,2,,proxy3c,ycbv/obj_000001,0,fp_solo_render,135.781,,17.47,0.1449,0.2283,26.5,1.9,solo,,,,1,0,0,0,0,0,0,0.0,,unreachable,2.3,2026-09-11T23:20:01,324.0,1
ycbv5,4,0,ycbv,5,mustard bottle,50,620,2,,proxy3c,gso/Nestle_Nesquik_Chocolate_Powder_Flavored_Milk_Additive_109_Oz_Canister,1,fp_solo_render,108.242,,9.43,0.048,0.5676,10.7,16.2,solo,,,,40,22,0,5,0,0,0,0.0,"F,F,F,F,F",grasp_failed,3.7,2026-09-11T23:20:04,0.0,1
ycbv5,4,0,ycbv,5,mustard bottle,52,21,0,,proxy3c,gso/Nestle_Nesquik_Chocolate_Powder_Flavored_Milk_Additive_109_Oz_Canister,1,fp_solo_render,114.609,,9.19,0.0468,0.6192,17.3,16.1,solo,,,,40,29,0,3,1,0,1,14.9,"F,F,S",,3.0,2026-09-11T23:20:08,36.0,1
ycbv5,4,0,ycbv,5,mustard bottle,50,644,2,,proxy3c,gso/Nestle_Nesquik_Chocolate_Powder_Flavored_Milk_Additive_109_Oz_Canister,1,fp_solo_render,130.281,,7.27,0.037,0.7544,19.5,16.4,solo,,,,40,28,3,5,0,0,0,0.0,"F,F,B,F,B,F,B,F",grasp_failed,3.2,2026-09-11T23:20:11,72.0,1
ycbv5,4,0,ycbv,5,mustard bottle,52,52,0,,proxy3c,gso/Nestle_Nesquik_Chocolate_Powder_Flavored_Milk_Additive_109_Oz_Canister,1,fp_solo_render,127.891,,16.88,0.0859,0.5405,42.7,15.2,solo,,,,40,5,0,4,1,0,1,14.7,"F,F,F,S",,3.0,2026-09-11T23:20:14,108.0,1
ycbv5,4,0,ycbv,5,mustard bottle,50,681,2,,proxy3c,gso/Nestle_Nesquik_Chocolate_Powder_Flavored_Milk_Additive_109_Oz_Canister,1,fp_solo_render,123.469,,6.65,0.0339,0.8037,16.7,16.0,solo,,,,40,0,0,0,0,0,0,0.0,,unreachable,2.6,2026-09-11T23:20:18,144.0,1
ycbv5,4,0,ycbv,5,mustard bottle,52,127,0,,proxy3c,gso/Nestle_Nesquik_Chocolate_Powder_Flavored_Milk_Additive_109_Oz_Canister,1,fp_solo_render,128.312,,7.69,0.0392,0.7027,11.4,16.2,solo,,,,40,0,0,0,0,0,0,0.0,,unreachable,2.6,2026-09-11T23:20:20,180.0,1
ycbv5,4,0,ycbv,5,mustard bottle,50,737,2,,proxy3c,gso/Nestle_Nesquik_Chocolate_Powder_Flavored_Milk_Additive_109_Oz_Canister,1,fp_solo_render,131.547,,7.87,0.04,0.6702,10.3,16.1,solo,,,,40,0,0,0,0,0,0,0.0,,unreachable,2.6,2026-09-11T23:20:23,216.0,1
ycbv5,4,0,ycbv,5,mustard bottle,52,171,0,,proxy3c,gso/Nestle_Nesquik_Chocolate_Powder_Flavored_Milk_Additive_109_Oz_Canister,1,fp_solo_render,131.203,,7.83,0.0398,0.6876,8.5,16.4,solo,,,,40,0,0,0,0,0,0,0.0,,unreachable,2.6,2026-09-11T23:20:26,252.0,1
ycbv5,4,0,ycbv,5,mustard bottle,50,1044,2,,proxy3c,gso/Nestle_Nesquik_Chocolate_Powder_Flavored_Milk_Additive_109_Oz_Canister,1,fp_solo_render,114.055,,8.84,0.045,0.5772,8.7,15.2,solo,,,,40,7,0,5,0,0,0,0.0,"F,F,F,F,F",grasp_failed,3.0,2026-09-11T23:20:28,288.0,1
ycbv5,4,0,ycbv,5,mustard bottle,52,516,0,,proxy3c,gso/Nestle_Nesquik_Chocolate_Powder_Flavored_Milk_Additive_109_Oz_Canister,1,fp_solo_render,109.586,,8.51,0.0433,0.5827,14.1,16.0,solo,,,,40,0,0,0,0,0,0,0.0,,unreachable,2.6,2026-09-11T23:20:31,324.0,1
ycbv6,5,0,ycbv,6,tuna fish can,48,1,1,,proxy3c,ycbv/obj_000001,0,fp_solo_render,127.625,,33.3,0.3708,0.1086,70.7,2.0,solo,,,,1,0,0,0,0,0,0,0.0,,unreachable,2.6,2026-09-11T23:20:38,0.0,1
ycbv6,5,0,ycbv,6,tuna fish can,49,1,1,,proxy3c,ycbv/obj_000001,0,fp_solo_render,129.422,,34.29,0.3818,0.06,65.2,2.0,solo,,,,1,1,0,1,0,0,0,0.0,F,grasp_failed,2.4,2026-09-11T23:20:41,36.0,1
ycbv6,5,0,ycbv,6,tuna fish can,52,1,1,,proxy3c,ycbv/obj_000001,0,fp_solo_render,137.281,,75.87,0.8449,0.0,120.4,2.0,solo,,,,1,0,0,0,0,0,0,0.0,,unreachable,2.3,2026-09-11T23:20:43,72.0,1
ycbv6,5,0,ycbv,6,tuna fish can,59,1,2,,proxy3c,ycbv/obj_000001,0,fp_solo_render,142.625,,25.66,0.2857,0.0545,33.2,2.0,solo,,,,1,1,0,1,0,0,0,0.0,F,grasp_failed,2.4,2026-09-11T23:20:46,108.0,1
ycbv6,5,0,ycbv,6,tuna fish can,48,1059,1,,proxy3c,ycbv/obj_000001,0,fp_solo_render,136.906,,27.54,0.3067,0.1133,51.8,2.0,solo,,,,1,0,0,0,0,0,0,0.0,,unreachable,2.3,2026-09-11T23:20:48,144.0,1
ycbv6,5,0,ycbv,6,tuna fish can,49,109,1,,proxy3c,ycbv/obj_000001,0,fp_solo_render,138.062,,27.72,0.3087,0.2625,50.0,2.0,solo,,,,1,0,0,0,0,0,0,0.0,,unreachable,2.3,2026-09-11T23:20:50,180.0,1
ycbv6,5,0,ycbv,6,tuna fish can,52,61,1,,proxy3c,ycbv/obj_000001,0,fp_solo_render,140.844,,28.34,0.3156,0.2444,50.9,2.0,solo,,,,1,0,0,0,0,0,0,0.0,,unreachable,2.3,2026-09-11T23:20:53,216.0,1
ycbv6,5,0,ycbv,6,tuna fish can,59,99,2,,proxy3c,ycbv/obj_000001,0,fp_solo_render,134.219,,28.86,0.3214,0.2534,52.9,2.0,solo,,,,1,0,0,0,0,0,0,0.0,,unreachable,2.3,2026-09-11T23:20:55,252.0,1
ycbv6,5,0,ycbv,6,tuna fish can,48,1097,1,,proxy3c,ycbv/obj_000001,0,fp_solo_render,127.328,,31.43,0.35,0.1485,58.7,2.0,solo,,,,1,0,0,0,0,0,0,0.0,,unreachable,2.3,2026-09-11T23:20:57,288.0,1
ycbv6,5,0,ycbv,6,tuna fish can,49,537,1,,proxy3c,ycbv/obj_000001,0,fp_solo_render,127.422,,30.94,0.3446,0.1078,64.3,2.0,solo,,,,1,0,0,0,0,0,0,0.0,,unreachable,2.3,2026-09-11T23:21:00,324.0,1
ycbv7,6,0,ycbv,7,pudding box,58,86,1,,proxy3c,ycbv/obj_000008,0,fp_solo_render,102.154,,9.51,0.0667,0.6584,25.6,2.6,solo,,,,40,9,0,1,1,1,1,14.9,S,,1.6,2026-09-11T23:21:03,0.0,1
ycbv7,6,0,ycbv,7,pudding box,58,114,1,,proxy3c,ycbv/obj_000008,0,fp_solo_render,101.27,,10.7,0.0751,0.5101,26.2,2.6,solo,,,,40,11,0,1,1,1,1,15.0,S,,1.2,2026-09-11T23:21:05,36.0,1
ycbv7,6,0,ycbv,7,pudding box,58,215,1,,proxy3c,ycbv/obj_000008,0,fp_solo_render,100.268,,11.73,0.0823,0.4929,26.8,2.6,solo,,,,40,10,0,1,1,1,1,14.8,S,,1.2,2026-09-11T23:21:06,72.0,1
ycbv7,6,0,ycbv,7,pudding box,58,553,1,,proxy3c,ycbv/obj_000008,0,fp_solo_render,113.227,,9.43,0.0662,0.5288,17.2,2.6,solo,,,,40,7,0,5,0,0,0,0.0,"F,F,F,F,F",grasp_failed,1.3,2026-09-11T23:21:08,108.0,1
ycbv7,6,0,ycbv,7,pudding box,58,583,1,,proxy3c,ycbv/obj_000008,0,fp_solo_render,106.395,,7.29,0.0511,0.4224,11.8,2.6,solo,,,,40,2,0,1,1,1,1,14.8,S,,1.2,2026-09-11T23:21:09,144.0,1
ycbv7,6,0,ycbv,7,pudding box,58,610,1,,proxy3c,ycbv/obj_000008,0,fp_solo_render,109.227,,8.95,0.0628,0.5295,16.5,2.6,solo,,,,40,7,0,1,1,1,1,14.6,S,,1.2,2026-09-11T23:21:10,180.0,1
ycbv7,6,0,ycbv,7,pudding box,58,642,1,,proxy3c,ycbv/obj_000008,0,fp_solo_render,106.355,,8.07,0.0566,0.6051,14.5,2.6,solo,,,,40,9,0,1,1,1,1,14.7,S,,1.2,2026-09-11T23:21:12,216.0,1
ycbv7,6,0,ycbv,7,pudding box,58,660,1,,proxy3c,ycbv/obj_000008,0,fp_solo_render,102.346,,7.77,0.0545,0.7338,14.7,2.6,solo,,,,40,14,0,1,1,1,1,14.8,S,,1.2,2026-09-11T23:21:13,252.0,1
ycbv7,6,0,ycbv,7,pudding box,58,691,1,,proxy3c,ycbv/obj_000008,0,fp_solo_render,107.094,,7.64,0.0536,0.7477,16.3,2.6,solo,,,,40,7,0,5,0,0,0,0.0,"F,F,F,F,F",grasp_failed,1.3,2026-09-11T23:21:14,288.0,1
ycbv7,6,0,ycbv,7,pudding box,58,1051,1,,proxy3c,ycbv/obj_000008,0,fp_solo_render,110.773,,8.15,0.0572,0.5667,13.8,2.6,solo,,,,40,15,0,1,1,1,1,14.7,S,,1.2,2026-09-11T23:21:16,324.0,1
ycbv8,7,0,ycbv,8,gelatin box,58,30,2,,proxy3c,ycbv/obj_000007,0,fp_solo_render,95.766,,8.13,0.0713,0.5784,19.9,2.1,solo,,,,40,0,0,0,0,0,0,0.0,,unreachable,1.7,2026-09-11T23:21:18,0.0,1
ycbv8,7,0,ycbv,8,gelatin box,58,121,2,,proxy3c,ycbv/obj_000007,0,fp_solo_render,100.159,,8.31,0.0729,0.526,19.2,2.1,solo,,,,40,0,0,0,0,0,0,0.0,,unreachable,1.3,2026-09-11T23:21:19,36.0,1
ycbv8,7,0,ycbv,8,gelatin box,58,215,2,,proxy3c,ycbv/obj_000007,0,fp_solo_render,95.77,,9.07,0.0795,0.3937,18.7,2.1,solo,,,,40,0,0,0,0,0,0,0.0,,unreachable,1.3,2026-09-11T23:21:21,72.0,1
ycbv8,7,0,ycbv,8,gelatin box,58,583,2,,proxy3c,ycbv/obj_000007,0,fp_solo_render,98.55,,9.33,0.0818,0.4016,18.6,2.1,solo,,,,40,1,0,1,1,1,1,13.4,S,,1.5,2026-09-11T23:21:22,108.0,1
ycbv8,7,0,ycbv,8,gelatin box,58,642,2,,proxy3c,ycbv/obj_000007,0,fp_solo_render,100.935,,11.04,0.0968,0.2915,18.7,2.1,solo,,,,40,0,0,0,0,0,0,0.0,,unreachable,1.3,2026-09-11T23:21:24,144.0,1
ycbv8,7,0,ycbv,8,gelatin box,58,677,2,,proxy3c,ycbv/obj_000007,0,fp_solo_render,96.027,,11.14,0.0977,0.2993,19.8,2.1,solo,,,,40,14,0,1,1,1,1,15.0,S,,1.5,2026-09-11T23:21:25,180.0,1
ycbv8,7,0,ycbv,8,gelatin box,58,1036,2,,proxy3c,ycbv/obj_000007,0,fp_solo_render,103.076,,10.11,0.0887,0.4565,19.5,2.1,solo,,,,40,13,0,1,1,1,1,14.5,S,,1.5,2026-09-11T23:21:27,216.0,1
ycbv8,7,0,ycbv,8,gelatin box,58,1084,2,,proxy3c,ycbv/obj_000007,0,fp_solo_render,96.182,,23.56,0.2066,0.279,39.7,2.1,solo,,,,40,0,0,0,0,0,0,0.0,,unreachable,1.4,2026-09-11T23:21:28,252.0,1
ycbv8,7,0,ycbv,8,gelatin box,58,1144,2,,proxy3c,ycbv/obj_000007,0,fp_solo_render,93.758,,8.3,0.0728,0.4897,19.7,2.1,solo,,,,40,1,0,1,0,0,0,0.0,F,grasp_failed,1.4,2026-09-11T23:21:30,288.0,1
ycbv8,7,0,ycbv,8,gelatin box,58,1180,2,,proxy3c,ycbv/obj_000007,0,fp_solo_render,97.184,,7.71,0.0676,0.6798,19.3,2.1,solo,,,,40,0,0,0,0,0,0,0.0,,unreachable,1.3,2026-09-11T23:21:31,324.0,1
ycbv9,8,0,ycbv,9,potted meat can,49,58,2,,proxy3c,ycbv/obj_000004,0,fp_solo_render,134.5,,20.62,0.1592,0.1983,41.1,2.6,solo,,,,40,13,0,4,1,0,1,11.2,"F,F,F,S",,2.1,2026-09-11T23:21:33,0.0,1
ycbv9,8,0,ycbv,9,potted meat can,53,1,1,,proxy3c,ycbv/obj_000004,0,fp_solo_render,133.562,,13.9,0.1073,0.2555,30.1,2.6,solo,,,,40,6,6,0,0,0,0,0.0,"B,B,B,B,B,B",all_blocked,1.9,2026-09-11T23:21:35,36.0,1
ycbv9,8,0,ycbv,9,potted meat can,59,127,3,,proxy3c,ycbv/obj_000004,0,fp_solo_render,131.688,,15.65,0.1208,0.269,33.7,2.6,solo,,,,40,7,7,0,0,0,0,0.0,"B,B,B,B,B,B,B",all_blocked,1.8,2026-09-11T23:21:37,72.0,1
ycbv9,8,0,ycbv,9,potted meat can,49,73,2,,proxy3c,ycbv/obj_000004,0,fp_solo_render,124.016,,14.64,0.113,0.2443,32.7,2.6,solo,,,,40,2,2,0,0,0,0,0.0,"B,B",all_blocked,1.5,2026-09-11T23:21:39,108.0,1
ycbv9,8,0,ycbv,9,potted meat can,53,14,1,,proxy3c,ycbv/obj_000004,0,fp_solo_render,131.125,,16.71,0.129,0.2579,37.9,2.6,solo,,,,40,11,0,5,0,0,0,0.0,"F,F,F,F,F",grasp_failed,1.8,2026-09-11T23:21:41,144.0,1
ycbv9,8,0,ycbv,9,potted meat can,59,492,3,,proxy3c,ycbv/obj_000004,0,fp_solo_render,134.656,,18.92,0.146,0.2232,33.2,2.6,solo,,,,40,16,0,5,0,0,0,0.0,"F,F,F,F,F",grasp_failed,1.8,2026-09-11T23:21:43,180.0,1
ycbv9,8,0,ycbv,9,potted meat can,53,33,1,,proxy3c,ycbv/obj_000004,0,fp_solo_render,127.594,,14.69,0.1134,0.2963,33.5,2.6,solo,,,,40,4,4,0,0,0,0,0.0,"B,B,B,B",all_blocked,1.7,2026-09-11T23:21:44,216.0,1
ycbv9,8,0,ycbv,9,potted meat can,59,525,3,,proxy3c,ycbv/obj_000004,0,fp_solo_render,122.984,,14.55,0.1123,0.2505,32.1,2.6,solo,,,,40,0,0,0,0,0,0,0.0,,unreachable,1.3,2026-09-11T23:21:46,252.0,1
ycbv9,8,0,ycbv,9,potted meat can,53,43,1,,proxy3c,ycbv/obj_000004,0,fp_solo_render,134.656,,18.58,0.1435,0.2184,39.9,2.6,solo,,,,40,13,1,5,0,0,0,0.0,"F,B,F,F,F,F",grasp_failed,1.7,2026-09-11T23:21:48,288.0,1
ycbv9,8,0,ycbv,9,potted meat can,59,567,3,,proxy3c,ycbv/obj_000004,0,fp_solo_render,132.094,,13.72,0.1059,0.2998,29.5,2.6,solo,,,,40,5,3,2,0,0,0,0.0,"F,B,F,B,B",grasp_failed,1.7,2026-09-11T23:21:49,324.0,1
ycbv10,9,0,ycbv,10,banana,50,620,3,,proxy3c,lmo/obj_000009,0,fp_solo_render,141.875,,26.65,0.1347,0.2247,41.5,2.1,solo,,,,40,6,0,3,1,0,1,12.2,"F,F,S",,1.8,2026-09-11T23:21:52,0.0,1
ycbv10,9,0,ycbv,10,banana,56,39,1,,proxy3c,lmo/obj_000009,0,fp_solo_render,138.656,,35.67,0.1803,0.1986,67.9,2.1,solo,,,,40,4,3,1,0,0,0,0.0,"B,B,F,B",grasp_failed,1.6,2026-09-11T23:21:54,36.0,1
ycbv10,9,0,ycbv,10,banana,50,644,3,,proxy3c,lmo/obj_000009,0,fp_solo_render,144.812,,30.83,0.1559,0.2178,40.6,2.1,solo,,,,40,5,0,5,0,0,0,0.0,"F,F,F,F,F",grasp_failed,1.6,2026-09-11T23:21:56,72.0,1
ycbv10,9,0,ycbv,10,banana,56,62,1,,proxy3c,lmo/obj_000009,0,fp_solo_render,146.5,,53.57,0.2708,0.0,56.3,2.1,solo,,,,40,2,2,0,0,0,0,0.0,"B,B",all_blocked,1.6,2026-09-11T23:21:57,108.0,1
ycbv10,9,0,ycbv,10,banana,50,651,3,,proxy3c,lmo/obj_000009,0,fp_solo_render,139.25,,36.98,0.187,0.1306,49.7,2.1,solo,,,,40,0,0,0,0,0,0,0.0,,unreachable,1.4,2026-09-11T23:21:59,144.0,1
ycbv10,9,0,ycbv,10,banana,56,98,1,,proxy3c,lmo/obj_000009,0,fp_solo_render,134.188,,36.44,0.1842,0.1447,49.5,2.1,solo,,,,40,0,0,0,0,0,0,0.0,,unreachable,1.3,2026-09-11T23:22:00,180.0,1
ycbv10,9,0,ycbv,10,banana,50,712,3,,proxy3c,lmo/obj_000009,0,fp_solo_render,141.25,,29.13,0.1473,0.2351,43.0,2.1,solo,,,,40,7,0,1,1,1,1,14.5,S,,1.4,2026-09-11T23:22:02,216.0,1
ycbv10,9,0,ycbv,10,banana,56,128,1,,proxy3c,lmo/obj_000009,0,fp_solo_render,142.75,,38.99,0.1971,0.1962,69.9,2.1,solo,,,,40,0,0,0,0,0,0,0.0,,unreachable,1.3,2026-09-11T23:22:03,252.0,1
ycbv10,9,0,ycbv,10,banana,50,737,3,,proxy3c,lmo/obj_000009,0,fp_solo_render,138.875,,27.86,0.1409,0.2209,55.6,2.1,solo,,,,40,0,0,0,0,0,0,0.0,,unreachable,1.3,2026-09-11T23:22:05,288.0,1
ycbv10,9,0,ycbv,10,banana,56,143,1,,proxy3c,lmo/obj_000009,0,fp_solo_render,138.281,,25.38,0.1283,0.2418,53.3,2.1,solo,,,,40,2,0,1,1,1,1,13.5,S,,1.5,2026-09-11T23:22:06,324.0,1
ycbv12,10,0,ycbv,12,bleach cleanser,51,1,3,,proxy3c,housecat6d/bottle-dettol_washing_machine,1,fp_solo_render,136.594,,16.88,0.065,0.5014,13.8,4.5,solo,,,,40,7,0,1,1,1,1,13.1,S,,4.3,2026-09-11T23:22:09,0.0,1
ycbv12,10,0,ycbv,12,bleach cleanser,54,32,2,,proxy3c,housecat6d/bottle-dettol_washing_machine,1,fp_solo_render,131.938,,40.54,0.1562,0.2132,96.8,3.8,solo,,,,40,0,0,0,0,0,0,0.0,,unreachable,3.8,2026-09-11T23:22:14,36.0,1
ycbv12,10,0,ycbv,12,bleach cleanser,55,1666,3,,proxy3c,housecat6d/bottle-dettol_washing_machine,1,fp_solo_render,144.156,,50.06,0.1929,0.1328,67.8,3.9,solo,,,,40,6,0,5,0,0,0,0.0,"F,F,F,F,F",grasp_failed,4.2,2026-09-11T23:22:17,72.0,1
ycbv12,10,0,ycbv,12,bleach cleanser,57,1,1,,proxy3c,housecat6d/bottle-dettol_washing_machine,1,fp_solo_render,130.484,,16.58,0.0639,0.5341,13.2,4.6,solo,,,,40,12,0,1,1,1,1,5.4,S,,3.9,2026-09-11T23:22:22,108.0,1
ycbv12,10,0,ycbv,12,bleach cleanser,51,407,3,,proxy3c,housecat6d/bottle-dettol_washing_machine,1,fp_solo_render,138.75,,18.25,0.0703,0.4173,16.8,3.8,solo,,,,40,12,0,1,1,1,1,13.4,S,,4.0,2026-09-11T23:22:26,144.0,1
ycbv12,10,0,ycbv,12,bleach cleanser,54,50,2,,proxy3c,housecat6d/bottle-dettol_washing_machine,1,fp_solo_render,136.656,,40.04,0.1542,0.2235,46.9,4.5,solo,,,,40,8,0,5,0,0,0,0.0,"F,F,F,F,F",grasp_failed,4.1,2026-09-11T23:22:30,180.0,1
ycbv12,10,0,ycbv,12,bleach cleanser,55,1717,3,,proxy3c,housecat6d/bottle-dettol_washing_machine,1,fp_solo_render,138.188,,16.69,0.0643,0.4563,14.4,3.8,solo,,,,40,12,0,1,1,1,1,13.3,S,,4.1,2026-09-11T23:22:34,216.0,1
ycbv12,10,0,ycbv,12,bleach cleanser,57,81,1,,proxy3c,housecat6d/bottle-dettol_washing_machine,1,fp_solo_render,139.062,,20.0,0.0771,0.5152,45.4,3.9,solo,,,,40,14,0,1,1,1,1,14.5,S,,4.0,2026-09-11T23:22:38,252.0,1
ycbv12,10,0,ycbv,12,bleach cleanser,51,553,3,,proxy3c,housecat6d/bottle-dettol_washing_machine,1,fp_solo_render,125.859,,25.88,0.0997,0.4962,61.9,4.6,solo,,,,40,8,8,0,0,0,0,0.0,"B,B,B,B,B,B,B,B",all_blocked,4.4,2026-09-11T23:22:42,288.0,1
ycbv12,10,0,ycbv,12,bleach cleanser,54,69,2,,proxy3c,housecat6d/bottle-dettol_washing_machine,1,fp_solo_render,136.969,,16.2,0.0624,0.5108,11.9,3.8,solo,,,,40,3,0,1,1,1,1,13.0,S,,4.1,2026-09-11T23:22:47,324.0,1
ycbv13,11,0,ycbv,13,bowl,49,1150,3,,proxy3c,housecat6d/cup-red,1,fp_solo_render,137.875,,57.38,0.3543,0.0868,101.4,1.5,solo,,,,40,9,0,2,1,0,1,12.5,"F,S",,5.4,2026-09-11T23:22:51,0.0,0
ycbv13,11,0,ycbv,13,bowl,53,93,2,,proxy3c,housecat6d/cup-red,1,fp_solo_render,142.281,,20.0,0.1235,0.3373,43.9,1.5,solo,,,,40,6,3,3,0,0,0,0.0,"F,F,F,B,B,B",grasp_failed,4.6,2026-09-11T23:22:57,36.0,0
ycbv13,11,0,ycbv,13,bowl,49,1582,3,,proxy3c,housecat6d/cup-red,1,fp_solo_render,139.781,,61.3,0.3786,0.0667,106.5,1.5,solo,,,,40,7,0,1,1,1,1,12.2,S,,4.3,2026-09-11T23:23:02,72.0,0
ycbv13,11,0,ycbv,13,bowl,53,519,2,,proxy3c,housecat6d/cup-red,1,fp_solo_render,141.188,,55.63,0.3436,0.0804,102.7,1.5,solo,,,,40,7,2,3,1,0,1,7.5,"F,F,B,B,S",,5.2,2026-09-11T23:23:06,108.0,0
ycbv13,11,0,ycbv,13,bowl,49,1595,3,,proxy3c,housecat6d/cup-red,1,fp_solo_render,136.562,,58.61,0.362,0.0868,103.9,1.5,solo,,,,40,9,0,1,1,1,1,8.4,S,,4.2,2026-09-11T23:23:11,144.0,0
ycbv13,11,0,ycbv,13,bowl,53,533,2,,proxy3c,housecat6d/cup-red,1,fp_solo_render,139.25,,24.41,0.1508,0.3184,43.8,1.5,solo,,,,40,12,1,5,0,0,0,0.0,"F,F,B,F,F,F",grasp_failed,4.5,2026-09-11T23:23:15,180.0,0
ycbv13,11,0,ycbv,13,bowl,49,1671,3,,proxy3c,housecat6d/cup-red,1,fp_solo_render,141.0,,23.97,0.148,0.3459,42.5,1.5,solo,,,,40,14,0,1,1,1,1,11.6,S,,4.2,2026-09-11T23:23:20,216.0,0
ycbv13,11,0,ycbv,13,bowl,53,539,2,,proxy3c,housecat6d/cup-red,1,fp_solo_render,141.156,,59.95,0.3703,0.0718,104.9,1.5,solo,,,,40,5,0,2,1,0,1,5.9,"F,S",,4.8,2026-09-11T23:23:24,252.0,0
ycbv13,11,0,ycbv,13,bowl,49,1881,3,,proxy3c,housecat6d/cup-red,1,fp_solo_render,143.125,,61.86,0.382,0.0492,105.5,1.5,solo,,,,40,8,0,1,1,1,1,9.0,S,,4.2,2026-09-11T23:23:29,288.0,0
ycbv13,11,0,ycbv,13,bowl,53,550,2,,proxy3c,housecat6d/cup-red,1,fp_solo_render,132.906,,58.26,0.3598,0.0864,102.9,1.5,solo,,,,40,6,0,1,1,1,1,13.0,S,,4.2,2026-09-11T23:23:34,324.0,0
ycbv14,12,0,ycbv,14,mug,48,1074,2,,proxy3c,housecat6d/cup-red_heart,1,fp_solo_render,95.527,,5.4,0.0432,0.6872,17.2,1.6,solo,,,,40,21,0,1,1,1,1,14.3,S,,5.2,2026-09-11T23:23:40,0.0,0
ycbv14,12,0,ycbv,14,mug,55,22,4,,proxy3c,housecat6d/cup-red_heart,1,fp_solo_render,97.584,,7.35,0.0588,0.4603,11.4,1.6,solo,,,,40,14,0,1,1,1,1,14.6,S,,4.2,2026-09-11T23:23:45,36.0,0
ycbv14,12,0,ycbv,14,mug,48,1126,2,,proxy3c,housecat6d/cup-red_heart,1,fp_solo_render,98.903,,6.92,0.0554,0.4916,11.3,1.6,solo,,,,40,17,0,1,1,1,1,15.0,S,,4.1,2026-09-11T23:23:49,72.0,0
ycbv14,12,0,ycbv,14,mug,55,205,4,,proxy3c,housecat6d/cup-red_heart,1,fp_solo_render,105.602,,8.4,0.0672,0.4247,10.7,1.6,solo,,,,40,20,0,1,1,1,1,14.9,S,,4.0,2026-09-11T23:23:53,108.0,0
ycbv14,12,0,ycbv,14,mug,48,1133,2,,proxy3c,housecat6d/cup-red_heart,1,fp_solo_render,108.422,,9.61,0.0769,0.3701,13.6,1.6,solo,,,,40,20,0,1,1,1,1,15.1,S,,4.2,2026-09-11T23:23:57,144.0,0
ycbv14,12,0,ycbv,14,mug,55,546,4,,proxy3c,housecat6d/cup-red_heart,1,fp_solo_render,111.93,,6.95,0.0556,0.5473,12.8,1.6,solo,,,,40,23,0,1,1,1,1,14.8,S,,4.2,2026-09-11T23:24:02,180.0,0
ycbv14,12,0,ycbv,14,mug,48,1644,2,,proxy3c,housecat6d/cup-red_heart,1,fp_solo_render,103.941,,8.54,0.0684,0.419,13.4,1.6,solo,,,,40,19,0,1,1,1,1,15.0,S,,4.1,2026-09-11T23:24:06,216.0,0
ycbv14,12,0,ycbv,14,mug,55,612,4,,proxy3c,housecat6d/cup-red_heart,1,fp_solo_render,105.965,,5.3,0.0424,0.6993,16.1,1.6,solo,,,,40,21,0,1,1,1,1,14.0,S,,4.2,2026-09-11T23:24:10,252.0,0
ycbv14,12,0,ycbv,14,mug,55,654,4,,proxy3c,housecat6d/cup-red_heart,1,fp_solo_render,105.895,,5.45,0.0436,0.667,17.0,1.6,solo,,,,40,21,0,1,1,1,1,14.4,S,,4.1,2026-09-11T23:24:14,288.0,0
ycbv14,12,0,ycbv,14,mug,55,1041,4,,proxy3c,housecat6d/cup-red_heart,1,fp_solo_render,108.812,,6.5,0.052,0.5825,16.0,1.6,solo,,,,40,23,0,1,1,1,1,14.9,S,,4.1,2026-09-11T23:24:18,324.0,0
ycbv15,13,0,ycbv,15,power drill,50,923,4,,proxy3c,lmo/obj_000008,0,fp_solo_render,126.359,,14.64,0.0647,0.4244,4.9,2.6,solo,,,,40,13,0,1,1,1,1,15.0,S,,3.6,2026-09-11T23:24:23,0.0,1
ycbv15,13,0,ycbv,15,power drill,54,1355,3,,proxy3c,lmo/obj_000008,0,fp_solo_render,124.656,,14.81,0.0655,0.4435,7.3,2.6,solo,,,,40,11,0,1,1,1,1,14.9,S,,3.4,2026-09-11T23:24:27,36.0,1
ycbv15,13,0,ycbv,15,power drill,56,254,3,,proxy3c,lmo/obj_000008,0,fp_solo_render,113.148,,15.86,0.0701,0.3797,13.3,2.6,solo,,,,40,12,0,1,1,1,1,14.7,S,,3.4,2026-09-11T23:24:30,72.0,1
ycbv15,13,0,ycbv,15,power drill,59,61,4,,proxy3c,lmo/obj_000008,0,fp_solo_render,113.781,,17.48,0.0773,0.3451,16.8,2.6,solo,,,,40,16,0,5,0,0,0,0.0,"F,F,F,F,F",grasp_failed,3.4,2026-09-11T23:24:34,108.0,1
ycbv15,13,0,ycbv,15,power drill,50,1052,4,,proxy3c,lmo/obj_000008,0,fp_solo_render,116.25,,10.16,0.0449,0.6342,18.0,2.6,solo,,,,40,15,0,1,1,1,1,14.7,S,,3.4,2026-09-11T23:24:37,144.0,1
ycbv15,13,0,ycbv,15,power drill,54,1539,3,,proxy3c,lmo/obj_000008,0,fp_solo_render,119.984,,10.15,0.0449,0.6038,16.5,2.6,solo,,,,40,21,0,1,1,1,1,14.8,S,,3.4,2026-09-11T23:24:41,180.0,1
ycbv15,13,0,ycbv,15,power drill,56,517,3,,proxy3c,lmo/obj_000008,0,fp_solo_render,120.484,,41.81,0.1849,0.3336,111.0,2.6,solo,,,,40,12,0,4,1,0,1,13.2,"F,F,F,S",,3.5,2026-09-11T23:24:44,216.0,1
ycbv15,13,0,ycbv,15,power drill,59,242,4,,proxy3c,lmo/obj_000008,0,fp_solo_render,120.578,,8.72,0.0385,0.6967,18.1,2.6,solo,,,,40,9,0,1,1,1,1,14.8,S,,3.4,2026-09-11T23:24:48,252.0,1
ycbv15,13,0,ycbv,15,power drill,50,1077,4,,proxy3c,lmo/obj_000008,0,fp_solo_render,118.047,,13.69,0.0605,0.4546,8.3,2.6,solo,,,,40,21,0,1,1,1,1,14.9,S,,3.3,2026-09-11T23:24:51,288.0,1
ycbv15,13,0,ycbv,15,power drill,54,1543,3,,proxy3c,lmo/obj_000008,0,fp_solo_render,113.0,,13.84,0.0612,0.4683,12.1,2.6,solo,,,,40,15,0,5,0,0,0,0.0,"F,F,F,F,F",grasp_failed,3.4,2026-09-11T23:24:55,324.0,1
ycbv19,14,0,ycbv,19,large clamp,48,1059,3,,proxy3c,ycbv/obj_000020,0,fp_solo_render,92.918,,8.21,0.047,0.6567,19.4,5.5,solo,,,,40,5,0,5,0,0,0,0.0,"F,F,F,F,F",grasp_failed,2.6,2026-09-11T23:24:59,0.0,1
ycbv19,14,0,ycbv,19,large clamp,54,1,4,,proxy3c,ycbv/obj_000020,0,fp_solo_render,105.113,,6.75,0.0386,0.7246,6.8,5.2,solo,,,,40,7,0,3,1,0,1,14.3,"F,F,S",,2.4,2026-09-11T23:25:01,36.0,1
ycbv19,14,0,ycbv,19,large clamp,48,1090,3,,proxy3c,ycbv/obj_000020,0,fp_solo_render,101.947,,7.91,0.0452,0.6431,9.6,5.3,solo,,,,40,10,0,5,0,0,0,0.0,"F,F,F,F,F",grasp_failed,2.3,2026-09-11T23:25:04,72.0,1
ycbv19,14,0,ycbv,19,large clamp,54,56,4,,proxy3c,ycbv/obj_000020,0,fp_solo_render,94.969,,6.65,0.0381,0.7338,8.3,5.5,solo,,,,40,12,1,5,0,0,0,0.0,"F,F,F,F,B,F",grasp_failed,2.6,2026-09-11T23:25:06,108.0,1
ycbv19,14,0,ycbv,19,large clamp,48,1113,3,,proxy3c,ycbv/obj_000020,0,fp_solo_render,103.75,,7.54,0.0431,0.683,11.9,5.1,solo,,,,40,9,0,5,1,0,1,14.0,"F,F,F,F,S",,2.7,2026-09-11T23:25:09,144.0,1
ycbv19,14,0,ycbv,19,large clamp,54,69,4,,proxy3c,ycbv/obj_000020,0,fp_solo_render,96.074,,7.54,0.0432,0.6358,8.5,5.5,solo,,,,40,7,0,5,0,0,0,0.0,"F,F,F,F,F",grasp_failed,2.3,2026-09-11T23:25:12,180.0,1
ycbv19,14,0,ycbv,19,large clamp,48,1132,3,,proxy3c,ycbv/obj_000020,0,fp_solo_render,101.497,,8.68,0.0497,0.568,11.0,5.2,solo,,,,40,10,0,5,0,0,0,0.0,"F,F,F,F,F",grasp_failed,2.4,2026-09-11T23:25:14,216.0,1
ycbv19,14,0,ycbv,19,large clamp,54,86,4,,proxy3c,ycbv/obj_000020,0,fp_solo_render,107.059,,5.04,0.0288,0.8383,8.2,5.3,solo,,,,40,10,0,2,1,0,1,7.3,"F,S",,2.5,2026-09-11T23:25:17,252.0,1
ycbv19,14,0,ycbv,19,large clamp,48,1576,3,,proxy3c,ycbv/obj_000020,0,fp_solo_render,108.203,,7.04,0.0403,0.7357,11.8,5.5,solo,,,,40,7,1,5,0,0,0,0.0,"F,F,F,F,B,F",grasp_failed,2.4,2026-09-11T23:25:19,288.0,1
ycbv19,14,0,ycbv,19,large clamp,54,135,4,,proxy3c,ycbv/obj_000020,0,fp_solo_render,108.047,,7.36,0.0421,0.7134,20.6,5.1,solo,,,,40,6,0,1,1,1,1,12.6,S,,2.3,2026-09-11T23:25:22,324.0,1
ycbv20,15,0,ycbv,20,extra large clamp,48,47,4,,proxy3c,ycbv/obj_000019,0,fp_solo_render,99.382,,7.4,0.0341,0.7642,4.4,3.1,solo,,,,40,19,0,1,1,1,1,14.7,S,,2.1,2026-09-11T23:25:24,0.0,1
ycbv20,15,0,ycbv,20,extra large clamp,48,1083,4,,proxy3c,ycbv/obj_000019,0,fp_solo_render,99.432,,6.05,0.0279,0.8186,4.7,3.0,solo,,,,40,21,0,1,1,1,1,14.7,S,,1.8,2026-09-11T23:25:27,36.0,1
ycbv20,15,0,ycbv,20,extra large clamp,48,1126,4,,proxy3c,ycbv/obj_000019,0,fp_solo_render,102.098,,7.08,0.0326,0.7676,3.8,3.0,solo,,,,40,24,0,1,1,1,1,14.7,S,,1.8,2026-09-11T23:25:28,72.0,1
ycbv20,15,0,ycbv,20,extra large clamp,48,1137,4,,proxy3c,ycbv/obj_000019,0,fp_solo_render,108.469,,9.02,0.0416,0.6588,9.9,3.1,solo,,,,40,26,1,1,1,1,1,14.7,"B,S",,1.9,2026-09-11T23:25:30,108.0,1
ycbv20,15,0,ycbv,20,extra large clamp,48,1568,4,,proxy3c,ycbv/obj_000019,0,fp_solo_render,110.289,,8.52,0.0393,0.6787,6.6,2.9,solo,,,,40,25,0,2,1,0,1,14.3,"F,S",,1.8,2026-09-11T23:25:32,144.0,1
ycbv20,15,0,ycbv,20,extra large clamp,48,1577,4,,proxy3c,ycbv/obj_000019,0,fp_solo_render,108.891,,6.0,0.0276,0.8893,16.2,3.1,solo,,,,40,0,0,0,0,0,0,0.0,,unreachable,1.6,2026-09-11T23:25:34,180.0,1
ycbv20,15,0,ycbv,20,extra large clamp,48,1586,4,,proxy3c,ycbv/obj_000019,0,fp_solo_render,107.109,,4.98,0.0229,0.8966,7.6,3.0,solo,,,,40,21,0,1,1,1,1,14.8,S,,1.8,2026-09-11T23:25:36,216.0,1
ycbv20,15,0,ycbv,20,extra large clamp,48,1597,4,,proxy3c,ycbv/obj_000019,0,fp_solo_render,103.008,,5.14,0.0237,0.8895,9.1,3.0,solo,,,,40,2,1,1,0,0,0,0.0,"B,F",grasp_failed,1.8,2026-09-11T23:25:38,252.0,1
ycbv20,15,0,ycbv,20,extra large clamp,48,1619,4,,proxy3c,ycbv/obj_000019,0,fp_solo_render,100.813,,5.36,0.0247,0.9045,12.6,3.1,solo,,,,40,1,1,0,0,0,0,0.0,B,all_blocked,1.7,2026-09-11T23:25:40,288.0,1
ycbv20,15,0,ycbv,20,extra large clamp,48,1631,4,,proxy3c,ycbv/obj_000019,0,fp_solo_render,97.424,,5.49,0.0253,0.8758,7.2,2.9,solo,,,,40,22,0,1,1,1,1,14.7,S,,1.8,2026-09-11T23:25:41,324.0,1
ycbv21,16,0,ycbv,21,foam brick,57,1,4,,proxy3c,gso/Ecoforms_Plant_Container_QP6CORAL,1,fp_solo_render,142.531,,52.7,0.5122,0.0729,93.6,1.4,solo,,,,6,2,0,2,0,0,0,0.0,"F,F",grasp_failed,2.2,2026-09-11T23:25:44,0.0,1
ycbv21,16,0,ycbv,21,foam brick,57,88,4,,proxy3c,gso/Ecoforms_Plant_Container_QP6CORAL,1,fp_solo_render,145.844,,82.82,0.8048,0.0188,142.2,1.4,solo,,,,6,1,0,1,0,0,0,0.0,F,grasp_failed,1.5,2026-09-11T23:25:46,36.0,1
ycbv21,16,0,ycbv,21,foam brick,57,537,4,,proxy3c,gso/Ecoforms_Plant_Container_QP6CORAL,1,fp_solo_render,143.062,,82.72,0.8039,0.0137,136.2,1.4,solo,,,,6,0,0,0,0,0,0,0.0,,unreachable,1.5,2026-09-11T23:25:48,72.0,1
ycbv21,16,0,ycbv,21,foam brick,57,584,4,,proxy3c,gso/Ecoforms_Plant_Container_QP6CORAL,1,fp_solo_render,142.375,,76.4,0.7424,0.0483,146.1,1.4,solo,,,,6,1,1,0,0,0,0,0.0,B,all_blocked,1.5,2026-09-11T23:25:49,108.0,1
ycbv21,16,0,ycbv,21,foam brick,57,790,4,,proxy3c,gso/Ecoforms_Plant_Container_QP6CORAL,1,fp_solo_render,145.5,,77.57,0.7538,0.0,130.0,1.4,solo,,,,6,0,0,0,0,0,0,0.0,,unreachable,1.5,2026-09-11T23:25:51,144.0,1
ycbv21,16,0,ycbv,21,foam brick,57,1054,4,,proxy3c,gso/Ecoforms_Plant_Container_QP6CORAL,1,fp_solo_render,134.469,,79.41,0.7717,0.001,130.4,1.4,solo,,,,6,1,1,0,0,0,0,0.0,B,all_blocked,1.5,2026-09-11T23:25:52,180.0,1
ycbv21,16,0,ycbv,21,foam brick,57,1082,4,,proxy3c,gso/Ecoforms_Plant_Container_QP6CORAL,1,fp_solo_render,145.406,,65.3,0.6346,0.0494,121.8,1.4,solo,,,,6,0,0,0,0,0,0,0.0,,unreachable,1.4,2026-09-11T23:25:54,216.0,1
ycbv21,16,0,ycbv,21,foam brick,57,1101,4,,proxy3c,gso/Ecoforms_Plant_Container_QP6CORAL,1,fp_solo_render,146.625,,80.07,0.7781,0.0039,130.5,1.4,solo,,,,6,0,0,0,0,0,0,0.0,,unreachable,1.5,2026-09-11T23:25:55,252.0,1
ycbv21,16,0,ycbv,21,foam brick,57,1527,4,,proxy3c,gso/Ecoforms_Plant_Container_QP6CORAL,1,fp_solo_render,146.969,,87.44,0.8498,0.0,137.7,1.4,solo,,,,6,0,0,0,0,0,0,0.0,,unreachable,1.5,2026-09-11T23:25:57,288.0,1
ycbv21,16,0,ycbv,21,foam brick,57,1570,4,,proxy3c,gso/Ecoforms_Plant_Container_QP6CORAL,1,fp_solo_render,141.188,,84.21,0.8184,0.0,133.3,1.4,solo,,,,6,0,0,0,0,0,0,0.0,,unreachable,1.4,2026-09-11T23:25:58,324.0,1
tless1,17,0,tless,1,obj_01,5,195,0,,proxy3c,tless/obj_000004,0,fp_solo_render,118.891,,7.49,0.118,0.2913,16.3,1.3,solo,,,,40,15,0,3,1,0,1,14.6,"F,F,S",,1.7,2026-09-11T23:26:03,0.0,1
tless1,17,0,tless,1,obj_01,9,0,2,,proxy3c,tless/obj_000004,0,fp_solo_render,109.961,,7.21,0.1136,0.2788,15.0,1.3,solo,,,,40,13,0,1,1,1,1,14.6,S,,1.6,2026-09-11T23:26:05,36.0,1
tless1,17,0,tless,1,obj_01,17,10,1,,proxy3c,tless/obj_000004,0,fp_solo_render,113.227,,7.7,0.1212,0.265,16.4,1.3,solo,,,,40,9,0,1,1,1,1,14.9,S,,1.6,2026-09-11T23:26:07,72.0,1
tless1,17,0,tless,1,obj_01,18,49,2,,proxy3c,tless/obj_000004,0,fp_solo_render,114.469,,5.84,0.0919,0.3594,11.6,1.3,solo,,,,40,14,0,1,1,1,1,13.8,S,,1.5,2026-09-11T23:26:08,108.0,1
tless1,17,0,tless,1,obj_01,20,3,4,,proxy3c,tless/obj_000004,0,fp_solo_render,116.969,,7.46,0.1175,0.2793,15.9,1.3,solo,,,,40,13,0,1,1,1,1,14.7,S,,1.6,2026-09-11T23:26:10,144.0,1
tless1,17,0,tless,1,obj_01,5,280,0,,proxy3c,tless/obj_000004,0,fp_solo_render,125.906,,9.02,0.142,0.2466,21.3,1.3,solo,,,,40,13,0,1,1,1,1,14.7,S,,1.5,2026-09-11T23:26:12,180.0,1
tless1,17,0,tless,1,obj_01,9,45,2,,proxy3c,tless/obj_000004,0,fp_solo_render,113.227,,5.26,0.0828,0.424,11.6,1.3,solo,,,,40,14,0,1,1,1,1,14.5,S,,1.6,2026-09-11T23:26:13,216.0,1
tless1,17,0,tless,1,obj_01,17,29,0,,proxy3c,tless/obj_000004,0,fp_solo_render,118.344,,6.29,0.099,0.333,12.5,1.3,solo,,,,40,6,0,1,1,1,1,14.1,S,,1.5,2026-09-11T23:26:15,252.0,1
tless1,17,0,tless,1,obj_01,18,55,2,,proxy3c,tless/obj_000004,0,fp_solo_render,115.281,,5.91,0.093,0.3588,12.1,1.3,solo,,,,40,14,0,1,1,1,1,14.6,S,,1.6,2026-09-11T23:26:17,288.0,1
tless1,17,0,tless,1,obj_01,20,28,3,,proxy3c,tless/obj_000004,0,fp_solo_render,116.203,,6.47,0.1019,0.3128,12.6,1.3,solo,,,,40,7,0,1,1,1,1,14.6,S,,1.5,2026-09-11T23:26:18,324.0,1
tless2,18,0,tless,2,obj_02,1,17,0,,proxy3c,tless/obj_000017,0,fp_solo_render,145.0,,30.11,0.4552,0.0062,50.1,1.5,solo,,,,40,4,0,3,1,0,1,14.3,"F,F,S",,3.6,2026-09-11T23:26:22,0.0,1
tless2,18,0,tless,2,obj_02,9,0,3,,proxy3c,tless/obj_000017,0,fp_solo_render,146.562,,27.91,0.4219,0.0636,56.4,1.5,solo,,,,40,5,0,5,1,0,1,14.7,"F,F,F,F,S",,3.6,2026-09-11T23:26:25,36.0,1
tless2,18,0,tless,2,obj_02,12,2,1,,proxy3c,tless/obj_000017,0,fp_solo_render,146.469,,37.52,0.5671,0.014,70.1,1.5,solo,,,,40,7,0,5,0,0,0,0.0,"F,F,F,F,F",grasp_failed,3.6,2026-09-11T23:26:29,72.0,1
tless2,18,0,tless,2,obj_02,20,3,7,,proxy3c,tless/obj_000017,0,fp_solo_render,144.688,,33.71,0.5096,0.0,48.2,1.5,solo,,,,40,6,0,1,1,1,1,11.9,S,,3.5,2026-09-11T23:26:33,108.0,1
tless2,18,0,tless,2,obj_02,1,38,0,,proxy3c,tless/obj_000017,0,fp_solo_render,146.594,,28.31,0.428,0.0554,56.0,1.5,solo,,,,40,4,0,4,0,0,0,0.0,"F,F,F,F",grasp_failed,3.5,2026-09-11T23:26:36,144.0,1
tless2,18,0,tless,2,obj_02,9,21,3,,proxy3c,tless/obj_000017,0,fp_solo_render,145.906,,29.98,0.4532,0.0127,50.5,1.5,solo,,,,40,4,0,4,0,0,0,0.0,"F,F,F,F",grasp_failed,3.5,2026-09-11T23:26:40,180.0,1
tless2,18,0,tless,2,obj_02,12,26,1,,proxy3c,tless/obj_000017,0,fp_solo_render,144.875,,32.27,0.4878,0.0093,54.0,1.5,solo,,,,40,5,0,2,1,0,1,14.9,"F,S",,3.5,2026-09-11T23:26:44,216.0,1
tless2,18,0,tless,2,obj_02,20,28,7,,proxy3c,tless/obj_000017,0,fp_solo_render,139.0,,28.89,0.4367,0.0123,43.2,1.5,solo,,,,40,6,0,1,1,1,1,13.6,S,,3.5,2026-09-11T23:26:47,252.0,1
tless2,18,0,tless,2,obj_02,1,89,0,,proxy3c,tless/obj_000017,0,fp_solo_render,143.812,,27.68,0.4184,0.0419,49.0,1.5,solo,,,,40,4,0,3,1,0,1,14.5,"F,F,S",,3.6,2026-09-11T23:26:51,288.0,1
tless2,18,0,tless,2,obj_02,9,57,4,,proxy3c,tless/obj_000017,0,fp_solo_render,146.594,,32.29,0.4882,0.0246,61.1,1.5,solo,,,,40,7,0,5,0,0,0,0.0,"F,F,F,F,F",grasp_failed,3.5,2026-09-11T23:26:54,324.0,1
tless3,19,0,tless,3,obj_03,7,3,1,,proxy3c,tless/obj_000017,0,fp_solo_render,147.312,,33.57,0.5137,0.0212,60.0,1.5,solo,,,,40,7,0,5,1,0,1,13.4,"F,F,F,F,S",,3.8,2026-09-11T23:27:00,0.0,1
tless3,19,0,tless,3,obj_03,9,0,5,,proxy3c,tless/obj_000017,0,fp_solo_render,146.219,,37.34,0.5715,0.0,56.4,1.5,solo,,,,40,7,0,1,1,1,1,6.1,S,,3.5,2026-09-11T23:27:03,36.0,1
tless3,19,0,tless,3,obj_03,12,2,2,,proxy3c,tless/obj_000017,0,fp_solo_render,146.844,,38.25,0.5854,0.0139,71.2,1.5,solo,,,,40,6,0,5,0,0,0,0.0,"F,F,F,F,F",grasp_failed,3.6,2026-09-11T23:27:07,72.0,1
tless3,19,0,tless,3,obj_03,20,17,12,,proxy3c,tless/obj_000017,0,fp_solo_render,146.906,,29.94,0.4581,0.0064,48.5,1.5,solo,,,,40,7,0,5,1,0,1,5.6,"F,F,F,F,S",,3.6,2026-09-11T23:27:11,108.0,1
tless3,19,0,tless,3,obj_03,7,21,1,,proxy3c,tless/obj_000017,0,fp_solo_render,143.125,,16.59,0.2539,0.1101,33.2,1.5,solo,,,,40,11,1,5,0,0,0,0.0,"F,B,F,F,F,F",grasp_failed,3.5,2026-09-11T23:27:14,144.0,1
tless3,19,0,tless,3,obj_03,9,45,5,,proxy3c,tless/obj_000017,0,fp_solo_render,143.625,,29.09,0.4451,0.0081,47.2,1.5,solo,,,,40,7,0,5,0,0,0,0.0,"F,F,F,F,F",grasp_failed,3.5,2026-09-11T23:27:18,180.0,1
tless3,19,0,tless,3,obj_03,12,34,2,,proxy3c,tless/obj_000017,0,fp_solo_render,147.312,,30.04,0.4597,0.0026,48.3,1.5,solo,,,,40,4,0,1,1,1,1,13.3,S,,3.4,2026-09-11T23:27:22,216.0,1
tless3,19,0,tless,3,obj_03,20,21,12,,proxy3c,tless/obj_000017,0,fp_solo_render,147.969,,28.41,0.4348,0.0357,50.4,1.5,solo,,,,40,5,0,1,1,1,1,13.6,S,,3.4,2026-09-11T23:27:25,252.0,1
tless3,19,0,tless,3,obj_03,7,54,1,,proxy3c,tless/obj_000017,0,fp_solo_render,146.75,,35.24,0.5393,0.0163,61.3,1.5,solo,,,,40,7,0,5,0,0,0,0.0,"F,F,F,F,F",grasp_failed,3.5,2026-09-11T23:27:29,288.0,1
tless3,19,0,tless,3,obj_03,9,70,5,,proxy3c,tless/obj_000017,0,fp_solo_render,145.969,,36.51,0.5587,0.0,54.3,1.5,solo,,,,40,7,0,2,1,0,1,6.1,"F,S",,3.5,2026-09-11T23:27:32,324.0,1
tless5,21,0,tless,5,obj_05,2,24,0,,proxy3c,tless/obj_000006,0,fp_solo_render,68.672,,4.66,0.0429,0.6554,11.4,1.5,solo,,,,40,8,0,3,1,0,1,14.7,"F,F,S",,2.5,2026-09-11T23:27:36,0.0,1
tless5,21,0,tless,5,obj_05,3,24,0,,proxy3c,tless/obj_000006,0,fp_solo_render,76.609,,3.8,0.035,0.7517,9.3,1.5,solo,,,,40,7,0,3,1,0,1,14.8,"F,F,S",,2.3,2026-09-11T23:27:39,36.0,1
tless5,21,0,tless,5,obj_05,4,0,0,,proxy3c,tless/obj_000006,0,fp_solo_render,82.391,,4.8,0.0441,0.6622,11.4,1.5,solo,,,,40,8,0,3,1,0,1,14.6,"F,F,S",,2.2,2026-09-11T23:27:41,72.0,1
tless5,21,0,tless,5,obj_05,11,23,0,,proxy3c,tless/obj_000006,0,fp_solo_render,65.875,,5.3,0.0487,0.6241,16.6,1.5,solo,,,,40,12,0,1,1,1,1,15.0,S,,2.2,2026-09-11T23:27:44,108.0,1
tless5,21,0,tless,5,obj_05,2,55,0,,proxy3c,tless/obj_000006,0,fp_solo_render,70.875,,4.24,0.039,0.7011,9.6,1.5,solo,,,,40,7,0,1,1,1,1,14.8,S,,2.2,2026-09-11T23:27:46,144.0,1
tless5,21,0,tless,5,obj_05,3,55,0,,proxy3c,tless/obj_000006,0,fp_solo_render,81.797,,4.0,0.0368,0.7166,8.4,1.5,solo,,,,40,9,0,1,1,1,1,14.5,S,,2.1,2026-09-11T23:27:48,180.0,1
tless5,21,0,tless,5,obj_05,4,10,0,,proxy3c,tless/obj_000006,0,fp_solo_render,75.594,,4.83,0.0444,0.6328,13.0,1.5,solo,,,,40,5,0,1,1,1,1,8.5,S,,2.2,2026-09-11T23:27:50,216.0,1
tless5,21,0,tless,5,obj_05,11,32,0,,proxy3c,tless/obj_000006,0,fp_solo_render,85.867,,5.9,0.0543,0.5561,15.6,1.5,solo,,,,40,11,0,1,1,1,1,14.8,S,,2.2,2026-09-11T23:27:53,252.0,1
tless5,21,0,tless,5,obj_05,2,65,0,,proxy3c,tless/obj_000006,0,fp_solo_render,64.656,,4.36,0.0401,0.7213,13.4,1.5,solo,,,,40,9,0,1,1,1,1,14.8,S,,2.1,2026-09-11T23:27:55,288.0,1
tless5,21,0,tless,5,obj_05,3,459,0,,proxy3c,tless/obj_000006,0,fp_solo_render,105.332,,16.13,0.1484,0.3084,37.7,1.5,solo,,,,40,10,0,5,0,0,0,0.0,"F,F,F,F,F",grasp_failed,2.4,2026-09-11T23:27:57,324.0,1
tless6,22,0,tless,6,obj_06,2,338,1,,proxy3c,tless/obj_000005,0,fp_solo_render,95.699,,10.05,0.0929,0.3295,25.5,1.0,solo,,,,40,13,0,5,0,0,0,0.0,"F,F,F,F,F",grasp_failed,3.9,2026-09-11T23:28:00,0.0,1
tless6,22,0,tless,6,obj_06,6,2,0,,proxy3c,tless/obj_000005,0,fp_solo_render,76.344,,5.62,0.0519,0.5528,14.0,1.0,solo,,,,40,5,0,1,1,1,1,14.6,S,,3.5,2026-09-11T23:28:04,36.0,1
tless6,22,0,tless,6,obj_06,2,416,1,,proxy3c,tless/obj_000005,0,fp_solo_render,101.049,,11.79,0.1089,0.3205,29.9,1.0,solo,,,,40,3,0,3,0,0,0,0.0,"F,F,F",grasp_failed,3.6,2026-09-11T23:28:07,72.0,1
tless6,22,0,tless,6,obj_06,6,23,0,,proxy3c,tless/obj_000005,0,fp_solo_render,92.238,,5.02,0.0463,0.5825,12.2,1.0,solo,,,,40,2,0,2,1,0,1,14.8,"F,S",,3.5,2026-09-11T23:28:11,108.0,1
tless6,22,0,tless,6,obj_06,2,434,1,,proxy3c,tless/obj_000005,0,fp_solo_render,97.852,,17.13,0.1582,0.2609,39.2,1.0,solo,,,,40,8,0,5,0,0,0,0.0,"F,F,F,F,F",grasp_failed,3.7,2026-09-11T23:28:14,144.0,1
tless6,22,0,tless,6,obj_06,6,39,0,,proxy3c,tless/obj_000005,0,fp_solo_render,80.75,,4.05,0.0374,0.7059,8.1,1.0,solo,,,,40,2,0,2,1,0,1,14.8,"F,S",,3.5,2026-09-11T23:28:18,180.0,1
tless6,22,0,tless,6,obj_06,2,470,1,,proxy3c,tless/obj_000005,0,fp_solo_render,109.742,,15.36,0.1419,0.3261,37.3,1.0,solo,,,,40,9,0,3,1,0,1,14.9,"F,F,S",,3.7,2026-09-11T23:28:22,216.0,1
tless6,22,0,tless,6,obj_06,6,58,0,,proxy3c,tless/obj_000005,0,fp_solo_render,77.766,,4.25,0.0392,0.6942,10.1,1.0,solo,,,,40,2,0,2,1,0,1,14.8,"F,S",,3.6,2026-09-11T23:28:26,252.0,1
tless6,22,0,tless,6,obj_06,2,478,1,,proxy3c,tless/obj_000005,0,fp_solo_render,86.32,,14.52,0.1341,0.3043,35.1,1.0,solo,,,,40,16,0,3,1,0,1,14.8,"F,F,S",,3.7,2026-09-11T23:28:29,288.0,1
tless6,22,0,tless,6,obj_06,6,87,0,,proxy3c,tless/obj_000005,0,fp_solo_render,92.121,,4.46,0.0412,0.7335,13.5,1.0,solo,,,,40,2,0,2,1,0,1,14.9,"F,S",,3.5,2026-09-11T23:28:33,324.0,1
tless7,23,0,tless,7,obj_07,2,24,2,,proxy3c,tless/obj_000008,0,fp_solo_render,98.694,,18.94,0.106,0.5773,52.0,1.7,solo,,,,40,12,0,1,1,1,1,14.9,S,,3.5,2026-09-11T23:28:37,0.0,1
tless7,23,0,tless,7,obj_07,6,2,1,,proxy3c,tless/obj_000008,0,fp_solo_render,87.227,,21.01,0.1177,0.5381,58.0,1.7,solo,,,,40,15,0,1,1,1,1,14.9,S,,3.4,2026-09-11T23:28:40,36.0,1
tless7,23,0,tless,7,obj_07,12,2,4,,proxy3c,tless/obj_000008,0,fp_solo_render,92.957,,21.95,0.1229,0.4396,55.3,1.7,solo,,,,40,17,0,1,1,1,1,14.8,S,,3.4,2026-09-11T23:28:43,72.0,1
tless7,23,0,tless,7,obj_07,17,332,5,,proxy3c,tless/obj_000008,0,fp_solo_render,110.312,,14.48,0.0811,0.5539,29.3,1.7,solo,,,,40,14,0,5,1,0,1,14.4,"F,F,F,F,S",,3.5,2026-09-11T23:28:47,108.0,1
tless7,23,0,tless,7,obj_07,18,399,5,,proxy3c,tless/obj_000008,0,fp_solo_render,111.656,,14.1,0.0789,0.5498,25.7,1.7,solo,,,,40,0,0,0,0,0,0,0.0,,unreachable,3.2,2026-09-11T23:28:50,144.0,1
tless7,23,0,tless,7,obj_07,2,142,2,,proxy3c,tless/obj_000008,0,fp_solo_render,102.986,,19.23,0.1077,0.5896,52.9,1.7,solo,,,,40,0,0,0,0,0,0,0.0,,unreachable,3.2,2026-09-11T23:28:54,180.0,1
tless7,23,0,tless,7,obj_07,6,32,1,,proxy3c,tless/obj_000008,0,fp_solo_render,101.455,,17.4,0.0974,0.617,46.4,1.7,solo,,,,40,16,0,1,1,1,1,14.7,S,,3.4,2026-09-11T23:28:57,216.0,1
tless7,23,0,tless,7,obj_07,12,7,4,,proxy3c,tless/obj_000008,0,fp_solo_render,99.039,,23.84,0.1335,0.3866,62.2,1.7,solo,,,,40,0,0,0,0,0,0,0.0,,unreachable,3.2,2026-09-11T23:29:00,252.0,1
tless7,23,0,tless,7,obj_07,17,360,5,,proxy3c,tless/obj_000008,0,fp_solo_render,113.883,,14.81,0.0829,0.5402,30.0,1.7,solo,,,,40,16,0,5,0,0,0,0.0,"F,F,F,F,F",grasp_failed,3.6,2026-09-11T23:29:04,288.0,1
tless7,23,0,tless,7,obj_07,18,473,5,,proxy3c,tless/obj_000008,0,fp_solo_render,98.154,,32.86,0.184,0.3486,87.0,1.7,solo,,,,40,8,3,5,0,0,0,0.0,"B,F,F,F,B,B,F,F",grasp_failed,3.7,2026-09-11T23:29:07,324.0,1
tless8,24,0,tless,8,obj_08,3,5,1,,proxy3c,tless/obj_000007,0,fp_solo_render,88.102,,21.92,0.1009,0.5831,62.9,2.0,solo,,,,40,1,1,0,0,0,0,0.0,B,all_blocked,3.4,2026-09-11T23:29:11,0.0,1
tless8,24,0,tless,8,obj_08,4,0,1,,proxy3c,tless/obj_000007,0,fp_solo_render,74.625,,18.96,0.0873,0.5877,50.8,2.0,solo,,,,40,0,0,0,0,0,0,0.0,,unreachable,3.3,2026-09-11T23:29:15,36.0,1
tless8,24,0,tless,8,obj_08,11,12,1,,proxy3c,tless/obj_000007,0,fp_solo_render,80.859,,17.82,0.0821,0.5628,44.4,2.0,solo,,,,40,0,0,0,0,0,0,0.0,,unreachable,3.3,2026-09-11T23:29:18,72.0,1
tless8,24,0,tless,8,obj_08,3,24,1,,proxy3c,tless/obj_000007,0,fp_solo_render,78.25,,20.16,0.0929,0.6091,57.4,2.0,solo,,,,40,1,1,0,0,0,0,0.0,B,all_blocked,3.4,2026-09-11T23:29:21,108.0,1
tless8,24,0,tless,8,obj_08,4,104,1,,proxy3c,tless/obj_000007,0,fp_solo_render,87.734,,18.11,0.0834,0.6328,48.6,2.0,solo,,,,40,1,1,0,0,0,0,0.0,B,all_blocked,3.5,2026-09-11T23:29:25,144.0,1
tless8,24,0,tless,8,obj_08,11,23,1,,proxy3c,tless/obj_000007,0,fp_solo_render,84.844,,21.52,0.0991,0.5314,58.9,2.0,solo,,,,40,0,0,0,0,0,0,0.0,,unreachable,3.2,2026-09-11T23:29:28,180.0,1
tless8,24,0,tless,8,obj_08,3,46,1,,proxy3c,tless/obj_000007,0,fp_solo_render,85.406,,19.98,0.092,0.6123,58.1,2.0,solo,,,,40,0,0,0,0,0,0,0.0,,unreachable,3.2,2026-09-11T23:29:32,216.0,1
tless8,24,0,tless,8,obj_08,4,152,1,,proxy3c,tless/obj_000007,0,fp_solo_render,82.969,,15.6,0.0718,0.6566,40.2,2.0,solo,,,,40,0,0,0,0,0,0,0.0,,unreachable,3.3,2026-09-11T23:29:35,252.0,1
tless8,24,0,tless,8,obj_08,11,44,1,,proxy3c,tless/obj_000007,0,fp_solo_render,77.0,,21.07,0.097,0.5454,58.1,2.0,solo,,,,40,0,0,0,0,0,0,0.0,,unreachable,3.2,2026-09-11T23:29:38,288.0,1
tless8,24,0,tless,8,obj_08,3,79,1,,proxy3c,tless/obj_000007,0,fp_solo_render,85.734,,17.14,0.0789,0.6448,45.8,2.0,solo,,,,40,0,0,0,0,0,0,0.0,,unreachable,3.4,2026-09-11T23:29:42,324.0,1
tless9,25,0,tless,9,obj_09,5,7,2,,proxy3c,tless/obj_000007,0,fp_solo_render,131.969,,8.34,0.0577,0.6149,27.8,1.7,solo,,,,40,6,1,1,1,1,1,13.9,"B,S",,3.6,2026-09-11T23:29:45,0.0,1
tless9,25,0,tless,9,obj_09,11,216,2,,proxy3c,tless/obj_000007,0,fp_solo_render,135.281,,7.77,0.0537,0.6345,26.3,1.7,solo,,,,40,6,1,1,1,1,1,13.2,"B,S",,3.6,2026-09-11T23:29:49,36.0,1
tless9,25,0,tless,9,obj_09,12,100,5,,proxy3c,tless/obj_000007,0,fp_solo_render,137.031,,17.59,0.1217,0.5087,50.2,1.7,solo,,,,40,6,0,1,1,1,1,11.7,S,,3.8,2026-09-11T23:29:53,72.0,1
tless9,25,0,tless,9,obj_09,17,168,6,,proxy3c,tless/obj_000007,0,fp_solo_render,136.625,,30.32,0.2098,0.1594,59.0,1.7,solo,,,,40,0,0,0,0,0,0,0.0,,unreachable,3.3,2026-09-11T23:29:56,108.0,1
tless9,25,0,tless,9,obj_09,18,206,6,,proxy3c,tless/obj_000007,0,fp_solo_render,117.0,,46.83,0.324,0.0349,89.4,1.7,solo,,,,40,1,1,0,0,0,0,0.0,B,all_blocked,3.5,2026-09-11T23:30:00,144.0,1
tless9,25,0,tless,9,obj_09,5,31,2,,proxy3c,tless/obj_000007,0,fp_solo_render,132.344,,6.39,0.0442,0.6825,15.6,1.7,solo,,,,40,22,0,1,1,1,1,10.1,S,,3.6,2026-09-11T23:30:03,180.0,1
tless9,25,0,tless,9,obj_09,11,226,2,,proxy3c,tless/obj_000007,0,fp_solo_render,132.656,,9.34,0.0646,0.5871,34.3,1.7,solo,,,,40,17,0,5,0,0,0,0.0,"F,F,F,F,F",grasp_failed,3.9,2026-09-11T23:30:07,216.0,1
tless9,25,0,tless,9,obj_09,12,171,5,,proxy3c,tless/obj_000007,0,fp_solo_render,127.438,,10.06,0.0696,0.5365,33.4,1.7,solo,,,,40,10,0,3,1,0,1,13.8,"F,F,S",,3.8,2026-09-11T23:30:11,252.0,1
tless9,25,0,tless,9,obj_09,17,189,6,,proxy3c,tless/obj_000007,0,fp_solo_render,126.297,,7.4,0.0512,0.62,23.1,1.7,solo,,,,40,9,0,5,0,0,0,0.0,"F,F,F,F,F",grasp_failed,3.6,2026-09-11T23:30:15,288.0,1
tless9,25,0,tless,9,obj_09,18,324,6,,proxy3c,tless/obj_000007,0,fp_solo_render,131.266,,14.2,0.0983,0.3679,45.7,1.7,solo,,,,40,8,0,5,0,0,0,0.0,"F,F,F,F,F",grasp_failed,3.8,2026-09-11T23:30:19,324.0,1
tless10,26,0,tless,10,obj_10,5,7,3,,proxy3c,tless/obj_000006,0,fp_solo_render,137.938,,11.19,0.124,0.3979,26.4,1.6,solo,,,,40,19,0,1,1,1,1,14.8,S,,2.2,2026-09-11T23:30:23,0.0,1
tless10,26,0,tless,10,obj_10,11,4,3,,proxy3c,tless/obj_000006,0,fp_solo_render,138.75,,12.28,0.1362,0.3402,28.2,1.6,solo,,,,40,18,0,1,1,1,1,14.8,S,,2.2,2026-09-11T23:30:25,36.0,1
tless10,26,0,tless,10,obj_10,16,8,0,,proxy3c,tless/obj_000006,0,fp_solo_render,136.375,,14.02,0.1554,0.3117,35.1,1.6,solo,,,,40,0,0,0,0,0,0,0.0,,unreachable,2.0,2026-09-11T23:30:27,72.0,1
tless10,26,0,tless,10,obj_10,5,43,3,,proxy3c,tless/obj_000006,0,fp_solo_render,130.422,,9.13,0.1012,0.4909,22.5,1.6,solo,,,,40,19,0,3,1,0,1,14.8,"F,F,S",,2.7,2026-09-11T23:30:29,108.0,1
tless10,26,0,tless,10,obj_10,11,23,3,,proxy3c,tless/obj_000006,0,fp_solo_render,137.969,,12.99,0.1439,0.3501,32.9,1.6,solo,,,,40,0,0,0,0,0,0,0.0,,unreachable,2.0,2026-09-11T23:30:32,144.0,1
tless10,26,0,tless,10,obj_10,16,31,0,,proxy3c,tless/obj_000006,0,fp_solo_render,141.75,,13.41,0.1486,0.3468,33.9,1.6,solo,,,,40,0,0,0,0,0,0,0.0,,unreachable,2.0,2026-09-11T23:30:34,180.0,1
tless10,26,0,tless,10,obj_10,5,100,3,,proxy3c,tless/obj_000006,0,fp_solo_render,137.844,,6.99,0.0775,0.4593,18.4,1.6,solo,,,,40,12,0,1,1,1,1,14.8,S,,2.3,2026-09-11T23:30:36,216.0,1
tless10,26,0,tless,10,obj_10,11,37,3,,proxy3c,tless/obj_000006,0,fp_solo_render,138.406,,6.4,0.0709,0.4511,12.2,1.6,solo,,,,40,8,0,5,1,0,1,12.9,"F,F,F,F,S",,2.8,2026-09-11T23:30:39,252.0,1
tless10,26,0,tless,10,obj_10,16,55,0,,proxy3c,tless/obj_000006,0,fp_solo_render,144.188,,12.34,0.1368,0.3452,28.4,1.6,solo,,,,40,18,0,1,1,1,1,14.8,S,,2.2,2026-09-11T23:30:42,288.0,1
tless10,26,0,tless,10,obj_10,5,117,3,,proxy3c,tless/obj_000006,0,fp_solo_render,141.375,,9.29,0.103,0.3636,21.9,1.6,solo,,,,40,2,0,1,1,1,1,14.9,S,,2.4,2026-09-11T23:30:44,324.0,1
tless11,27,0,tless,11,obj_11,3,144,2,,proxy3c,tless/obj_000012,0,fp_solo_render,118.484,,5.36,0.07,0.483,14.2,1.3,solo,,,,40,2,0,2,0,0,0,0.0,"F,F",grasp_failed,3.5,2026-09-11T23:30:47,0.0,1
tless11,27,0,tless,11,obj_11,6,96,3,,proxy3c,tless/obj_000012,0,fp_solo_render,107.383,,5.63,0.0734,0.4386,15.4,1.3,solo,,,,40,1,0,1,0,0,0,0.0,F,grasp_failed,3.4,2026-09-11T23:30:50,36.0,1
tless11,27,0,tless,11,obj_11,16,31,1,,proxy3c,tless/obj_000012,0,fp_solo_render,99.373,,7.56,0.0986,0.336,21.1,1.3,solo,,,,40,2,0,1,1,1,1,14.9,S,,3.4,2026-09-11T23:30:54,72.0,1
tless11,27,0,tless,11,obj_11,3,405,2,,proxy3c,tless/obj_000012,0,fp_solo_render,124.328,,11.05,0.1442,0.2347,28.4,1.3,solo,,,,40,6,0,5,0,0,0,0.0,"F,F,F,F,F",grasp_failed,3.5,2026-09-11T23:30:57,108.0,1
tless11,27,0,tless,11,obj_11,6,105,3,,proxy3c,tless/obj_000012,0,fp_solo_render,111.461,,4.47,0.0583,0.5578,11.2,1.3,solo,,,,40,2,0,2,0,0,0,0.0,"F,F",grasp_failed,3.4,2026-09-11T23:31:01,144.0,1
tless11,27,0,tless,11,obj_11,16,61,1,,proxy3c,tless/obj_000012,0,fp_solo_render,99.781,,9.14,0.1193,0.3084,25.6,1.3,solo,,,,40,10,0,3,1,0,1,10.2,"F,F,S",,3.8,2026-09-11T23:31:04,180.0,1
tless11,27,0,tless,11,obj_11,3,459,2,,proxy3c,tless/obj_000012,0,fp_solo_render,112.125,,17.22,0.2248,0.1805,37.9,1.3,solo,,,,40,9,0,5,0,0,0,0.0,"F,F,F,F,F",grasp_failed,3.6,2026-09-11T23:31:08,216.0,1
tless11,27,0,tless,11,obj_11,6,139,3,,proxy3c,tless/obj_000012,0,fp_solo_render,102.984,,4.08,0.0532,0.6391,9.6,1.3,solo,,,,40,10,0,1,1,1,1,14.9,S,,3.4,2026-09-11T23:31:12,252.0,1
tless11,27,0,tless,11,obj_11,16,117,1,,proxy3c,tless/obj_000012,0,fp_solo_render,110.453,,4.21,0.055,0.6189,10.4,1.3,solo,,,,40,8,4,4,0,0,0,0.0,"F,F,B,F,B,B,B,F",grasp_failed,3.9,2026-09-11T23:31:15,288.0,1
tless11,27,0,tless,11,obj_11,6,170,3,,proxy3c,tless/obj_000012,0,fp_solo_render,112.148,,7.17,0.0936,0.3772,21.2,1.3,solo,,,,40,10,0,5,0,0,0,0.0,"F,F,F,F,F",grasp_failed,3.6,2026-09-11T23:31:19,324.0,1
tless12,28,0,tless,12,obj_12,3,10,3,,proxy3c,tless/obj_000011,0,fp_solo_render,90.367,,4.64,0.054,0.6104,12.8,1.3,solo,,,,40,3,0,3,1,0,1,14.5,"F,F,S",,3.6,2026-09-11T23:31:23,0.0,1
tless12,28,0,tless,12,obj_12,6,39,4,,proxy3c,tless/obj_000011,0,fp_solo_render,90.008,,4.0,0.0465,0.6432,9.4,1.3,solo,,,,40,12,0,5,1,0,1,14.6,"F,F,F,F,S",,3.8,2026-09-11T23:31:27,36.0,1
tless12,28,0,tless,12,obj_12,16,8,2,,proxy3c,tless/obj_000011,0,fp_solo_render,89.234,,7.43,0.0864,0.4434,21.2,1.3,solo,,,,40,16,0,2,1,0,1,14.9,"F,S",,3.4,2026-09-11T23:31:30,72.0,1
tless12,28,0,tless,12,obj_12,3,79,3,,proxy3c,tless/obj_000011,0,fp_solo_render,107.387,,4.84,0.0563,0.5728,13.2,1.3,solo,,,,40,10,0,5,0,0,0,0.0,"F,F,F,F,F",grasp_failed,3.5,2026-09-11T23:31:34,108.0,1
tless12,28,0,tless,12,obj_12,6,96,4,,proxy3c,tless/obj_000011,0,fp_solo_render,84.766,,5.62,0.0654,0.4741,15.5,1.3,solo,,,,40,14,0,2,1,0,1,5.6,"F,S",,3.5,2026-09-11T23:31:37,144.0,1
tless12,28,0,tless,12,obj_12,16,61,2,,proxy3c,tless/obj_000011,0,fp_solo_render,91.75,,7.2,0.0837,0.3986,19.7,1.3,solo,,,,40,8,0,5,1,0,1,14.8,"F,F,F,F,S",,3.8,2026-09-11T23:31:41,180.0,1
tless12,28,0,tless,12,obj_12,3,369,3,,proxy3c,tless/obj_000011,0,fp_solo_render,115.625,,16.76,0.1949,0.1871,37.3,1.3,solo,,,,40,10,0,5,0,0,0,0.0,"F,F,F,F,F",grasp_failed,3.4,2026-09-11T23:31:45,216.0,1
tless12,28,0,tless,12,obj_12,6,170,4,,proxy3c,tless/obj_000011,0,fp_solo_render,99.043,,7.01,0.0815,0.3912,19.0,1.3,solo,,,,40,10,0,5,0,0,0,0.0,"F,F,F,F,F",grasp_failed,3.6,2026-09-11T23:31:48,252.0,1
tless12,28,0,tless,12,obj_12,16,86,2,,proxy3c,tless/obj_000011,0,fp_solo_render,83.969,,4.41,0.0513,0.5978,11.2,1.3,solo,,,,40,13,0,5,1,0,1,14.6,"F,F,F,F,S",,3.9,2026-09-11T23:31:52,288.0,1
tless12,28,0,tless,12,obj_12,3,405,3,,proxy3c,tless/obj_000011,0,fp_solo_render,116.578,,12.63,0.1469,0.2612,30.7,1.3,solo,,,,40,9,0,5,0,0,0,0.0,"F,F,F,F,F",grasp_failed,3.5,2026-09-11T23:31:56,324.0,1
tless13,29,0,tless,13,obj_13,7,270,2,,proxy3c,tless/obj_000016,0,fp_solo_render,131.312,,5.62,0.0966,0.4013,13.2,1.3,solo,,,,40,11,0,1,1,1,1,14.8,S,,3.2,2026-09-11T23:32:00,0.0,1
tless13,29,0,tless,13,obj_13,16,96,3,,proxy3c,tless/obj_000016,0,fp_solo_render,124.297,,5.32,0.0915,0.4012,12.1,1.3,solo,,,,40,8,0,1,1,1,1,15.0,S,,3.2,2026-09-11T23:32:03,36.0,1
tless13,29,0,tless,13,obj_13,19,1,0,,proxy3c,tless/obj_000016,0,fp_solo_render,112.922,,6.33,0.1089,0.3579,15.3,1.3,solo,,,,40,9,0,1,1,1,1,15.2,S,,3.2,2026-09-11T23:32:06,72.0,1
tless13,29,0,tless,13,obj_13,7,413,2,,proxy3c,tless/obj_000016,0,fp_solo_render,135.438,,11.86,0.204,0.1179,29.9,1.3,solo,,,,40,15,0,5,0,0,0,0.0,"F,F,F,F,F",grasp_failed,3.2,2026-09-11T23:32:10,108.0,1
tless13,29,0,tless,13,obj_13,16,208,3,,proxy3c,tless/obj_000016,0,fp_solo_render,126.484,,4.48,0.077,0.473,9.2,1.3,solo,,,,40,9,0,2,1,0,1,14.6,"F,S",,3.3,2026-09-11T23:32:13,144.0,1
tless13,29,0,tless,13,obj_13,19,98,0,,proxy3c,tless/obj_000016,0,fp_solo_render,117.703,,6.33,0.1089,0.3671,15.2,1.3,solo,,,,40,6,0,3,1,0,1,14.6,"F,F,S",,3.3,2026-09-11T23:32:16,180.0,1
tless13,29,0,tless,13,obj_13,16,219,3,,proxy3c,tless/obj_000016,0,fp_solo_render,137.781,,6.11,0.1051,0.3537,14.5,1.3,solo,,,,40,12,0,1,1,1,1,14.7,S,,3.2,2026-09-11T23:32:20,216.0,1
tless13,29,0,tless,13,obj_13,19,109,0,,proxy3c,tless/obj_000016,0,fp_solo_render,114.57,,5.43,0.0934,0.4097,12.8,1.3,solo,,,,40,9,0,1,1,1,1,14.9,S,,3.2,2026-09-11T23:32:23,252.0,1
tless13,29,0,tless,13,obj_13,16,238,3,,proxy3c,tless/obj_000016,0,fp_solo_render,133.625,,7.69,0.1322,0.2572,18.2,1.3,solo,,,,40,5,0,1,1,1,1,15.0,S,,3.1,2026-09-11T23:32:26,288.0,1
tless13,29,0,tless,13,obj_13,19,115,0,,proxy3c,tless/obj_000016,0,fp_solo_render,115.641,,5.03,0.0866,0.4579,11.9,1.3,solo,,,,40,9,0,1,1,1,1,14.9,S,,3.2,2026-09-11T23:32:29,324.0,1
tless14,30,0,tless,14,obj_14,7,81,3,,proxy3c,tless/obj_000015,0,fp_solo_render,116.0,,6.28,0.0873,0.3831,14.5,1.3,solo,,,,28,7,0,3,1,0,1,14.8,"F,F,S",,3.0,2026-09-11T23:32:34,0.0,1
tless14,30,0,tless,14,obj_14,16,55,4,,proxy3c,tless/obj_000015,0,fp_solo_render,115.891,,8.19,0.1139,0.2874,19.1,1.3,solo,,,,28,11,0,3,1,0,1,14.9,"F,F,S",,3.0,2026-09-11T23:32:37,36.0,1
tless14,30,0,tless,14,obj_14,19,1,1,,proxy3c,tless/obj_000015,0,fp_solo_render,111.758,,6.18,0.0859,0.3894,14.5,1.3,solo,,,,28,5,0,2,1,0,1,14.5,"F,S",,2.8,2026-09-11T23:32:40,72.0,1
tless14,30,0,tless,14,obj_14,7,87,3,,proxy3c,tless/obj_000015,0,fp_solo_render,114.906,,6.0,0.0835,0.3909,13.9,1.3,solo,,,,28,9,0,2,1,0,1,14.8,"F,S",,2.9,2026-09-11T23:32:42,108.0,1
tless14,30,0,tless,14,obj_14,16,73,4,,proxy3c,tless/obj_000015,0,fp_solo_render,115.0,,5.95,0.0826,0.3735,13.8,1.3,solo,,,,28,9,0,1,1,1,1,14.7,S,,2.7,2026-09-11T23:32:46,144.0,1
tless14,30,0,tless,14,obj_14,19,47,1,,proxy3c,tless/obj_000015,0,fp_solo_render,112.773,,3.25,0.0452,0.6588,7.4,1.3,solo,,,,28,6,0,1,1,1,1,14.9,S,,2.7,2026-09-11T23:32:48,180.0,1
tless14,30,0,tless,14,obj_14,7,166,3,,proxy3c,tless/obj_000015,0,fp_solo_render,111.453,,5.09,0.0707,0.4455,12.3,1.3,solo,,,,28,8,0,1,1,1,1,14.8,S,,2.7,2026-09-11T23:32:51,216.0,1
tless14,30,0,tless,14,obj_14,16,126,4,,proxy3c,tless/obj_000015,0,fp_solo_render,116.016,,3.95,0.0549,0.5668,9.1,1.3,solo,,,,28,10,0,3,1,0,1,14.7,"F,F,S",,3.1,2026-09-11T23:32:54,252.0,1
tless14,30,0,tless,14,obj_14,19,74,1,,proxy3c,tless/obj_000015,0,fp_solo_render,110.078,,4.66,0.0648,0.4706,10.7,1.3,solo,,,,28,7,0,1,1,1,1,14.7,S,,2.7,2026-09-11T23:32:57,288.0,1
tless14,30,0,tless,14,obj_14,7,207,3,,proxy3c,tless/obj_000015,0,fp_solo_render,112.688,,2.74,0.0381,0.7109,5.4,1.3,solo,,,,28,9,0,1,1,1,1,14.6,S,,2.8,2026-09-11T23:33:00,324.0,1
tless15,31,0,tless,15,obj_15,7,3,4,,proxy3c,tless/obj_000016,0,fp_solo_render,100.802,,7.93,0.1157,0.3403,20.6,1.4,solo,,,,40,10,0,1,1,1,1,14.7,S,,3.2,2026-09-11T23:33:03,0.0,1
tless15,31,0,tless,15,obj_15,16,8,5,,proxy3c,tless/obj_000016,0,fp_solo_render,103.225,,8.25,0.1203,0.3266,21.3,1.4,solo,,,,40,10,0,2,1,0,1,15.1,"F,S",,3.2,2026-09-11T23:33:06,36.0,1
tless15,31,0,tless,15,obj_15,7,13,4,,proxy3c,tless/obj_000016,0,fp_solo_render,104.961,,7.52,0.1097,0.3487,19.5,1.4,solo,,,,40,9,0,1,1,1,1,14.9,S,,3.1,2026-09-11T23:33:10,72.0,1
tless15,31,0,tless,15,obj_15,16,14,5,,proxy3c,tless/obj_000016,0,fp_solo_render,103.676,,7.96,0.1161,0.3244,20.3,1.4,solo,,,,40,9,0,2,1,0,1,13.8,"F,S",,3.2,2026-09-11T23:33:13,108.0,1
tless15,31,0,tless,15,obj_15,7,21,4,,proxy3c,tless/obj_000016,0,fp_solo_render,106.461,,6.8,0.0991,0.367,17.3,1.4,solo,,,,40,8,0,1,1,1,1,14.8,S,,3.0,2026-09-11T23:33:16,144.0,1
tless15,31,0,tless,15,obj_15,16,20,5,,proxy3c,tless/obj_000016,0,fp_solo_render,101.599,,6.79,0.0991,0.3726,17.2,1.4,solo,,,,40,9,1,1,1,1,1,15.0,"B,S",,3.1,2026-09-11T23:33:19,180.0,1
tless15,31,0,tless,15,obj_15,7,30,4,,proxy3c,tless/obj_000016,0,fp_solo_render,104.34,,5.58,0.0814,0.4391,13.5,1.4,solo,,,,40,11,0,1,1,1,1,15.0,S,,3.1,2026-09-11T23:33:23,216.0,1
tless15,31,0,tless,15,obj_15,16,31,5,,proxy3c,tless/obj_000016,0,fp_solo_render,95.25,,5.53,0.0807,0.4481,13.5,1.4,solo,,,,40,11,0,1,1,1,1,14.1,S,,3.2,2026-09-11T23:33:26,252.0,1
tless15,31,0,tless,15,obj_15,7,39,4,,proxy3c,tless/obj_000016,0,fp_solo_render,100.762,,5.24,0.0764,0.4589,12.4,1.4,solo,,,,40,11,0,1,1,1,1,9.8,S,,3.0,2026-09-11T23:33:29,288.0,1
tless15,31,0,tless,15,obj_15,16,35,5,,proxy3c,tless/obj_000016,0,fp_solo_render,93.785,,5.47,0.0798,0.4491,13.2,1.4,solo,,,,40,11,0,1,1,1,1,6.5,S,,3.1,2026-09-11T23:33:32,324.0,1
tless16,32,0,tless,16,obj_16,7,3,5,,proxy3c,tless/obj_000017,0,fp_solo_render,143.719,,29.45,0.4256,0.0227,54.2,1.4,solo,,,,40,7,2,1,1,1,1,5.1,"B,B,S",,3.9,2026-09-11T23:33:36,0.0,1
tless16,32,0,tless,16,obj_16,16,8,6,,proxy3c,tless/obj_000017,0,fp_solo_render,143.406,,15.68,0.2267,0.1836,36.4,1.4,solo,,,,40,24,0,2,1,0,1,6.2,"F,S",,3.7,2026-09-11T23:33:40,36.0,1
tless16,32,0,tless,16,obj_16,19,1,3,,proxy3c,tless/obj_000017,0,fp_solo_render,141.5,,12.63,0.1826,0.1893,25.9,1.4,solo,,,,40,23,0,1,1,1,1,14.9,S,,3.5,2026-09-11T23:33:44,72.0,1
tless16,32,0,tless,16,obj_16,7,21,5,,proxy3c,tless/obj_000017,0,fp_solo_render,144.281,,15.42,0.2229,0.1651,33.9,1.4,solo,,,,40,16,0,2,1,0,1,13.8,"F,S",,3.7,2026-09-11T23:33:48,108.0,1
tless16,32,0,tless,16,obj_16,16,31,6,,proxy3c,tless/obj_000017,0,fp_solo_render,142.438,,13.71,0.1981,0.1822,28.7,1.4,solo,,,,40,22,0,1,1,1,1,14.8,S,,3.6,2026-09-11T23:33:51,144.0,1
tless16,32,0,tless,16,obj_16,19,17,4,,proxy3c,tless/obj_000017,0,fp_solo_render,143.688,,11.33,0.1638,0.232,21.1,1.4,solo,,,,40,14,0,1,1,1,1,14.9,S,,3.5,2026-09-11T23:33:55,180.0,1
tless16,32,0,tless,16,obj_16,7,39,5,,proxy3c,tless/obj_000017,0,fp_solo_render,144.219,,13.85,0.2002,0.1914,29.9,1.4,solo,,,,40,23,0,1,1,1,1,14.9,S,,3.5,2026-09-11T23:33:59,216.0,1
tless16,32,0,tless,16,obj_16,16,55,6,,proxy3c,tless/obj_000017,0,fp_solo_render,143.781,,16.0,0.2313,0.1642,35.1,1.4,solo,,,,40,21,0,1,1,1,1,8.7,S,,3.5,2026-09-11T23:34:02,252.0,1
tless16,32,0,tless,16,obj_16,19,47,3,,proxy3c,tless/obj_000017,0,fp_solo_render,137.969,,10.33,0.1493,0.2569,17.1,1.4,solo,,,,40,24,0,1,1,1,1,14.7,S,,3.5,2026-09-11T23:34:06,288.0,1
tless16,32,0,tless,16,obj_16,7,62,5,,proxy3c,tless/obj_000017,0,fp_solo_render,145.062,,12.52,0.1809,0.2137,25.2,1.4,solo,,,,40,26,0,5,0,0,0,0.0,"F,F,F,F,F",grasp_failed,3.8,2026-09-11T23:34:09,324.0,1
tless17,33,0,tless,17,obj_17,7,3,6,,proxy3c,itodd/obj_000027,0,fp_solo_render,130.344,,15.39,0.1364,0.2572,36.2,2.5,solo,,,,40,0,0,0,0,0,0,0.0,,unreachable,1.1,2026-09-11T23:34:14,0.0,1
tless17,33,0,tless,17,obj_17,16,8,7,,proxy3c,itodd/obj_000027,0,fp_solo_render,143.469,,16.37,0.145,0.1989,34.8,2.5,solo,,,,40,8,0,5,0,0,0,0.0,"F,F,F,F,F",grasp_failed,1.3,2026-09-11T23:34:15,36.0,1
tless17,33,0,tless,17,obj_17,19,1,5,,proxy3c,itodd/obj_000027,0,fp_solo_render,138.406,,12.47,0.1105,0.2813,24.8,2.5,solo,,,,40,13,0,3,1,0,1,14.7,"F,F,S",,1.3,2026-09-11T23:34:16,72.0,1
tless17,33,0,tless,17,obj_17,7,30,6,,proxy3c,itodd/obj_000027,0,fp_solo_render,124.828,,11.18,0.0991,0.2895,15.0,2.5,solo,,,,40,21,0,1,1,1,1,14.8,S,,1.3,2026-09-11T23:34:18,108.0,1
tless17,33,0,tless,17,obj_17,16,31,7,,proxy3c,itodd/obj_000027,0,fp_solo_render,130.922,,10.6,0.094,0.3107,11.3,2.5,solo,,,,40,6,0,1,1,1,1,14.7,S,,1.2,2026-09-11T23:34:19,144.0,1
tless17,33,0,tless,17,obj_17,19,33,5,,proxy3c,itodd/obj_000027,0,fp_solo_render,140.75,,15.6,0.1382,0.1883,30.3,2.5,solo,,,,40,16,0,1,1,1,1,15.1,S,,1.2,2026-09-11T23:34:20,180.0,1
tless17,33,0,tless,17,obj_17,7,62,6,,proxy3c,itodd/obj_000027,0,fp_solo_render,127.125,,15.87,0.1407,0.1451,23.6,2.5,solo,,,,40,12,0,1,1,1,1,11.9,S,,1.3,2026-09-11T23:34:22,216.0,1
tless17,33,0,tless,17,obj_17,16,55,7,,proxy3c,itodd/obj_000027,0,fp_solo_render,132.125,,11.87,0.1052,0.2751,20.9,2.5,solo,,,,40,8,0,1,1,1,1,15.0,S,,1.2,2026-09-11T23:34:23,252.0,1
tless17,33,0,tless,17,obj_17,19,55,5,,proxy3c,itodd/obj_000027,0,fp_solo_render,139.656,,15.37,0.1362,0.198,30.3,2.5,solo,,,,40,16,0,5,0,0,0,0.0,"F,F,F,F,F",grasp_failed,1.4,2026-09-11T23:34:24,288.0,1
tless17,33,0,tless,17,obj_17,7,81,6,,proxy3c,itodd/obj_000027,0,fp_solo_render,125.266,,11.27,0.0999,0.2915,15.1,2.5,solo,,,,40,19,0,3,1,0,1,14.7,"F,F,S",,1.3,2026-09-11T23:34:26,324.0,1
tless18,34,0,tless,18,obj_18,3,34,4,,proxy3c,tless/obj_000017,0,fp_solo_render,104.164,,4.66,0.042,0.6467,8.2,3.0,solo,,,,40,7,0,1,1,1,1,15.2,S,,3.4,2026-09-11T23:34:28,0.0,1
tless18,34,0,tless,18,obj_18,7,3,7,,proxy3c,tless/obj_000017,0,fp_solo_render,101.269,,7.58,0.0683,0.4508,21.8,3.0,solo,,,,40,5,0,1,1,1,1,15.4,S,,3.4,2026-09-11T23:34:31,36.0,1
tless18,34,0,tless,18,obj_18,19,6,6,,proxy3c,tless/obj_000017,0,fp_solo_render,96.502,,5.82,0.0524,0.5731,14.3,3.0,solo,,,,40,3,0,1,1,1,1,14.1,S,,3.4,2026-09-11T23:34:35,72.0,1
tless18,34,0,tless,18,obj_18,3,117,4,,proxy3c,tless/obj_000017,0,fp_solo_render,125.312,,4.52,0.0407,0.6873,10.4,3.0,solo,,,,40,4,3,1,0,0,0,0.0,"B,F,B,B",grasp_failed,3.6,2026-09-11T23:34:38,108.0,1
tless18,34,0,tless,18,obj_18,7,21,7,,proxy3c,tless/obj_000017,0,fp_solo_render,97.535,,6.24,0.0563,0.5379,16.3,3.0,solo,,,,40,2,0,2,1,0,1,13.3,"F,S",,3.5,2026-09-11T23:34:42,144.0,1
tless18,34,0,tless,18,obj_18,19,42,6,,proxy3c,tless/obj_000017,0,fp_solo_render,117.969,,4.57,0.0412,0.6803,9.7,3.0,solo,,,,40,5,0,1,1,1,1,14.3,S,,3.4,2026-09-11T23:34:45,180.0,1
tless18,34,0,tless,18,obj_18,3,144,4,,proxy3c,tless/obj_000017,0,fp_solo_render,120.531,,5.05,0.0455,0.6217,13.5,3.0,solo,,,,40,4,0,1,1,1,1,14.8,S,,3.4,2026-09-11T23:34:49,216.0,1
tless18,34,0,tless,18,obj_18,7,39,7,,proxy3c,tless/obj_000017,0,fp_solo_render,92.23,,6.01,0.0541,0.5568,15.1,3.0,solo,,,,40,11,0,2,1,0,1,14.0,"F,S",,3.7,2026-09-11T23:34:52,252.0,1
tless18,34,0,tless,18,obj_18,19,74,6,,proxy3c,tless/obj_000017,0,fp_solo_render,124.328,,5.01,0.0451,0.6295,11.3,3.0,solo,,,,40,9,0,1,1,1,1,14.3,S,,3.5,2026-09-11T23:34:56,288.0,1
tless18,34,0,tless,18,obj_18,3,154,4,,proxy3c,tless/obj_000017,0,fp_solo_render,126.547,,5.61,0.0505,0.6018,12.3,3.0,solo,,,,40,16,1,4,1,0,1,14.6,"F,B,F,F,S",,3.7,2026-09-11T23:35:00,324.0,1
tless19,35,0,tless,19,obj_19,8,25,0,,proxy3c,tless/obj_000020,0,fp_solo_render,88.742,,4.15,0.0466,0.6334,8.8,6.0,solo,,,,40,3,0,3,0,0,0,0.0,"F,F,F",grasp_failed,2.1,2026-09-11T23:35:04,0.0,1
tless19,35,0,tless,19,obj_19,10,103,0,,proxy3c,tless/obj_000020,0,fp_solo_render,80.094,,4.39,0.0493,0.5953,8.7,6.0,solo,,,,40,6,0,2,1,0,1,14.6,"F,S",,2.0,2026-09-11T23:35:06,36.0,1
tless19,35,0,tless,19,obj_19,13,144,0,,proxy3c,tless/obj_000020,0,fp_solo_render,92.035,,7.75,0.087,0.3568,22.9,6.2,solo,,,,40,3,0,3,0,0,0,0.0,"F,F,F",grasp_failed,2.0,2026-09-11T23:35:08,72.0,1
tless19,35,0,tless,19,obj_19,14,74,0,,proxy3c,tless/obj_000020,0,fp_solo_render,110.961,,4.87,0.0547,0.5593,12.9,6.2,solo,,,,40,7,0,5,1,0,1,14.3,"F,F,F,F,S",,2.1,2026-09-11T23:35:10,108.0,1
tless19,35,0,tless,19,obj_19,8,46,0,,proxy3c,tless/obj_000020,0,fp_solo_render,91.57,,3.74,0.042,0.6467,5.7,6.0,solo,,,,40,5,0,2,1,0,1,13.5,"F,S",,2.1,2026-09-11T23:35:12,144.0,1
tless19,35,0,tless,19,obj_19,10,136,0,,proxy3c,tless/obj_000020,0,fp_solo_render,95.016,,5.44,0.0611,0.4676,12.3,6.0,solo,,,,40,7,0,1,1,1,1,14.6,S,,2.0,2026-09-11T23:35:15,180.0,1
tless19,35,0,tless,19,obj_19,13,172,0,,proxy3c,tless/obj_000020,0,fp_solo_render,101.069,,8.45,0.0949,0.3087,24.6,6.0,solo,,,,40,4,0,4,1,0,1,13.1,"F,F,F,S",,2.1,2026-09-11T23:35:17,216.0,1
tless19,35,0,tless,19,obj_19,14,143,0,,proxy3c,tless/obj_000020,0,fp_solo_render,76.375,,5.63,0.0632,0.4513,13.4,1.4,solo,,,,40,10,0,5,1,0,1,14.3,"F,F,F,F,S",,2.1,2026-09-11T23:35:19,252.0,1
tless19,35,0,tless,19,obj_19,8,92,0,,proxy3c,tless/obj_000020,0,fp_solo_render,84.922,,5.33,0.0599,0.5179,13.3,5.9,solo,,,,40,3,0,3,0,0,0,0.0,"F,F,F",grasp_failed,2.0,2026-09-11T23:35:21,288.0,1
tless19,35,0,tless,19,obj_19,10,176,0,,proxy3c,tless/obj_000020,0,fp_solo_render,92.062,,4.09,0.0459,0.6488,8.3,6.0,solo,,,,40,3,0,3,0,0,0,0.0,"F,F,F",grasp_failed,2.0,2026-09-11T23:35:23,324.0,1
tless20,36,0,tless,20,obj_20,8,144,1,,proxy3c,tless/obj_000019,0,fp_solo_render,88.562,,5.82,0.0588,0.4758,14.1,1.5,solo,,,,40,7,0,5,1,0,1,14.4,"F,F,F,F,S",,2.4,2026-09-11T23:35:26,0.0,1
tless20,36,0,tless,20,obj_20,10,103,1,,proxy3c,tless/obj_000019,0,fp_solo_render,71.922,,3.96,0.04,0.7188,10.0,2.7,solo,,,,40,12,0,4,1,0,1,14.7,"F,F,F,S",,2.2,2026-09-11T23:35:28,36.0,1
tless20,36,0,tless,20,obj_20,13,2,1,,proxy3c,tless/obj_000019,0,fp_solo_render,79.641,,12.61,0.1275,0.3003,36.5,1.8,solo,,,,40,13,1,3,1,0,1,14.8,"F,B,F,S",,2.2,2026-09-11T23:35:30,72.0,1
tless20,36,0,tless,20,obj_20,14,132,1,,proxy3c,tless/obj_000019,0,fp_solo_render,77.969,,3.76,0.0381,0.8271,10.4,3.7,solo,,,,40,13,0,1,1,1,1,15.0,S,,2.0,2026-09-11T23:35:33,108.0,1
tless20,36,0,tless,20,obj_20,8,165,1,,proxy3c,tless/obj_000019,0,fp_solo_render,73.984,,7.66,0.0775,0.4667,23.3,7.4,solo,,,,40,8,0,4,1,0,1,14.5,"F,F,F,S",,2.0,2026-09-11T23:35:35,144.0,1
tless20,36,0,tless,20,obj_20,10,136,1,,proxy3c,tless/obj_000019,0,fp_solo_render,75.141,,4.74,0.048,0.613,12.0,1.8,solo,,,,40,8,0,1,1,1,1,7.9,S,,2.0,2026-09-11T23:35:37,180.0,1
tless20,36,0,tless,20,obj_20,13,55,2,,proxy3c,tless/obj_000019,0,fp_solo_render,75.562,,10.32,0.1043,0.3028,29.6,1.6,solo,,,,40,11,0,1,1,1,1,7.0,S,,1.9,2026-09-11T23:35:39,216.0,1
tless20,36,0,tless,20,obj_20,14,147,1,,proxy3c,tless/obj_000019,0,fp_solo_render,82.031,,3.52,0.0356,0.7413,7.4,2.5,solo,,,,40,11,0,1,1,1,1,5.9,S,,2.0,2026-09-11T23:35:41,252.0,1
tless20,36,0,tless,20,obj_20,8,178,1,,proxy3c,tless/obj_000019,0,fp_solo_render,79.453,,6.37,0.0644,0.4797,17.7,1.7,solo,,,,40,8,0,4,1,0,1,14.9,"F,F,F,S",,2.2,2026-09-11T23:35:43,288.0,1
tless20,36,0,tless,20,obj_20,10,145,1,,proxy3c,tless/obj_000019,0,fp_solo_render,61.938,,3.49,0.0353,0.7833,6.6,2.2,solo,,,,40,12,0,4,1,0,1,14.7,"F,F,F,S",,2.3,2026-09-11T23:35:45,324.0,1
tless21,37,0,tless,21,obj_21,8,1,2,,proxy3c,tless/obj_000022,0,fp_solo_render,23.375,,4.46,0.0483,0.5715,12.3,1.4,solo,,,,39,8,0,4,1,0,1,13.9,"F,F,F,S",,3.5,2026-09-11T23:35:48,0.0,1
tless21,37,0,tless,21,obj_21,10,20,2,,proxy3c,tless/obj_000022,0,fp_solo_render,28.062,,5.88,0.0638,0.4769,18.3,1.7,solo,,,,39,7,0,2,1,0,1,14.6,"F,S",,3.4,2026-09-11T23:35:52,36.0,1
tless21,37,0,tless,21,obj_21,13,2,3,,proxy3c,tless/obj_000022,0,fp_solo_render,24.812,,12.1,0.1311,0.2692,34.9,1.4,solo,,,,39,8,0,1,1,1,1,14.8,S,,3.3,2026-09-11T23:35:55,72.0,1
tless21,37,0,tless,21,obj_21,8,115,2,,proxy3c,tless/obj_000022,0,fp_solo_render,15.312,,3.1,0.0336,0.8057,8.4,1.7,solo,,,,39,12,0,2,1,0,1,14.4,"F,S",,3.4,2026-09-11T23:35:59,108.0,1
tless21,37,0,tless,21,obj_21,10,54,2,,proxy3c,tless/obj_000022,0,fp_solo_render,36.625,,6.71,0.0727,0.4363,19.9,1.4,solo,,,,39,11,0,2,1,0,1,15.0,"F,S",,3.4,2026-09-11T23:36:02,144.0,1
tless21,37,0,tless,21,obj_21,13,20,3,,proxy3c,tless/obj_000022,0,fp_solo_render,35.812,,10.22,0.1108,0.3087,30.2,1.4,solo,,,,39,10,0,1,1,1,1,14.9,S,,3.3,2026-09-11T23:36:06,180.0,1
tless21,37,0,tless,21,obj_21,8,144,2,,proxy3c,tless/obj_000022,0,fp_solo_render,47.906,,4.24,0.0459,0.5917,12.8,1.8,solo,,,,39,12,0,2,1,0,1,14.8,"F,S",,3.3,2026-09-11T23:36:09,216.0,1
tless21,37,0,tless,21,obj_21,10,103,2,,proxy3c,tless/obj_000022,0,fp_solo_render,32.0,,3.26,0.0353,0.7986,9.1,1.4,solo,,,,39,12,0,1,1,1,1,13.8,S,,3.4,2026-09-11T23:36:12,252.0,1
tless21,37,0,tless,21,obj_21,13,32,3,,proxy3c,tless/obj_000022,0,fp_solo_render,43.938,,9.37,0.1015,0.3584,26.3,1.4,solo,,,,39,11,0,5,0,0,0,0.0,"F,F,F,F,F",grasp_failed,3.6,2026-09-11T23:36:16,288.0,1
tless21,37,0,tless,21,obj_21,8,194,2,,proxy3c,tless/obj_000022,0,fp_solo_render,34.812,,5.01,0.0543,0.5001,13.4,1.4,solo,,,,39,11,0,2,1,0,1,14.7,"F,S",,3.4,2026-09-11T23:36:20,324.0,1
tless22,38,0,tless,22,obj_22,8,58,3,,proxy3c,tless/obj_000021,0,fp_solo_render,57.906,,3.74,0.0405,0.6764,8.7,1.4,solo,,,,40,15,0,2,1,0,1,14.3,"F,S",,3.5,2026-09-11T23:36:24,0.0,1
tless22,38,0,tless,22,obj_22,10,5,3,,proxy3c,tless/obj_000021,0,fp_solo_render,25.438,,7.47,0.081,0.3825,23.1,1.4,solo,,,,40,8,0,2,1,0,1,6.1,"F,S",,3.4,2026-09-11T23:36:27,36.0,1
tless22,38,0,tless,22,obj_22,14,2,3,,proxy3c,tless/obj_000021,0,fp_solo_render,64.5,,7.57,0.0821,0.4285,21.6,1.4,solo,,,,40,13,0,5,1,0,1,10.7,"F,F,F,F,S",,3.6,2026-09-11T23:36:31,72.0,1
tless22,38,0,tless,22,obj_22,8,136,3,,proxy3c,tless/obj_000021,0,fp_solo_render,41.094,,3.1,0.0336,0.7545,7.2,1.4,solo,,,,40,12,0,2,1,0,1,14.7,"F,S",,3.5,2026-09-11T23:36:34,108.0,1
tless22,38,0,tless,22,obj_22,10,29,3,,proxy3c,tless/obj_000021,0,fp_solo_render,20.875,,5.17,0.0561,0.4969,16.4,1.4,solo,,,,40,7,0,2,1,0,1,5.8,"F,S",,3.5,2026-09-11T23:36:38,144.0,1
tless22,38,0,tless,22,obj_22,14,34,3,,proxy3c,tless/obj_000021,0,fp_solo_render,34.75,,5.27,0.0571,0.4903,16.4,1.4,solo,,,,40,9,0,2,1,0,1,5.2,"F,S",,3.5,2026-09-11T23:36:42,180.0,1
tless22,38,0,tless,22,obj_22,8,165,3,,proxy3c,tless/obj_000021,0,fp_solo_render,73.984,,6.73,0.0729,0.4328,18.0,1.4,solo,,,,40,15,0,2,1,0,1,6.7,"F,S",,3.4,2026-09-11T23:36:45,216.0,1
tless22,38,0,tless,22,obj_22,10,65,3,,proxy3c,tless/obj_000021,0,fp_solo_render,14.25,,7.61,0.0825,0.3965,22.9,1.4,solo,,,,40,13,1,2,1,0,1,14.6,"F,B,S",,3.7,2026-09-11T23:36:49,252.0,1
tless22,38,0,tless,22,obj_22,14,65,3,,proxy3c,tless/obj_000021,0,fp_solo_render,31.375,,6.72,0.0729,0.4138,21.8,1.4,solo,,,,40,11,0,2,1,0,1,6.2,"F,S",,3.7,2026-09-11T23:36:53,288.0,1
tless22,38,0,tless,22,obj_22,8,207,3,,proxy3c,tless/obj_000021,0,fp_solo_render,37.75,,4.39,0.0476,0.5677,12.2,1.4,solo,,,,40,12,0,5,0,0,0,0.0,"F,F,F,F,F",grasp_failed,3.5,2026-09-11T23:36:56,324.0,1
tless23,39,0,tless,23,obj_23,8,1,4,,proxy3c,tless/obj_000020,0,fp_solo_render,87.461,,6.61,0.0463,0.7289,12.9,1.5,solo,,,,40,4,0,1,1,1,1,14.9,S,,2.0,2026-09-11T23:37:00,0.0,1
tless23,39,0,tless,23,obj_23,10,29,4,,proxy3c,tless/obj_000020,0,fp_solo_render,102.018,,8.7,0.061,0.5111,16.1,1.5,solo,,,,40,5,0,1,1,1,1,14.8,S,,2.1,2026-09-11T23:37:02,36.0,1
tless23,39,0,tless,23,obj_23,13,124,5,,proxy3c,tless/obj_000020,0,fp_solo_render,107.719,,9.24,0.0648,0.4976,22.2,1.5,solo,,,,40,9,0,5,0,0,0,0.0,"F,F,F,F,F",grasp_failed,2.3,2026-09-11T23:37:04,72.0,1
tless23,39,0,tless,23,obj_23,14,143,5,,proxy3c,tless/obj_000020,0,fp_solo_render,103.461,,7.13,0.05,0.6738,14.7,1.5,solo,,,,40,10,0,4,1,0,1,14.6,"F,F,F,S",,2.4,2026-09-11T23:37:06,108.0,1
tless23,39,0,tless,23,obj_23,8,18,4,,proxy3c,tless/obj_000020,0,fp_solo_render,94.855,,6.4,0.0449,0.6884,10.3,1.5,solo,,,,40,8,0,2,1,0,1,14.5,"F,S",,2.1,2026-09-11T23:37:09,144.0,1
tless23,39,0,tless,23,obj_23,10,35,4,,proxy3c,tless/obj_000020,0,fp_solo_render,106.426,,7.35,0.0515,0.6918,17.1,1.5,solo,,,,40,7,0,2,1,0,1,14.9,"F,S",,2.1,2026-09-11T23:37:11,180.0,1
tless23,39,0,tless,23,obj_23,13,213,5,,proxy3c,tless/obj_000020,0,fp_solo_render,91.867,,10.18,0.0714,0.5167,24.7,1.5,solo,,,,40,5,0,1,1,1,1,14.7,S,,2.0,2026-09-11T23:37:13,216.0,1
tless23,39,0,tless,23,obj_23,14,147,5,,proxy3c,tless/obj_000020,0,fp_solo_render,127.516,,15.11,0.106,0.326,32.5,1.5,solo,,,,40,8,1,4,1,0,1,9.5,"F,B,F,F,S",,2.5,2026-09-11T23:37:15,252.0,1
tless23,39,0,tless,23,obj_23,8,34,4,,proxy3c,tless/obj_000020,0,fp_solo_render,94.188,,5.41,0.038,0.7912,7.8,1.5,solo,,,,40,5,0,4,1,0,1,14.6,"F,F,F,S",,2.3,2026-09-11T23:37:18,288.0,1
tless23,39,0,tless,23,obj_23,10,71,4,,proxy3c,tless/obj_000020,0,fp_solo_render,96.027,,8.44,0.0592,0.6287,21.9,1.5,solo,,,,40,5,0,1,1,1,1,14.9,S,,2.1,2026-09-11T23:37:20,324.0,1
tless24,40,0,tless,24,obj_24,8,84,5,,proxy3c,tless/obj_000004,0,fp_solo_render,127.922,,6.75,0.0797,0.3334,13.6,1.4,solo,,,,40,8,0,1,1,1,1,14.8,S,,1.6,2026-09-11T23:37:23,0.0,1
tless24,40,0,tless,24,obj_24,10,5,5,,proxy3c,tless/obj_000004,0,fp_solo_render,117.938,,12.84,0.1516,0.1942,25.5,1.4,solo,,,,40,11,0,1,1,1,1,14.6,S,,1.6,2026-09-11T23:37:25,36.0,1
tless24,40,0,tless,24,obj_24,14,147,6,,proxy3c,tless/obj_000004,0,fp_solo_render,132.188,,5.88,0.0694,0.4,11.9,1.4,solo,,,,40,19,0,1,1,1,1,5.5,S,,1.7,2026-09-11T23:37:26,72.0,1
tless24,40,0,tless,24,obj_24,19,161,7,,proxy3c,tless/obj_000004,0,fp_solo_render,124.797,,7.79,0.0919,0.2843,15.4,1.4,solo,,,,40,4,0,2,1,0,1,14.6,"F,S",,1.6,2026-09-11T23:37:28,108.0,1
tless24,40,0,tless,24,obj_24,8,100,5,,proxy3c,tless/obj_000004,0,fp_solo_render,125.359,,6.07,0.0717,0.3811,11.6,1.4,solo,,,,40,12,0,1,1,1,1,14.6,S,,1.6,2026-09-11T23:37:30,144.0,1
tless24,40,0,tless,24,obj_24,10,13,5,,proxy3c,tless/obj_000004,0,fp_solo_render,120.188,,9.81,0.1158,0.2344,20.3,1.4,solo,,,,40,9,0,1,1,1,1,14.7,S,,1.6,2026-09-11T23:37:32,180.0,1
tless24,40,0,tless,24,obj_24,14,166,6,,proxy3c,tless/obj_000004,0,fp_solo_render,129.547,,4.78,0.0564,0.4819,7.6,1.4,solo,,,,40,9,0,1,1,1,1,14.6,S,,1.6,2026-09-11T23:37:33,216.0,1
tless24,40,0,tless,24,obj_24,19,225,7,,proxy3c,tless/obj_000004,0,fp_solo_render,128.75,,8.97,0.1059,0.257,19.2,1.4,solo,,,,40,12,0,1,1,1,1,14.7,S,,1.6,2026-09-11T23:37:35,252.0,1
tless24,40,0,tless,24,obj_24,8,136,5,,proxy3c,tless/obj_000004,0,fp_solo_render,130.719,,4.93,0.0581,0.4889,9.7,1.4,solo,,,,40,16,0,1,1,1,1,14.8,S,,1.6,2026-09-11T23:37:37,288.0,1
tless24,40,0,tless,24,obj_24,10,20,5,,proxy3c,tless/obj_000004,0,fp_solo_render,116.734,,11.62,0.1372,0.1922,27.2,1.4,solo,,,,40,13,0,3,1,0,1,14.2,"F,F,S",,1.9,2026-09-11T23:37:38,324.0,1
tless25,41,0,tless,25,obj_25,1,17,1,,proxy3c,tless/obj_000026,0,fp_solo_render,41.438,,5.34,0.049,0.6501,15.3,1.5,solo,,,,40,16,0,2,1,0,1,14.8,"F,S",,2.2,2026-09-11T23:37:40,0.0,1
tless25,41,0,tless,25,obj_25,15,392,0,,proxy3c,tless/obj_000026,0,fp_solo_render,42.344,,12.41,0.114,0.2799,26.9,1.5,solo,,,,40,18,0,4,1,0,1,14.6,"F,F,F,S",,2.3,2026-09-11T23:37:43,36.0,1
tless25,41,0,tless,25,obj_25,1,89,1,,proxy3c,tless/obj_000026,0,fp_solo_render,61.406,,4.99,0.0459,0.6027,11.8,1.5,solo,,,,40,1,0,1,0,0,0,0.0,F,grasp_failed,2.1,2026-09-11T23:37:45,72.0,1
tless25,41,0,tless,25,obj_25,15,445,0,,proxy3c,tless/obj_000026,0,fp_solo_render,53.156,,14.72,0.1353,0.2503,31.9,1.5,solo,,,,40,9,0,5,0,0,0,0.0,"F,F,F,F,F",grasp_failed,2.2,2026-09-11T23:37:47,108.0,1
tless25,41,0,tless,25,obj_25,1,101,1,,proxy3c,tless/obj_000026,0,fp_solo_render,61.531,,4.79,0.0441,0.6495,10.6,1.5,solo,,,,40,1,0,1,0,0,0,0.0,F,grasp_failed,2.1,2026-09-11T23:37:50,144.0,1
tless25,41,0,tless,25,obj_25,1,127,1,,proxy3c,tless/obj_000026,0,fp_solo_render,42.0,,2.47,0.0227,0.9708,5.5,1.5,solo,,,,40,11,0,1,1,1,1,14.9,S,,2.1,2026-09-11T23:37:52,180.0,1
tless25,41,0,tless,25,obj_25,1,157,1,,proxy3c,tless/obj_000026,0,fp_solo_render,41.875,,7.62,0.0701,0.3722,17.1,1.5,solo,,,,40,10,0,1,1,1,1,14.9,S,,2.2,2026-09-11T23:37:54,216.0,1
tless25,41,0,tless,25,obj_25,1,176,1,,proxy3c,tless/obj_000026,0,fp_solo_render,42.312,,8.21,0.0754,0.2499,16.9,1.5,solo,,,,40,9,0,1,1,1,1,14.8,S,,2.2,2026-09-11T23:37:56,252.0,1
tless25,41,0,tless,25,obj_25,1,197,1,,proxy3c,tless/obj_000026,0,fp_solo_render,60.219,,4.84,0.0445,0.5694,11.1,1.5,solo,,,,40,8,0,1,1,1,1,14.5,S,,2.2,2026-09-11T23:37:58,288.0,1
tless25,41,0,tless,25,obj_25,1,230,1,,proxy3c,tless/obj_000026,0,fp_solo_render,44.938,,11.14,0.1024,0.1914,24.0,1.5,solo,,,,40,11,0,1,1,1,1,14.7,S,,2.2,2026-09-11T23:38:01,324.0,1
tless26,42,0,tless,26,obj_26,4,331,2,,proxy3c,tless/obj_000025,0,fp_solo_render,50.031,,12.63,0.1161,0.1799,27.9,1.5,solo,,,,40,19,0,5,0,0,0,0.0,"F,F,F,F,F",grasp_failed,2.4,2026-09-11T23:38:03,0.0,1
tless26,42,0,tless,26,obj_26,15,28,1,,proxy3c,tless/obj_000025,0,fp_solo_render,51.438,,7.62,0.07,0.3954,17.0,1.5,solo,,,,40,5,0,1,1,1,1,14.9,S,,2.2,2026-09-11T23:38:05,36.0,1
tless26,42,0,tless,26,obj_26,4,455,2,,proxy3c,tless/obj_000025,0,fp_solo_render,62.156,,19.29,0.1773,0.177,41.4,1.5,solo,,,,40,6,0,5,0,0,0,0.0,"F,F,F,F,F",grasp_failed,2.3,2026-09-11T23:38:08,72.0,1
tless26,42,0,tless,26,obj_26,15,40,1,,proxy3c,tless/obj_000025,0,fp_solo_render,52.781,,7.08,0.0651,0.4365,15.6,1.5,solo,,,,40,12,0,1,1,1,1,14.8,S,,2.2,2026-09-11T23:38:10,108.0,1
tless26,42,0,tless,26,obj_26,4,479,2,,proxy3c,tless/obj_000025,0,fp_solo_render,37.844,,16.38,0.1505,0.221,36.0,1.5,solo,,,,40,15,0,5,0,0,0,0.0,"F,F,F,F,F",grasp_failed,2.3,2026-09-11T23:38:13,144.0,1
tless26,42,0,tless,26,obj_26,15,103,1,,proxy3c,tless/obj_000025,0,fp_solo_render,63.719,,3.81,0.035,0.7381,8.1,1.5,solo,,,,40,8,0,1,1,1,1,14.9,S,,2.2,2026-09-11T23:38:15,180.0,1
tless26,42,0,tless,26,obj_26,4,497,2,,proxy3c,tless/obj_000025,0,fp_solo_render,39.0,,17.71,0.1628,0.2097,38.8,1.5,solo,,,,40,13,0,5,0,0,0,0.0,"F,F,F,F,F",grasp_failed,2.3,2026-09-11T23:38:17,216.0,1
tless26,42,0,tless,26,obj_26,15,159,1,,proxy3c,tless/obj_000025,0,fp_solo_render,47.156,,4.84,0.0445,0.6469,11.6,1.5,solo,,,,40,14,0,1,1,1,1,14.8,S,,2.2,2026-09-11T23:38:20,252.0,1
tless26,42,0,tless,26,obj_26,15,175,1,,proxy3c,tless/obj_000025,0,fp_solo_render,48.469,,4.42,0.0407,0.7006,10.3,1.5,solo,,,,40,15,0,1,1,1,1,14.8,S,,2.2,2026-09-11T23:38:22,288.0,1
tless26,42,0,tless,26,obj_26,15,183,1,,proxy3c,tless/obj_000025,0,fp_solo_render,47.062,,3.46,0.0318,0.762,8.0,1.5,solo,,,,40,14,0,1,1,1,1,14.9,S,,2.2,2026-09-11T23:38:24,324.0,1
tless27,43,0,tless,27,obj_27,5,7,4,,proxy3c,tless/obj_000020,0,fp_solo_render,116.391,,18.87,0.1238,0.3375,47.1,1.4,solo,,,,40,10,4,5,0,0,0,0.0,"F,F,F,F,B,B,B,B,F",grasp_failed,2.5,2026-09-11T23:38:27,0.0,1
tless27,43,0,tless,27,obj_27,15,190,2,,proxy3c,tless/obj_000020,0,fp_solo_render,128.609,,15.39,0.1009,0.3633,32.8,1.4,solo,,,,40,1,0,1,0,0,0,0.0,F,grasp_failed,2.0,2026-09-11T23:38:29,36.0,1
tless27,43,0,tless,27,obj_27,5,20,4,,proxy3c,tless/obj_000020,0,fp_solo_render,127.641,,16.35,0.1072,0.404,38.5,1.4,solo,,,,40,13,0,5,0,0,0,0.0,"F,F,F,F,F",grasp_failed,2.3,2026-09-11T23:38:31,72.0,1
tless27,43,0,tless,27,obj_27,5,31,4,,proxy3c,tless/obj_000020,0,fp_solo_render,121.375,,17.62,0.1155,0.3356,31.1,1.4,solo,,,,40,10,0,2,1,0,1,8.8,"F,S",,2.2,2026-09-11T23:38:33,108.0,1
tless27,43,0,tless,27,obj_27,5,64,4,,proxy3c,tless/obj_000020,0,fp_solo_render,125.797,,16.8,0.1102,0.3549,40.3,1.4,solo,,,,40,0,0,0,0,0,0,0.0,,unreachable,1.9,2026-09-11T23:38:36,144.0,1
tless27,43,0,tless,27,obj_27,5,86,4,,proxy3c,tless/obj_000020,0,fp_solo_render,125.844,,15.21,0.0998,0.3789,31.9,1.4,solo,,,,40,16,1,4,1,0,1,6.5,"F,B,F,F,S",,2.3,2026-09-11T23:38:38,180.0,1
tless27,43,0,tless,27,obj_27,5,94,4,,proxy3c,tless/obj_000020,0,fp_solo_render,125.453,,17.39,0.114,0.3333,42.7,1.4,solo,,,,40,16,0,5,0,0,0,0.0,"F,F,F,F,F",grasp_failed,2.2,2026-09-11T23:38:40,216.0,1
tless27,43,0,tless,27,obj_27,5,100,4,,proxy3c,tless/obj_000020,0,fp_solo_render,124.625,,15.04,0.0986,0.363,29.4,1.4,solo,,,,40,8,0,1,1,1,1,12.1,S,,2.1,2026-09-11T23:38:42,252.0,1
tless27,43,0,tless,27,obj_27,5,171,4,,proxy3c,tless/obj_000020,0,fp_solo_render,125.0,,16.96,0.1112,0.3148,34.6,1.4,solo,,,,40,3,0,3,0,0,0,0.0,"F,F,F",grasp_failed,2.1,2026-09-11T23:38:45,288.0,1
tless27,43,0,tless,27,obj_27,5,247,4,,proxy3c,tless/obj_000020,0,fp_solo_render,126.219,,20.09,0.1317,0.2916,49.8,1.4,solo,,,,40,16,0,5,0,0,0,0.0,"F,F,F,F,F",grasp_failed,2.1,2026-09-11T23:38:47,324.0,1
tless28,44,0,tless,28,obj_28,4,104,3,,proxy3c,tless/obj_000020,0,fp_solo_render,120.953,,9.73,0.0779,0.3418,14.7,1.8,solo,,,,40,12,0,1,1,1,1,6.4,S,,2.2,2026-09-11T23:38:49,0.0,1
tless28,44,0,tless,28,obj_28,13,2,7,,proxy3c,tless/obj_000020,0,fp_solo_render,118.891,,21.96,0.176,0.1909,54.5,1.8,solo,,,,40,13,0,2,1,0,1,13.7,"F,S",,2.3,2026-09-11T23:38:51,36.0,1
tless28,44,0,tless,28,obj_28,15,12,3,,proxy3c,tless/obj_000020,0,fp_solo_render,120.844,,14.1,0.113,0.321,36.0,1.8,solo,,,,40,14,0,5,0,0,0,0.0,"F,F,F,F,F",grasp_failed,2.2,2026-09-11T23:38:54,72.0,1
tless28,44,0,tless,28,obj_28,4,166,3,,proxy3c,tless/obj_000020,0,fp_solo_render,124.672,,11.38,0.0912,0.3042,18.5,1.8,solo,,,,40,0,0,0,0,0,0,0.0,,unreachable,1.9,2026-09-11T23:38:56,108.0,1
tless28,44,0,tless,28,obj_28,13,20,7,,proxy3c,tless/obj_000020,0,fp_solo_render,112.289,,20.12,0.1613,0.1738,50.9,1.8,solo,,,,40,4,0,4,0,0,0,0.0,"F,F,F,F",grasp_failed,2.1,2026-09-11T23:38:58,144.0,1
tless28,44,0,tless,28,obj_28,15,18,3,,proxy3c,tless/obj_000020,0,fp_solo_render,122.797,,11.9,0.0954,0.2722,19.0,1.8,solo,,,,40,16,0,5,1,0,1,7.8,"F,F,F,F,S",,2.4,2026-09-11T23:39:00,180.0,1
tless28,44,0,tless,28,obj_28,4,215,3,,proxy3c,tless/obj_000020,0,fp_solo_render,120.594,,8.71,0.0698,0.4561,12.1,1.8,solo,,,,40,2,1,1,0,0,0,0.0,"B,F",grasp_failed,2.1,2026-09-11T23:39:03,216.0,1
tless28,44,0,tless,28,obj_28,13,69,7,,proxy3c,tless/obj_000020,0,fp_solo_render,118.547,,21.3,0.1707,0.1697,52.3,1.8,solo,,,,40,0,0,0,0,0,0,0.0,,unreachable,1.9,2026-09-11T23:39:05,252.0,1
tless28,44,0,tless,28,obj_28,15,53,3,,proxy3c,tless/obj_000020,0,fp_solo_render,127.625,,12.04,0.0965,0.3425,22.6,1.8,solo,,,,40,8,0,2,1,0,1,12.3,"F,S",,2.1,2026-09-11T23:39:07,288.0,1
tless28,44,0,tless,28,obj_28,4,230,3,,proxy3c,tless/obj_000020,0,fp_solo_render,121.344,,11.11,0.089,0.2609,17.6,1.8,solo,,,,40,8,0,2,1,0,1,14.3,"F,S",,2.1,2026-09-11T23:39:09,324.0,1
tless29,45,0,tless,29,obj_29,1,109,2,,proxy3c,tless/obj_000026,0,fp_solo_render,114.938,,7.53,0.0561,0.6055,13.9,1.6,solo,,,,40,8,0,1,1,1,1,8.8,S,,2.2,2026-09-11T23:39:11,0.0,1
tless29,45,0,tless,29,obj_29,15,1,4,,proxy3c,tless/obj_000026,0,fp_solo_render,114.445,,19.42,0.1447,0.1896,44.2,1.6,solo,,,,40,9,0,5,0,0,0,0.0,"F,F,F,F,F",grasp_failed,2.3,2026-09-11T23:39:14,36.0,1
tless29,45,0,tless,29,obj_29,1,176,2,,proxy3c,tless/obj_000026,0,fp_solo_render,111.367,,10.3,0.0768,0.4643,23.5,1.6,solo,,,,40,14,0,1,1,1,1,13.7,S,,2.2,2026-09-11T23:39:16,72.0,1
tless29,45,0,tless,29,obj_29,15,72,4,,proxy3c,tless/obj_000026,0,fp_solo_render,112.695,,10.26,0.0764,0.4387,14.5,1.6,solo,,,,40,2,0,2,1,0,1,6.2,"F,S",,2.2,2026-09-11T23:39:18,108.0,1
tless29,45,0,tless,29,obj_29,1,220,2,,proxy3c,tless/obj_000026,0,fp_solo_render,111.242,,14.65,0.1091,0.2633,32.4,1.6,solo,,,,40,6,0,5,0,0,0,0.0,"F,F,F,F,F",grasp_failed,2.3,2026-09-11T23:39:21,144.0,1
tless29,45,0,tless,29,obj_29,15,77,4,,proxy3c,tless/obj_000026,0,fp_solo_render,107.445,,17.21,0.1282,0.3105,41.4,1.6,solo,,,,40,9,0,5,0,0,0,0.0,"F,F,F,F,F",grasp_failed,2.2,2026-09-11T23:39:23,180.0,1
tless29,45,0,tless,29,obj_29,1,246,2,,proxy3c,tless/obj_000026,0,fp_solo_render,105.766,,19.1,0.1423,0.1682,43.3,1.6,solo,,,,40,1,0,1,0,0,0,0.0,F,grasp_failed,2.1,2026-09-11T23:39:25,216.0,1
tless29,45,0,tless,29,obj_29,15,126,4,,proxy3c,tless/obj_000026,0,fp_solo_render,109.0,,12.29,0.0916,0.5681,31.0,1.6,solo,,,,40,10,0,5,0,0,0,0.0,"F,F,F,F,F",grasp_failed,2.4,2026-09-11T23:39:28,252.0,1
tless29,45,0,tless,29,obj_29,1,273,2,,proxy3c,tless/obj_000026,0,fp_solo_render,122.016,,11.32,0.0844,0.3846,17.8,1.6,solo,,,,40,9,0,5,0,0,0,0.0,"F,F,F,F,F",grasp_failed,2.3,2026-09-11T23:39:30,288.0,1
tless29,45,0,tless,29,obj_29,15,190,4,,proxy3c,tless/obj_000026,0,fp_solo_render,111.023,,7.88,0.0587,0.6312,18.4,1.6,solo,,,,40,9,0,1,1,1,1,14.8,S,,2.2,2026-09-11T23:39:32,324.0,1
tless30,46,0,tless,30,obj_30,1,30,3,,proxy3c,gso/BIA_Porcelain_Ramekin_With_Glazed_Rim_35_45_oz_cup,1,fp_solo_render,113.039,,6.44,0.0725,0.5236,16.8,3.5,solo,,,,40,7,0,4,1,0,1,14.6,"F,F,F,S",,3.6,2026-09-11T23:39:35,0.0,1
tless30,46,0,tless,30,obj_30,15,28,5,,proxy3c,gso/BIA_Porcelain_Ramekin_With_Glazed_Rim_35_45_oz_cup,1,fp_solo_render,104.078,,9.28,0.1046,0.2795,22.3,3.7,solo,,,,40,8,0,1,1,1,1,15.0,S,,2.9,2026-09-11T23:39:39,36.0,1
tless30,46,0,tless,30,obj_30,19,55,8,,proxy3c,gso/BIA_Porcelain_Ramekin_With_Glazed_Rim_35_45_oz_cup,1,fp_solo_render,117.156,,6.04,0.0681,0.5051,13.6,3.6,solo,,,,40,16,0,1,1,1,1,14.7,S,,2.9,2026-09-11T23:39:42,72.0,1
tless30,46,0,tless,30,obj_30,1,89,3,,proxy3c,gso/BIA_Porcelain_Ramekin_With_Glazed_Rim_35_45_oz_cup,1,fp_solo_render,113.633,,6.71,0.0756,0.4025,9.2,3.6,solo,,,,40,15,0,2,1,0,1,14.4,"F,S",,2.9,2026-09-11T23:39:44,108.0,1
tless30,46,0,tless,30,obj_30,15,53,5,,proxy3c,gso/BIA_Porcelain_Ramekin_With_Glazed_Rim_35_45_oz_cup,1,fp_solo_render,93.355,,10.92,0.123,0.2546,25.6,3.7,solo,,,,40,4,2,2,0,0,0,0.0,"F,F,B,B",grasp_failed,3.0,2026-09-11T23:39:47,144.0,1
tless30,46,0,tless,30,obj_30,19,128,8,,proxy3c,gso/BIA_Porcelain_Ramekin_With_Glazed_Rim_35_45_oz_cup,1,fp_solo_render,105.547,,5.03,0.0567,0.5983,8.3,3.5,solo,,,,40,0,0,0,0,0,0,0.0,,unreachable,2.8,2026-09-11T23:39:51,180.0,1
tless30,46,0,tless,30,obj_30,1,101,3,,proxy3c,gso/BIA_Porcelain_Ramekin_With_Glazed_Rim_35_45_oz_cup,1,fp_solo_render,116.125,,6.64,0.0749,0.492,15.4,3.7,solo,,,,40,14,0,1,1,1,1,7.8,S,,2.9,2026-09-11T23:39:53,216.0,1
tless30,46,0,tless,30,obj_30,15,72,5,,proxy3c,gso/BIA_Porcelain_Ramekin_With_Glazed_Rim_35_45_oz_cup,1,fp_solo_render,101.332,,8.03,0.0905,0.4003,19.9,3.6,solo,,,,40,0,0,0,0,0,0,0.0,,unreachable,2.8,2026-09-11T23:39:56,252.0,1
tless30,46,0,tless,30,obj_30,19,150,8,,proxy3c,gso/BIA_Porcelain_Ramekin_With_Glazed_Rim_35_45_oz_cup,1,fp_solo_render,105.133,,7.44,0.0839,0.3079,12.3,3.6,solo,,,,40,0,0,0,0,0,0,0.0,,unreachable,2.8,2026-09-11T23:39:59,288.0,1
tless30,46,0,tless,30,obj_30,1,109,3,,proxy3c,gso/BIA_Porcelain_Ramekin_With_Glazed_Rim_35_45_oz_cup,1,fp_solo_render,128.219,,6.67,0.0752,0.512,17.6,3.7,solo,,,,40,18,0,1,1,1,1,13.9,S,,3.0,2026-09-11T23:40:02,324.0,1
lmo1,47,0,lmo,1,ape,2,79,0,,proxy3c,gso/Ortho_Forward_Facing,1,fp_solo_render,143.906,,44.54,0.4362,0.1143,88.5,2.3,solo,,,,40,4,2,2,0,0,0,0.0,"F,F,B,B",grasp_failed,4.4,2026-09-11T23:40:06,0.0,1
lmo1,47,0,lmo,1,ape,2,217,0,,proxy3c,gso/Ortho_Forward_Facing,1,fp_solo_render,136.281,,46.35,0.454,0.0912,92.0,2.3,solo,,,,40,2,0,2,0,0,0,0.0,"F,F",grasp_failed,3.7,2026-09-11T23:40:10,36.0,1
lmo1,47,0,lmo,1,ape,2,277,0,,proxy3c,gso/Ortho_Forward_Facing,1,fp_solo_render,139.438,,39.66,0.3885,0.1492,79.9,2.3,solo,,,,40,6,0,2,1,0,1,14.8,"F,S",,3.7,2026-09-11T23:40:14,72.0,1
lmo1,47,0,lmo,1,ape,2,326,0,,proxy3c,gso/Ortho_Forward_Facing,1,fp_solo_render,143.812,,42.16,0.413,0.1162,86.1,2.3,solo,,,,40,0,0,0,0,0,0,0.0,,unreachable,3.6,2026-09-11T23:40:18,108.0,1
lmo1,47,0,lmo,1,ape,2,480,0,,proxy3c,gso/Ortho_Forward_Facing,1,fp_solo_render,140.406,,42.92,0.4204,0.0993,90.4,2.3,solo,,,,40,13,0,1,1,1,1,7.4,S,,3.8,2026-09-11T23:40:22,144.0,1
lmo1,47,0,lmo,1,ape,2,607,0,,proxy3c,gso/Ortho_Forward_Facing,1,fp_solo_render,142.094,,49.45,0.4843,0.0598,100.4,2.3,solo,,,,40,3,0,3,0,0,0,0.0,"F,F,F",grasp_failed,3.7,2026-09-11T23:40:26,180.0,1
lmo1,47,0,lmo,1,ape,2,669,0,,proxy3c,gso/Ortho_Forward_Facing,1,fp_solo_render,145.875,,46.09,0.4514,0.0698,87.4,2.3,solo,,,,40,0,0,0,0,0,0,0.0,,unreachable,3.6,2026-09-11T23:40:29,216.0,1
lmo1,47,0,lmo,1,ape,2,739,0,,proxy3c,gso/Ortho_Forward_Facing,1,fp_solo_render,142.531,,44.84,0.4392,0.0799,82.2,2.3,solo,,,,40,0,0,0,0,0,0,0.0,,unreachable,3.5,2026-09-11T23:40:33,252.0,1
lmo1,47,0,lmo,1,ape,2,791,0,,proxy3c,gso/Ortho_Forward_Facing,1,fp_solo_render,141.75,,44.37,0.4346,0.0975,82.8,2.3,solo,,,,40,1,0,1,0,0,0,0.0,F,grasp_failed,3.6,2026-09-11T23:40:37,288.0,1
lmo1,47,0,lmo,1,ape,2,821,0,,proxy3c,gso/Ortho_Forward_Facing,1,fp_solo_render,140.406,,43.61,0.4271,0.0861,88.2,2.3,solo,,,,40,8,2,5,1,0,1,8.5,"F,F,F,B,F,B,S",,4.0,2026-09-11T23:40:41,324.0,1
lmo6,48,0,lmo,6,cat,2,36,2,,proxy3c,lmo/obj_000001,0,fp_solo_render,136.688,,16.16,0.1046,0.278,42.9,1.8,solo,,,,40,11,0,5,0,0,0,0.0,"F,F,F,F,F",grasp_failed,1.6,2026-09-11T23:40:45,0.0,1
lmo6,48,0,lmo,6,cat,2,64,1,,proxy3c,lmo/obj_000001,0,fp_solo_render,137.094,,19.12,0.1237,0.323,41.0,1.8,solo,,,,40,12,0,5,0,0,0,0.0,"F,F,F,F,F",grasp_failed,1.4,2026-09-11T23:40:47,36.0,1
lmo6,48,0,lmo,6,cat,2,124,2,,proxy3c,lmo/obj_000001,0,fp_solo_render,131.328,,18.24,0.118,0.2349,36.7,1.8,solo,,,,40,13,0,1,1,1,1,13.9,S,,1.4,2026-09-11T23:40:48,72.0,1
lmo6,48,0,lmo,6,cat,2,156,2,,proxy3c,lmo/obj_000001,0,fp_solo_render,134.938,,12.31,0.0797,0.4368,22.8,1.8,solo,,,,40,0,0,0,0,0,0,0.0,,unreachable,1.2,2026-09-11T23:40:50,108.0,1
lmo6,48,0,lmo,6,cat,2,243,2,,proxy3c,lmo/obj_000001,0,fp_solo_render,133.375,,19.52,0.1263,0.3379,47.6,1.8,solo,,,,40,10,0,5,0,0,0,0.0,"F,F,F,F,F",grasp_failed,1.4,2026-09-11T23:40:51,144.0,1
lmo6,48,0,lmo,6,cat,2,322,2,,proxy3c,lmo/obj_000001,0,fp_solo_render,137.781,,17.17,0.1111,0.4519,44.6,1.8,solo,,,,40,5,0,5,0,0,0,0.0,"F,F,F,F,F",grasp_failed,1.4,2026-09-11T23:40:53,180.0,1
lmo6,48,0,lmo,6,cat,2,415,2,,proxy3c,lmo/obj_000001,0,fp_solo_render,121.094,,26.76,0.1732,0.2013,49.1,1.8,solo,,,,40,0,0,0,0,0,0,0.0,,unreachable,1.2,2026-09-11T23:40:54,216.0,1
lmo6,48,0,lmo,6,cat,2,442,2,,proxy3c,lmo/obj_000001,0,fp_solo_render,136.406,,14.49,0.0938,0.4468,35.4,1.8,solo,,,,40,9,0,1,1,1,1,14.4,S,,1.3,2026-09-11T23:40:56,252.0,1
lmo6,48,0,lmo,6,cat,2,535,2,,proxy3c,lmo/obj_000001,0,fp_solo_render,130.109,,12.97,0.0839,0.4053,28.4,1.8,solo,,,,40,5,0,2,1,0,1,7.4,"F,S",,1.6,2026-09-11T23:40:57,288.0,1
lmo6,48,0,lmo,6,cat,2,652,2,,proxy3c,lmo/obj_000001,0,fp_solo_render,135.531,,16.58,0.1073,0.2976,27.0,1.8,solo,,,,40,14,0,2,1,0,1,14.8,"F,S",,1.4,2026-09-11T23:40:59,324.0,1
lmo8,49,0,lmo,8,driller,2,3,3,,proxy3c,ycbv/obj_000015,0,fp_solo_render,117.406,,9.66,0.0369,0.7145,16.7,13.7,solo,,,,40,2,0,2,0,0,0,0.0,"F,F",grasp_failed,2.4,2026-09-11T23:41:01,0.0,1
lmo8,49,0,lmo,8,driller,2,124,3,,proxy3c,ycbv/obj_000015,0,fp_solo_render,113.859,,7.43,0.0284,0.888,8.0,13.8,solo,,,,40,1,0,1,0,0,0,0.0,F,grasp_failed,2.3,2026-09-11T23:41:03,36.0,1
lmo8,49,0,lmo,8,driller,2,243,3,,proxy3c,ycbv/obj_000015,0,fp_solo_render,117.844,,7.99,0.0305,0.8682,9.8,13.7,solo,,,,40,0,0,0,0,0,0,0.0,,unreachable,2.3,2026-09-11T23:41:06,72.0,1
lmo8,49,0,lmo,8,driller,2,338,3,,proxy3c,ycbv/obj_000015,0,fp_solo_render,123.531,,8.09,0.0309,0.861,5.5,13.7,solo,,,,40,0,0,0,0,0,0,0.0,,unreachable,2.3,2026-09-11T23:41:08,108.0,1
lmo8,49,0,lmo,8,driller,2,438,3,,proxy3c,ycbv/obj_000015,0,fp_solo_render,125.203,,8.61,0.0329,0.7704,11.4,13.8,solo,,,,40,1,0,1,1,1,1,14.0,S,,2.4,2026-09-11T23:41:10,144.0,1
lmo8,49,0,lmo,8,driller,2,543,3,,proxy3c,ycbv/obj_000015,0,fp_solo_render,119.062,,11.87,0.0454,0.6069,13.5,13.7,solo,,,,40,23,0,5,0,0,0,0.0,"F,F,F,F,F",grasp_failed,2.5,2026-09-11T23:41:13,180.0,1
lmo8,49,0,lmo,8,driller,2,642,3,,proxy3c,ycbv/obj_000015,0,fp_solo_render,117.953,,30.76,0.1177,0.4477,36.2,13.8,solo,,,,40,5,2,3,0,0,0,0.0,"F,B,F,B,F",grasp_failed,2.6,2026-09-11T23:41:15,216.0,1
lmo8,49,0,lmo,8,driller,2,711,3,,proxy3c,ycbv/obj_000015,0,fp_solo_render,120.859,,9.61,0.0367,0.7407,21.5,13.7,solo,,,,40,4,0,1,1,1,1,6.2,S,,2.4,2026-09-11T23:41:18,252.0,1
lmo8,49,0,lmo,8,driller,2,775,3,,proxy3c,ycbv/obj_000015,0,fp_solo_render,112.203,,9.75,0.0373,0.7148,22.7,13.7,solo,,,,40,3,0,1,1,1,1,14.1,S,,2.4,2026-09-11T23:41:21,288.0,1
lmo8,49,0,lmo,8,driller,2,867,3,,proxy3c,ycbv/obj_000015,0,fp_solo_render,120.953,,8.72,0.0334,0.7907,16.1,13.8,solo,,,,40,3,1,2,0,0,0,0.0,"B,F,F",grasp_failed,2.4,2026-09-11T23:41:23,324.0,1
lmo9,50,0,lmo,9,duck,2,17,4,,proxy3c,housecat6d/teapot-wooden_color,1,fp_solo_render,135.0,,14.84,0.1362,0.2636,26.7,10.3,solo,,,,40,1,1,0,0,0,0,0.0,B,all_blocked,4.7,2026-09-11T23:41:26,0.0,1
lmo9,50,0,lmo,9,duck,2,65,4,,proxy3c,housecat6d/teapot-wooden_color,1,fp_solo_render,133.75,,13.74,0.1261,0.2957,7.7,10.2,solo,,,,40,3,1,2,0,0,0,0.0,"F,F,B",grasp_failed,4.0,2026-09-11T23:41:31,36.0,1
lmo9,50,0,lmo,9,duck,2,434,4,,proxy3c,housecat6d/teapot-wooden_color,1,fp_solo_render,135.625,,28.31,0.2597,0.1261,57.1,10.3,solo,,,,40,8,0,5,0,0,0,0.0,"F,F,F,F,F",grasp_failed,4.1,2026-09-11T23:41:35,72.0,1
lmo9,50,0,lmo,9,duck,2,503,4,,proxy3c,housecat6d/teapot-wooden_color,1,fp_solo_render,142.844,,29.57,0.2713,0.122,60.9,10.2,solo,,,,40,6,0,5,0,0,0,0.0,"F,F,F,F,F",grasp_failed,4.0,2026-09-11T23:41:40,108.0,1
lmo9,50,0,lmo,9,duck,2,611,4,,proxy3c,housecat6d/teapot-wooden_color,1,fp_solo_render,142.469,,17.79,0.1632,0.2279,30.7,10.2,solo,,,,40,1,0,1,1,1,1,14.2,S,,4.0,2026-09-11T23:41:44,144.0,1
lmo9,50,0,lmo,9,duck,2,740,4,,proxy3c,housecat6d/teapot-wooden_color,1,fp_solo_render,139.531,,17.15,0.1574,0.255,34.3,10.3,solo,,,,40,13,12,1,0,0,0,0.0,"F,B,B,B,B,B,B,B,B,B,B,B,B",grasp_failed,4.7,2026-09-11T23:41:48,180.0,1
lmo9,50,0,lmo,9,duck,2,803,4,,proxy3c,housecat6d/teapot-wooden_color,1,fp_solo_render,138.656,,19.58,0.1796,0.2272,38.5,10.2,solo,,,,40,1,0,1,0,0,0,0.0,F,grasp_failed,3.9,2026-09-11T23:41:53,216.0,1
lmo9,50,0,lmo,9,duck,2,850,4,,proxy3c,housecat6d/teapot-wooden_color,1,fp_solo_render,144.156,,18.21,0.167,0.2361,35.9,10.3,solo,,,,40,7,0,5,0,0,0,0.0,"F,F,F,F,F",grasp_failed,4.0,2026-09-11T23:41:57,252.0,1
lmo9,50,0,lmo,9,duck,2,886,4,,proxy3c,housecat6d/teapot-wooden_color,1,fp_solo_render,144.781,,17.21,0.1579,0.2441,32.4,10.2,solo,,,,40,12,0,5,0,0,0,0.0,"F,F,F,F,F",grasp_failed,4.0,2026-09-11T23:42:01,288.0,1
lmo9,50,0,lmo,9,duck,2,909,4,,proxy3c,housecat6d/teapot-wooden_color,1,fp_solo_render,139.188,,15.12,0.1388,0.2724,25.2,10.2,solo,,,,40,7,1,5,0,0,0,0.0,"F,F,B,F,F,F",grasp_failed,4.1,2026-09-11T23:42:05,324.0,1
lmo10,51,0,lmo,10,eggbox,2,58,5,,proxy3c,gso/Toysmith_Windem_Up_Flippin_Animals_Dog,1,fp_solo_render,129.016,,22.63,0.1375,0.104,17.6,2.0,solo,,,,40,14,1,1,1,1,1,10.0,"B,S",,3.5,2026-09-11T23:42:10,0.0,1
lmo10,51,0,lmo,10,eggbox,2,338,5,,proxy3c,gso/Toysmith_Windem_Up_Flippin_Animals_Dog,1,fp_solo_render,140.344,,21.07,0.128,0.1208,6.7,2.0,solo,,,,40,15,0,4,1,0,1,6.7,"F,F,F,S",,3.2,2026-09-11T23:42:13,36.0,1
lmo10,51,0,lmo,10,eggbox,2,521,5,,proxy3c,gso/Toysmith_Windem_Up_Flippin_Animals_Dog,1,fp_solo_render,141.062,,28.22,0.1714,0.1213,48.6,2.0,solo,,,,40,15,0,5,0,0,0,0.0,"F,F,F,F,F",grasp_failed,3.0,2026-09-11T23:42:16,72.0,1
lmo10,51,0,lmo,10,eggbox,2,737,4,,proxy3c,gso/Toysmith_Windem_Up_Flippin_Animals_Dog,1,fp_solo_render,141.594,,28.1,0.1707,0.1111,50.2,2.0,solo,,,,40,12,0,5,1,0,1,6.5,"F,F,F,F,S",,3.2,2026-09-11T23:42:20,108.0,1
lmo10,51,0,lmo,10,eggbox,2,762,5,,proxy3c,gso/Toysmith_Windem_Up_Flippin_Animals_Dog,1,fp_solo_render,156.5,,23.09,0.1402,0.0925,18.7,2.0,solo,,,,40,15,1,4,1,0,1,13.6,"F,F,F,B,S",,3.3,2026-09-11T23:42:23,144.0,1
lmo10,51,0,lmo,10,eggbox,2,773,5,,proxy3c,gso/Toysmith_Windem_Up_Flippin_Animals_Dog,1,fp_solo_render,149.938,,23.18,0.1408,0.1386,31.4,2.0,solo,,,,40,19,0,1,1,1,1,10.5,S,,3.0,2026-09-11T23:42:26,180.0,1
lmo10,51,0,lmo,10,eggbox,2,819,5,,proxy3c,gso/Toysmith_Windem_Up_Flippin_Animals_Dog,1,fp_solo_render,145.938,,23.13,0.1405,0.1418,30.8,2.0,solo,,,,40,15,0,1,1,1,1,11.8,S,,3.0,2026-09-11T23:42:29,216.0,1
lmo10,51,0,lmo,10,eggbox,2,886,5,,proxy3c,gso/Toysmith_Windem_Up_Flippin_Animals_Dog,1,fp_solo_render,147.625,,28.17,0.1711,0.1598,55.6,2.0,solo,,,,40,13,0,5,0,0,0,0.0,"F,F,F,F,F",grasp_failed,3.1,2026-09-11T23:42:32,252.0,1
lmo10,51,0,lmo,10,eggbox,2,1057,5,,proxy3c,gso/Toysmith_Windem_Up_Flippin_Animals_Dog,1,fp_solo_render,144.0,,22.2,0.1349,0.1567,31.4,2.0,solo,,,,40,13,0,2,1,0,1,14.5,"F,S",,3.1,2026-09-11T23:42:36,288.0,1
lmo10,51,0,lmo,10,eggbox,2,1103,5,,proxy3c,gso/Toysmith_Windem_Up_Flippin_Animals_Dog,1,fp_solo_render,144.281,,22.64,0.1375,0.0935,22.9,2.0,solo,,,,40,11,0,4,1,0,1,6.0,"F,F,F,S",,3.1,2026-09-11T23:42:39,324.0,1
lmo11,52,0,lmo,11,glue,2,61,6,,proxy3c,housecat6d/bottle-cleansing_lotion_small,1,fp_solo_render,131.922,,11.46,0.0651,0.4278,20.6,2.1,solo,,,,40,0,0,0,0,0,0,0.0,,unreachable,4.7,2026-09-11T23:42:42,0.0,1
lmo11,52,0,lmo,11,glue,2,417,6,,proxy3c,housecat6d/bottle-cleansing_lotion_small,1,fp_solo_render,126.219,,11.04,0.0628,0.5485,20.3,2.1,solo,,,,40,1,0,1,0,0,0,0.0,F,grasp_failed,3.9,2026-09-11T23:42:47,36.0,1
lmo11,52,0,lmo,11,glue,2,494,6,,proxy3c,housecat6d/bottle-cleansing_lotion_small,1,fp_solo_render,130.109,,11.33,0.0644,0.5089,22.1,2.1,solo,,,,40,6,0,5,0,0,0,0.0,"F,F,F,F,F",grasp_failed,4.1,2026-09-11T23:42:51,72.0,1
lmo11,52,0,lmo,11,glue,2,521,6,,proxy3c,housecat6d/bottle-cleansing_lotion_small,1,fp_solo_render,132.812,,11.94,0.0679,0.5025,20.9,2.1,solo,,,,40,8,0,5,0,0,0,0.0,"F,F,F,F,F",grasp_failed,4.0,2026-09-11T23:42:55,108.0,1
lmo11,52,0,lmo,11,glue,2,603,6,,proxy3c,housecat6d/bottle-cleansing_lotion_small,1,fp_solo_render,132.375,,10.67,0.0607,0.4733,14.8,2.1,solo,,,,40,3,3,0,0,0,0,0.0,"B,B,B",all_blocked,4.0,2026-09-11T23:43:00,144.0,1
lmo11,52,0,lmo,11,glue,2,727,5,,proxy3c,housecat6d/bottle-cleansing_lotion_small,1,fp_solo_render,113.117,,14.08,0.08,0.4093,28.6,2.1,solo,,,,40,2,2,0,0,0,0,0.0,"B,B",all_blocked,3.9,2026-09-11T23:43:04,180.0,1
lmo11,52,0,lmo,11,glue,2,757,5,,proxy3c,housecat6d/bottle-cleansing_lotion_small,1,fp_solo_render,117.234,,11.01,0.0626,0.522,20.4,2.1,solo,,,,40,2,2,0,0,0,0,0.0,"B,B",all_blocked,3.9,2026-09-11T23:43:08,216.0,1
lmo11,52,0,lmo,11,glue,2,801,6,,proxy3c,housecat6d/bottle-cleansing_lotion_small,1,fp_solo_render,133.125,,10.57,0.0601,0.5511,20.5,2.1,solo,,,,40,1,1,0,0,0,0,0.0,B,all_blocked,3.9,2026-09-11T23:43:12,252.0,1
lmo11,52,0,lmo,11,glue,2,821,6,,proxy3c,housecat6d/bottle-cleansing_lotion_small,1,fp_solo_render,120.656,,10.09,0.0573,0.5616,15.1,2.1,solo,,,,40,9,3,5,0,0,0,0.0,"F,F,F,B,F,B,B,F",grasp_failed,4.3,2026-09-11T23:43:16,288.0,1
lmo11,52,0,lmo,11,glue,2,856,6,,proxy3c,housecat6d/bottle-cleansing_lotion_small,1,fp_solo_render,128.281,,10.14,0.0576,0.4583,5.1,2.1,solo,,,,40,7,0,2,1,0,1,14.5,"F,S",,3.9,2026-09-11T23:43:20,324.0,1
